Ano,Mês,UF,Município,Código IBGE,Densidade,Nível Geográfico Densidade,periodo,alerta
2021,1,BA,Camaçari,2905701,13.180327437874,Municipio,202101,
2021,2,BA,Camaçari,2905701,12.419898653312,Municipio,202102,
2021,3,BA,Camaçari,2905701,12.525385965258,Municipio,202103,
2021,4,BA,Camaçari,2905701,13.229620574298,Municipio,202104,
2021,5,BA,Camaçari,2905701,12.741289902794,Municipio,202105,
2021,6,BA,Camaçari,2905701,13.689032605767,Municipio,202106,
2021,7,BA,Camaçari,2905701,13.997050529094,Municipio,202107,
2021,8,BA,Camaçari,2905701,13.349266513156,Municipio,202108,
2021,9,BA,Camaçari,2905701,13.513880624046,Municipio,202109,
2021,10,BA,Camaçari,2905701,12.776836304365,Municipio,202110,
2021,11,BA,Camaçari,2905701,13.338917492432,Municipio,202111,
2021,12,BA,Camaçari,2905701,13.689167162557,Municipio,202112,
2022,1,BA,Camaçari,2905701,12.987374194717,Municipio,202201,
2022,2,BA,Camaçari,2905701,13.094098470932,Municipio,202202,
2022,3,BA,Camaçari,2905701,12.362228661613,Municipio,202203,
2022,4,BA,Camaçari,2905701,12.747082869783,Municipio,202204,
2022,5,BA,Camaçari,2905701,13.086660112287,Municipio,202205,
2022,6,BA,Camaçari,2905701,13.758699645546,Municipio,202206,
2022,7,BA,Camaçari,2905701,14.991705026053,Municipio,202207,
2022,8,BA,Camaçari,2905701,14.489667166257,Municipio,202208,
2022,9,BA,Camaçari,2905701,14.511364281208,Municipio,202209,
2022,10,BA,Camaçari,2905701,14.455619385872,Municipio,202210,
2022,11,BA,Camaçari,2905701,16.111276157541,Municipio,202211,
2022,12,BA,Camaçari,2905701,16.311891020399,Municipio,202212,
2025,12,BA,Camaçari,2905701,0.0059072989341989,Municipio,202512,valor anômalo (ver .md)
2026,1,BA,Camaçari,2905701,0.028292852790111,Municipio,202601,valor anômalo (ver .md)
2026,2,BA,Camaçari,2905701,0.48346578119365,Municipio,202602,valor anômalo (ver .md)
2026,3,BA,Camaçari,2905701,1.6627491947419,Municipio,202603,valor anômalo (ver .md)
2026,4,BA,Camaçari,2905701,23.324814386449,Municipio,202604,
2026,5,BA,Camaçari,2905701,21.601748560485,Municipio,202605,
2026,6,BA,Camaçari,2905701,22.675944235098,Municipio,202606,
2026,7,BA,Camaçari,2905701,22.222222222222,Municipio,202607,
2026,8,BA,Camaçari,2905701,22.071145219293,Municipio,202608,
2021,1,BA,Feira de Santana,2910800,9.5468271119367,Municipio,202101,
2021,2,BA,Feira de Santana,2910800,10.118962119659,Municipio,202102,
2021,3,BA,Feira de Santana,2910800,9.7847190728346,Municipio,202103,
2021,4,BA,Feira de Santana,2910800,9.4262672104505,Municipio,202104,
2021,5,BA,Feira de Santana,2910800,10.101370380353,Municipio,202105,
2021,6,BA,Feira de Santana,2910800,10.044398967736,Municipio,202106,
2021,7,BA,Feira de Santana,2910800,10.329638988186,Municipio,202107,
2021,8,BA,Feira de Santana,2910800,10.255452991234,Municipio,202108,
2021,9,BA,Feira de Santana,2910800,11.045381641289,Municipio,202109,
2021,10,BA,Feira de Santana,2910800,10.394852164773,Municipio,202110,
2021,11,BA,Feira de Santana,2910800,10.38251453677,Municipio,202111,
2021,12,BA,Feira de Santana,2910800,10.3972555988,Municipio,202112,
2022,1,BA,Feira de Santana,2910800,10.133038084816,Municipio,202201,
2022,2,BA,Feira de Santana,2910800,10.682142645412,Municipio,202202,
2022,3,BA,Feira de Santana,2910800,10.248883604895,Municipio,202203,
2022,4,BA,Feira de Santana,2910800,10.935785049679,Municipio,202204,
2022,5,BA,Feira de Santana,2910800,11.274669247421,Municipio,202205,
2022,6,BA,Feira de Santana,2910800,11.298383129816,Municipio,202206,
2022,7,BA,Feira de Santana,2910800,12.155208923231,Municipio,202207,
2022,8,BA,Feira de Santana,2910800,11.872707004457,Municipio,202208,
2022,9,BA,Feira de Santana,2910800,11.070797479713,Municipio,202209,
2022,10,BA,Feira de Santana,2910800,11.332691848984,Municipio,202210,
2022,11,BA,Feira de Santana,2910800,11.352812605979,Municipio,202211,
2022,12,BA,Feira de Santana,2910800,11.675880567081,Municipio,202212,
2025,12,BA,Feira de Santana,2910800,0.036319282815229,Municipio,202512,valor anômalo (ver .md)
2026,1,BA,Feira de Santana,2910800,0.12242624915633,Municipio,202601,valor anômalo (ver .md)
2026,2,BA,Feira de Santana,2910800,0.12772281123355,Municipio,202602,valor anômalo (ver .md)
2026,3,BA,Feira de Santana,2910800,1.1703888887207,Municipio,202603,valor anômalo (ver .md)
2026,4,BA,Feira de Santana,2910800,16.105331973378,Municipio,202604,
2026,5,BA,Feira de Santana,2910800,15.293596002458,Municipio,202605,
2026,6,BA,Feira de Santana,2910800,14.353683229269,Municipio,202606,
2026,7,BA,Feira de Santana,2910800,14.100523358175,Municipio,202607,
2026,8,BA,Feira de Santana,2910800,14.874255360201,Municipio,202608,
2021,1,BA,Ilhéus,2913606,9.9873063912008,Municipio,202101,
2021,2,BA,Ilhéus,2913606,10.137378613458,Municipio,202102,
2021,3,BA,Ilhéus,2913606,10.121746090306,Municipio,202103,
2021,4,BA,Ilhéus,2913606,9.2525778030677,Municipio,202104,
2021,5,BA,Ilhéus,2913606,12.410347479725,Municipio,202105,
2021,6,BA,Ilhéus,2913606,14.190579216248,Municipio,202106,
2021,7,BA,Ilhéus,2913606,16.338596413324,Municipio,202107,
2021,8,BA,Ilhéus,2913606,17.07001439999,Municipio,202108,
2021,9,BA,Ilhéus,2913606,19.67787159269,Municipio,202109,
2021,10,BA,Ilhéus,2913606,20.495562646299,Municipio,202110,
2021,11,BA,Ilhéus,2913606,20.494928285513,Municipio,202111,
2021,12,BA,Ilhéus,2913606,20.707439148942,Municipio,202112,
2022,1,BA,Ilhéus,2913606,13.591814208413,Municipio,202201,
2022,2,BA,Ilhéus,2913606,13.948324970344,Municipio,202202,
2022,3,BA,Ilhéus,2913606,14.687355286446,Municipio,202203,
2022,4,BA,Ilhéus,2913606,15.116183178021,Municipio,202204,
2022,5,BA,Ilhéus,2913606,16.507970743281,Municipio,202205,
2022,6,BA,Ilhéus,2913606,16.698278979187,Municipio,202206,
2022,7,BA,Ilhéus,2913606,18.797110289139,Municipio,202207,
2022,8,BA,Ilhéus,2913606,20.587231327958,Municipio,202208,
2022,9,BA,Ilhéus,2913606,21.146819023743,Municipio,202209,
2022,10,BA,Ilhéus,2913606,21.848541994259,Municipio,202210,
2022,11,BA,Ilhéus,2913606,21.591691241893,Municipio,202211,
2022,12,BA,Ilhéus,2913606,21.935837674801,Municipio,202212,
2026,1,BA,Ilhéus,2913606,0.1903261449968,Municipio,202601,valor anômalo (ver .md)
2026,2,BA,Ilhéus,2913606,0.37113598274376,Municipio,202602,valor anômalo (ver .md)
2026,3,BA,Ilhéus,2913606,0.61274445014248,Municipio,202603,valor anômalo (ver .md)
2026,4,BA,Ilhéus,2913606,28.912656159959,Municipio,202604,
2026,5,BA,Ilhéus,2913606,29.258944007106,Municipio,202605,
2026,6,BA,Ilhéus,2913606,28.173556296888,Municipio,202606,
2026,7,BA,Ilhéus,2913606,27.469235280753,Municipio,202607,
2026,8,BA,Ilhéus,2913606,26.65078014784,Municipio,202608,
2021,1,BA,Salvador,2927408,16.219050278207,Municipio,202101,
2021,2,BA,Salvador,2927408,16.326577979408,Municipio,202102,
2021,3,BA,Salvador,2927408,16.392119993155,Municipio,202103,
2021,4,BA,Salvador,2927408,16.598688189759,Municipio,202104,
2021,5,BA,Salvador,2927408,16.428597657254,Municipio,202105,
2021,6,BA,Salvador,2927408,16.599762081104,Municipio,202106,
2021,7,BA,Salvador,2927408,16.636170021298,Municipio,202107,
2021,8,BA,Salvador,2927408,16.498943736879,Municipio,202108,
2021,9,BA,Salvador,2927408,16.616965237272,Municipio,202109,
2021,10,BA,Salvador,2927408,16.797979808428,Municipio,202110,
2021,11,BA,Salvador,2927408,16.675062294872,Municipio,202111,
2021,12,BA,Salvador,2927408,22.01082018909,Municipio,202112,
2022,1,BA,Salvador,2927408,16.536146541122,Municipio,202201,
2022,2,BA,Salvador,2927408,16.690267518849,Municipio,202202,
2022,3,BA,Salvador,2927408,16.902830343835,Municipio,202203,
2022,4,BA,Salvador,2927408,16.771706836386,Municipio,202204,
2022,5,BA,Salvador,2927408,16.870971779311,Municipio,202205,
2022,6,BA,Salvador,2927408,16.740365456352,Municipio,202206,
2022,7,BA,Salvador,2927408,20.185897051495,Municipio,202207,
2022,8,BA,Salvador,2927408,20.592265111114,Municipio,202208,
2022,9,BA,Salvador,2927408,20.309924917442,Municipio,202209,
2022,10,BA,Salvador,2927408,20.262944038577,Municipio,202210,
2022,11,BA,Salvador,2927408,20.384945440559,Municipio,202211,
2022,12,BA,Salvador,2927408,20.299048182283,Municipio,202212,
2025,12,BA,Salvador,2927408,0.016418350490055,Municipio,202512,valor anômalo (ver .md)
2026,1,BA,Salvador,2927408,0.049216053012943,Municipio,202601,valor anômalo (ver .md)
2026,2,BA,Salvador,2927408,0.049606037585153,Municipio,202602,valor anômalo (ver .md)
2026,3,BA,Salvador,2927408,0.20918772453362,Municipio,202603,valor anômalo (ver .md)
2026,4,BA,Salvador,2927408,20.944355441299,Municipio,202604,
2026,5,BA,Salvador,2927408,21.064899672569,Municipio,202605,
2026,6,BA,Salvador,2927408,21.025160244661,Municipio,202606,
2026,7,BA,Salvador,2927408,21.249519032635,Municipio,202607,
2026,8,BA,Salvador,2927408,20.879979843317,Municipio,202608,
2021,1,BA,Vitória da Conquista,2933307,20.062850308389,Municipio,202101,
2021,2,BA,Vitória da Conquista,2933307,16.227046739054,Municipio,202102,
2021,3,BA,Vitória da Conquista,2933307,17.033782040759,Municipio,202103,
2021,4,BA,Vitória da Conquista,2933307,16.816854670388,Municipio,202104,
2021,5,BA,Vitória da Conquista,2933307,17.940479819892,Municipio,202105,
2021,6,BA,Vitória da Conquista,2933307,17.429821064234,Municipio,202106,
2021,7,BA,Vitória da Conquista,2933307,18.116475528383,Municipio,202107,
2021,8,BA,Vitória da Conquista,2933307,18.149358491225,Municipio,202108,
2021,9,BA,Vitória da Conquista,2933307,17.403817333686,Municipio,202109,
2021,10,BA,Vitória da Conquista,2933307,17.453869277128,Municipio,202110,
2021,11,BA,Vitória da Conquista,2933307,17.647966057798,Municipio,202111,
2021,12,BA,Vitória da Conquista,2933307,18.181950454396,Municipio,202112,
2022,1,BA,Vitória da Conquista,2933307,18.931565607331,Municipio,202201,
2022,2,BA,Vitória da Conquista,2933307,20.307703052296,Municipio,202202,
2022,3,BA,Vitória da Conquista,2933307,19.992841408089,Municipio,202203,
2022,4,BA,Vitória da Conquista,2933307,19.45856601182,Municipio,202204,
2022,5,BA,Vitória da Conquista,2933307,19.092779425159,Municipio,202205,
2022,6,BA,Vitória da Conquista,2933307,19.716391720477,Municipio,202206,
2022,7,BA,Vitória da Conquista,2933307,19.230022541713,Municipio,202207,
2022,8,BA,Vitória da Conquista,2933307,19.982581403626,Municipio,202208,
2022,9,BA,Vitória da Conquista,2933307,19.87418704229,Municipio,202209,
2022,10,BA,Vitória da Conquista,2933307,19.762826666091,Municipio,202210,
2022,11,BA,Vitória da Conquista,2933307,20.028959090566,Municipio,202211,
2022,12,BA,Vitória da Conquista,2933307,20.036778584294,Municipio,202212,
2026,2,BA,Vitória da Conquista,2933307,0.48687259368705,Municipio,202602,valor anômalo (ver .md)
2026,3,BA,Vitória da Conquista,2933307,0.6381535653143,Municipio,202603,valor anômalo (ver .md)
2026,4,BA,Vitória da Conquista,2933307,23.537302105579,Municipio,202604,
2026,5,BA,Vitória da Conquista,2933307,24.707460421116,Municipio,202605,
2026,6,BA,Vitória da Conquista,2933307,22.484890812959,Municipio,202606,
2026,7,BA,Vitória da Conquista,2933307,22.289144547209,Municipio,202607,
2026,8,BA,Vitória da Conquista,2933307,25.372835050254,Municipio,202608,
