Código Município,Município,UF,Região,Operadora,Tecnologia,% área coberta,% moradores cobertos,% domicílios cobertos,Área km2,Moradores,Domicílios
2900207,Abaré,BA,Nordeste,Todas,4G,10.65951480089054,68.09030217132491,63.98,1604.9230991064,17639,7243
2900108,Abaíra,BA,Nordeste,Todas,4G,18.53973713197177,57.12622928365977,55.87,538.67745379983,7301,4290
2900306,Acajutiba,BA,Nordeste,Todas,4G,77.1962460824852,97.15186009423704,96.83,181.47508745955,13795,6405
2900355,Adustina,BA,Nordeste,Todas,4G,21.23818679653463,60.95365467220618,59.57,629.0986898892,14201,6997
2900603,Aiquara,BA,Nordeste,Todas,4G,62.0208627751166,75.19587137395997,72.03,167.87679830632,4447,2035
2900702,Alagoinhas,BA,Nordeste,Todas,4G,58.1179365532382,96.04444500347556,95.37,707.8355107214,151055,70414
2900801,Alcobaça,BA,Nordeste,Todas,4G,24.8475591472327,65.7559245821443,68.58,1477.9292870131,24530,13575
2900900,Almadina,BA,Nordeste,Todas,4G,25.43502932502447,90.20419892679186,83.74,245.2360838768,5218,2812
2901007,Amargosa,BA,Nordeste,Todas,4G,50.24813735098515,88.32116672599327,87.79,431.65459546389,36521,17293
2901106,Amélia Rodrigues,BA,Nordeste,Todas,4G,95.20217882973232,99.65188416604524,99.49,166.87238170134,24138,11024
2901155,América Dourada,BA,Nordeste,Todas,4G,72.974362916568,90.89246085750148,89.2,822.3725490594,15137,7229
2901205,Anagé,BA,Nordeste,Todas,4G,14.28300441036901,40.50688025788191,37.3,1899.6831970157,25438,12705
2901304,Andaraí,BA,Nordeste,Todas,4G,15.19388677089849,67.9512240061162,64.75,1590.3160920906,13080,6624
2901353,Andorinha,BA,Nordeste,Todas,4G,16.99553538332047,62.47384225952571,59.24,1362.3861578087,15012,8482
2901403,Angical,BA,Nordeste,Todas,4G,14.81030791968024,41.24411593358578,38.47,1530.0504192225,13732,6590
2901502,Anguera,BA,Nordeste,Todas,4G,60.05662192628828,69.22108512374218,70.81,187.83993091073,11031,4079
2901601,Antas,BA,Nordeste,Todas,4G,69.82158731409896,92.4451436012952,91.97,319.74507732129,14206,5545
2901700,Antônio Cardoso,BA,Nordeste,Todas,4G,84.7807825572323,89.4008568096178,89.08,293.52973617092,11146,4708
2901809,Antônio Gonçalves,BA,Nordeste,Todas,4G,42.66663116284584,83.88209537838335,83.71,345.28361631663,10862,4559
2901908,Aporá,BA,Nordeste,Todas,4G,66.8028363997368,83.59721957040574,83.21,479.26217143835,15922,7731
2901957,Apuarema,BA,Nordeste,Todas,4G,47.91025026388554,82.81199334587009,79.48,150.82975657411,6913,3312
2902005,Aracatu,BA,Nordeste,Todas,4G,11.46268177656652,39.40599526406429,37.63,1489.8032094437,13936,6719
2902104,Araci,BA,Nordeste,Todas,4G,47.67604610869952,78.12749803288193,76.48,1496.2454328331,48294,24997
2902203,Aramari,BA,Nordeste,Todas,4G,44.19769366288261,80.54173090613241,78.48,368.9470183144,9833,4763
2902252,Arataca,BA,Nordeste,Todas,4G,24.03073180848862,71.59312138161123,63.38,435.96191365831,10191,5129
2902302,Aratuípe,BA,Nordeste,Todas,4G,35.25858054104857,69.55109139103376,69.57,174.01180971422,8677,4098
2902054,Araças,BA,Nordeste,Todas,4G,23.6900566517238,64.06348619884054,61.79,474.57653280851,11557,5515
2902401,Aurelino Leal,BA,Nordeste,Todas,4G,41.65800026695874,91.5011074335808,84.79,445.39371829205,11179,6032
2902500,Baianópolis,BA,Nordeste,Todas,4G,4.26664184174026,30.04225576612311,28.58,3320.7227534535,13614,6116
2902609,Baixa Grande,BA,Nordeste,Todas,4G,31.96283385276494,70.07044072447859,68.39,967.51369620387,18220,9463
2902658,Banzaê,BA,Nordeste,Todas,4G,19.68652682975504,54.45362769693929,54.46,409.50744893872,11958,5199
2902708,Barra,BA,Nordeste,Todas,4G,3.102490937250009,54.1201006028341,53.51,11428.1116247,51092,21037
2902807,Barra da Estiva,BA,Nordeste,Todas,4G,13.0638255406119,69.76747214324138,66.12,1657.4127267294,26026,11407
2902906,Barra do Choça,BA,Nordeste,Todas,4G,25.1087488432207,69.67668956457483,66.2,765.93599451605,36539,15695
2903003,Barra do Mendes,BA,Nordeste,Todas,4G,9.294662562156052,59.21092945938133,53.21,1436.2987073023,13836,7205
2903102,Barra do Rocha,BA,Nordeste,Todas,4G,22.15764230548079,74.30574372294372,70.5,214.41135565824,5775,2604
2903201,Barreiras,BA,Nordeste,Todas,4G,20.69893390355981,92.66775445428024,89.52,8051.2737877441,159734,70200
2903235,Barro Alto,BA,Nordeste,Todas,4G,77.61613513594119,94.82616293763472,93.31,414.5096503287,13453,6830
2903300,Barro Preto,BA,Nordeste,Todas,4G,29.08651344193974,86.95903480198868,77.06,201.58487109816,5833,3358
2903276,Barrocas,BA,Nordeste,Todas,4G,83.51456099476508,96.21030388739064,95.97,207.29689188486,15203,7033
2903409,Belmonte,BA,Nordeste,Todas,4G,14.04199067565634,71.38148750062123,65.04,1939.4469900118,20121,11330
2903508,Belo Campo,BA,Nordeste,Todas,4G,35.51077574219187,72.95771833586791,70.59,772.75648593657,18412,8091
2903607,Biritinga,BA,Nordeste,Todas,4G,37.66795810650077,69.65193516439984,67.33,553.76233865861,15146,7746
2903706,Boa Nova,BA,Nordeste,Todas,4G,14.12251472330754,58.0793484295106,52.4,848.85679259581,13690,7025
2903805,Boa Vista do Tupim,BA,Nordeste,Todas,4G,12.62801672447178,61.98520891364902,53.74,2972.1092090961,16873,10245
2903904,Bom Jesus da Lapa,BA,Nordeste,Todas,4G,14.4047452392049,80.47245629290617,76.83,4115.5103508116,65550,27189
2903953,Bom Jesus da Serra,BA,Nordeste,Todas,4G,15.90959931211914,41.65517677286743,41.26,467.90910165833,9730,4205
2904001,Boninal,BA,Nordeste,Todas,4G,10.81880762351463,49.06926148876817,47.44,896.85733670547,13622,6201
2904050,Bonito,BA,Nordeste,Todas,4G,30.12631050552856,61.96249558192375,57.91,791.2755619036,15844,8249
2904100,Boquira,BA,Nordeste,Todas,4G,16.94235902126043,57.33239778490839,57.65,1426.233189067,19322,9890
2904209,Botuporã,BA,Nordeste,Todas,4G,20.62922277621889,56.53663642960812,57.09,627.61249121182,11024,4715
2904407,Brejolândia,BA,Nordeste,Todas,4G,13.69082050336015,53.45501317523057,48.15,2247.2082288116,9108,4518
2904308,Brejões,BA,Nordeste,Todas,4G,37.29053839449371,83.07670323727112,79.34,518.56632575696,12943,6874
2904506,Brotas de Macaúbas,BA,Nordeste,Todas,4G,5.575688124855636,35.98049213769657,32.79,2520.8165277366,11765,6560
2904605,Brumado,BA,Nordeste,Todas,4G,14.62380026995721,78.41090795631825,73.82,2207.6117118463,70510,31423
2904704,Buerarema,BA,Nordeste,Todas,4G,51.55984437712152,94.11345649824372,92.08,219.48708093979,14804,7477
2904753,Buritirama,BA,Nordeste,Todas,4G,3.578902497870214,44.30080147021288,46.35,4046.7359955028,19589,7868
2904803,Caatiba,BA,Nordeste,Todas,4G,10.77646510072165,74.57353424657535,68.82,512.43557472053,6205,2908
2904852,Cabaceiras do Paraguaçu,BA,Nordeste,Todas,4G,79.28143809636074,91.53064134307628,90.53,222.02653096107,16559,6893
2904902,Cachoeira,BA,Nordeste,Todas,4G,50.6716943559754,83.29864923076924,82.93,394.89366596298,29250,15587
2905008,Caculé,BA,Nordeste,Todas,4G,28.54726872678587,76.3699096251447,74.27,610.98264163551,22462,10614
2905156,Caetanos,BA,Nordeste,Todas,4G,22.74771786836525,48.99805787324694,49.07,767.14567913091,11266,4814
2905206,Caetité,BA,Nordeste,Todas,4G,9.084341961424183,60.16611224332846,56.72,2651.5357846549,52012,24459
2905305,Cafarnaum,BA,Nordeste,Todas,4G,72.53485289798655,88.84398717508302,86.66,643.65993053333,17466,8133
2905404,Cairu,BA,Nordeste,Todas,4G,78.82154199555517,97.0929609819267,96.61,448.84592086209,17761,10442
2905503,Caldeirão Grande,BA,Nordeste,Todas,4G,77.24791159517854,90.36220565749235,88.96,458.31100104105,13080,6124
2905602,Camacan,BA,Nordeste,Todas,4G,31.56260476508654,92.42595863412905,86.61,584.84767996842,22579,11746
2905800,Camamu,BA,Nordeste,Todas,4G,37.07875449343824,72.02805080573698,71.28,839.70162939506,30469,15567
2905701,Camaçari,BA,Nordeste,Todas,4G,75.93247413564174,98.98582521007285,98.74,785.42103362934,300372,177233
2905909,Campo Alegre de Lourdes,BA,Nordeste,Todas,4G,8.814824327387429,42.19451207981481,42.24,2914.5745217606,30671,14585
2906006,Campo Formoso,BA,Nordeste,Todas,4G,15.23844414056441,78.39525211202488,73.1,7161.8267360714,71377,34437
2906204,Canarana,BA,Nordeste,Todas,4G,77.6955216139021,87.80915805998511,87.92,579.72614565629,24206,11409
2906303,Canavieiras,BA,Nordeste,Todas,4G,24.93942064657697,82.93170241409908,79.99,1334.2843830608,32683,17067
2906402,Candeal,BA,Nordeste,Todas,4G,49.82611325394132,72.97855764282039,70.18,447.5775836569,7772,4060
2906501,Candeias,BA,Nordeste,Todas,4G,90.732479414642,99.71329667596918,99.6,251.80783303735,72382,37141
2906600,Candiba,BA,Nordeste,Todas,4G,45.44599304451656,64.82728257529195,64.05,433.64227011717,13016,6628
2906808,Cansanção,BA,Nordeste,Todas,4G,40.51565593435463,76.73610700072118,74.91,1351.8910780422,37439,16504
2906824,Canudos,BA,Nordeste,Todas,4G,5.396315274282558,64.70126979199006,57.25,3565.3770895706,16105,7635
2906105,Canápolis,BA,Nordeste,Todas,4G,32.07694803089564,56.30625525672372,55.16,460.38804540159,10225,4578
2906857,Capela do Alto Alegre,BA,Nordeste,Todas,4G,31.47916732666115,66.10906273268802,62.65,629.58629813729,10744,6487
2906873,Capim Grosso,BA,Nordeste,Todas,4G,73.1640810300287,97.5890931247179,96.95,464.77614365422,33235,16807
2906907,Caravelas,BA,Nordeste,Todas,4G,24.98060971352002,70.32542857142857,68.75,2377.8892467284,20580,10161
2906899,Caraíbas,BA,Nordeste,Todas,4G,20.5900918833186,42.96203319919518,41.81,805.62903876542,9940,5018
2907004,Cardeal da Silva,BA,Nordeste,Todas,4G,26.29532195333475,80.0935361625822,77.85,293.455926681,8365,3936
2907103,Carinhanha,BA,Nordeste,Todas,4G,10.50054736678172,53.07831064463612,49.75,2525.9059059828,28869,13945
2907202,Casa Nova,BA,Nordeste,Todas,4G,7.407499645523,59.21563798795882,53.55,9647.0718076682,72086,29593
2907301,Castro Alves,BA,Nordeste,Todas,4G,47.65593474454067,84.9503293946261,84.46,713.78866191748,24712,11168
2907400,Catolândia,BA,Nordeste,Todas,4G,22.05627045559694,54.81860803727432,49.91,702.50407567586,3434,1608
2907509,Catu,BA,Nordeste,Todas,4G,47.13850457193917,92.89048309379416,90.41,426.95483969473,48148,23225
2907558,Caturama,BA,Nordeste,Todas,4G,41.57215511948137,68.11171247596425,67.77,716.26136646941,8841,4486
2905107,Caém,BA,Nordeste,Todas,4G,58.70854480314835,85.03530142526964,81.09,540.90805751187,10384,5094
2907608,Central,BA,Nordeste,Todas,4G,62.57982422111721,90.36578847565453,88.47,566.97381149909,16348,7861
2907707,Chorrochó,BA,Nordeste,Todas,4G,11.08206941076113,64.18680593628888,60.64,3005.3192362781,10579,4587
2907905,Cipó,BA,Nordeste,Todas,4G,67.09490841718313,92.80619616947186,91.72,168.33006191048,17230,7585
2908002,Coaraci,BA,Nordeste,Todas,4G,32.03250130264877,88.43056943402757,85.74,274.50040296625,17333,9192
2908101,Cocos,BA,Nordeste,Todas,4G,5.526572791213733,63.27232677144796,59.06,10140.571760363,19151,9297
2908200,Conceição da Feira,BA,Nordeste,Todas,4G,85.07240413707797,96.1327139423077,95.33,164.7982401193,20800,8848
2908309,Conceição do Almeida,BA,Nordeste,Todas,4G,76.63865127322896,92.34818412055212,91.51,284.83633889164,15794,7168
2908408,Conceição do Coité,BA,Nordeste,Todas,4G,57.89368271056291,89.63030962034647,88.33,1015.2511873293,67825,33508
2908507,Conceição do Jacuípe,BA,Nordeste,Todas,4G,87.58033216619306,99.424158264416,99.21,114.86895424309,35308,15802
2908606,Conde,BA,Nordeste,Todas,4G,44.69371843007533,85.31597531072968,82.55,931.10626775922,23654,12747
2908705,Condeúba,BA,Nordeste,Todas,4G,17.1216987246798,53.86183017650853,49.76,1348.0394996968,17053,8124
2908804,Contendas do Sincorá,BA,Nordeste,Todas,4G,11.66999084474646,58.22565889683822,53.27,977.45546763022,4333,2186
2908903,Coração de Maria,BA,Nordeste,Todas,4G,90.96337928175988,96.08912932713922,95.75,378.42048415788,26692,12536
2909000,Cordeiros,BA,Nordeste,Todas,4G,25.08514173163298,53.22030347203817,53.39,523.64000140013,7546,3492
2909109,Coribe,BA,Nordeste,Todas,4G,12.6860182435341,58.72297355253752,54.72,2662.8189365827,13990,7437
2909208,Coronel João Sá,BA,Nordeste,Todas,4G,43.32657630894558,77.53824988273922,75.4,797.43382113355,17056,8118
2909307,Correntina,BA,Nordeste,Todas,4G,11.65804202087479,64.1846088671165,62.59,11504.314334683,32457,15964
2909406,Cotegipe,BA,Nordeste,Todas,4G,4.004207953166818,44.64760927811376,41.79,4282.7747022635,13063,6675
2909505,Cravolândia,BA,Nordeste,Todas,4G,27.18289837041022,84.30359682899207,80.03,182.58514753315,4415,2333
2909703,Cristópolis,BA,Nordeste,Todas,4G,31.31756469071962,67.60693275209032,65.09,1052.837061292,13993,6155
2909604,Crisópolis,BA,Nordeste,Todas,4G,55.19400536231897,83.0284520249379,81.15,636.60875600538,19729,10228
2909802,Cruz das Almas,BA,Nordeste,Todas,4G,97.20856257799662,99.62871230198184,99.63,139.11740505163,60348,28010
2909901,Curaçá,BA,Nordeste,Todas,4G,12.46337794015924,62.72668431831482,57.14,5950.6137309059,34180,14943
2906709,Cândido Sales,BA,Nordeste,Todas,4G,24.20160365985176,80.81177961738028,76.65,1169.8137479487,25247,11687
2907806,Cícero Dantas,BA,Nordeste,Todas,4G,22.72453224194788,69.94671498366066,66.12,819.96939200719,30907,15922
2910057,Dias d'Ávila,BA,Nordeste,Todas,4G,59.41625973842426,97.81723466461496,96.39,183.75909749039,71485,36003
2910107,Dom Basílio,BA,Nordeste,Todas,4G,18.7112682446025,48.81527515987883,48.1,689.51581474285,11884,4522
2910206,Dom Macedo Costa,BA,Nordeste,Todas,4G,92.92105388691112,96.93832539142274,96.65,94.777570904455,4407,2153
2910008,Dário Meira,BA,Nordeste,Todas,4G,19.2783325627192,66.72456746765249,61.56,413.63718068293,10820,5163
2910305,Elísio Medrado,BA,Nordeste,Todas,4G,70.4321048798141,87.23312115778688,85.71,179.32912974216,7808,4118
2910404,Encruzilhada,BA,Nordeste,Todas,4G,17.03458891956206,71.45936253728999,64.92,1890.1326537746,19107,9789
2910503,Entre Rios,BA,Nordeste,Todas,4G,43.12337707440221,82.28445010236757,84.37,1187.7659658479,38098,23385
2910602,Esplanada,BA,Nordeste,Todas,4G,32.80124903468759,79.77190729249862,78.47,1299.3551562982,32554,14938
2910701,Euclides da Cunha,BA,Nordeste,Todas,4G,17.27923161576364,60.89372250065085,58.3,2025.3675345811,61456,27943
2910727,Eunápolis,BA,Nordeste,Todas,4G,30.63872188837361,96.58518397678306,95.36,1425.969951631,113710,51024
2910776,Feira da Mata,BA,Nordeste,Todas,4G,17.31085005159104,59.15894690108329,51.38,1176.1112506364,5631,3163
2910800,Feira de Santana,BA,Nordeste,Todas,4G,73.71807325081929,99.22996740075811,99.1,1304.4249329715,616272,288378
2910859,Filadélfia,BA,Nordeste,Todas,4G,60.0067643800454,83.48438509247362,81.49,579.68550511764,17897,8134
2910909,Firmino Alves,BA,Nordeste,Todas,4G,46.73782144589283,93.89304535193924,91.89,172.35263065775,4873,2459
2911006,Floresta Azul,BA,Nordeste,Todas,4G,29.48835193344952,83.25810109413148,79.18,321.01279004866,11059,4875
2911105,Formosa do Rio Preto,BA,Nordeste,Todas,4G,3.862010812516097,68.3680149812734,61.22,15634.327657602,25899,11392
2910750,Fátima,BA,Nordeste,Todas,4G,73.71261330115063,95.23960994691254,94.05,364.41881524863,17895,9175
2911204,Gandu,BA,Nordeste,Todas,4G,58.75024370335959,93.1284430356144,92.0,229.66125726672,32178,13844
2911253,Gavião,BA,Nordeste,Todas,4G,37.04337271491021,79.64180275229357,74.48,384.59211480092,4360,2454
2911303,Gentio do Ouro,BA,Nordeste,Todas,4G,5.702326841932969,41.37207736126424,37.3,3817.9463585422,10884,5417
2911402,Glória,BA,Nordeste,Todas,4G,13.97630631476702,51.93980803916516,50.16,1566.6092415158,15524,7574
2911501,Gongogi,BA,Nordeste,Todas,4G,39.33543928835886,76.68361476147615,75.14,202.19397309539,5555,2845
2911600,Governador Mangabeira,BA,Nordeste,Todas,4G,96.78070715213994,98.03680029119148,98.23,106.84790170822,20605,9180
2911659,Guajeru,BA,Nordeste,Todas,4G,19.62874403734653,42.53345341614907,41.83,872.8671471326,8050,3687
2911709,Guanambi,BA,Nordeste,Todas,4G,42.6246928639847,90.97788753885922,87.8,1272.3664304264,87817,40669
2911808,Guaratinga,BA,Nordeste,Todas,4G,11.69974149028807,57.80473148196755,50.49,2189.4036075429,19049,10775
2911857,Heliópolis,BA,Nordeste,Todas,4G,45.24615973250163,78.45924851734503,78.75,313.43772916408,12309,6207
2911907,Iaçu,BA,Nordeste,Todas,4G,7.55905597840858,75.82077904661274,72.5,2342.4967467897,24607,13485
2912004,Ibiassucê,BA,Nordeste,Todas,4G,30.7217605344857,62.40736024546938,61.15,483.27370747308,10429,4884
2912103,Ibicaraí,BA,Nordeste,Todas,4G,78.05050900828225,98.78267251327026,96.97,230.95311598763,21665,10769
2912202,Ibicoara,BA,Nordeste,Todas,4G,38.22446620957484,79.33048015395718,77.16,817.35503844736,20785,8699
2912301,Ibicuí,BA,Nordeste,Todas,4G,12.02291818656829,73.50475240419118,68.79,1139.3782768957,13934,7225
2912400,Ibipeba,BA,Nordeste,Todas,4G,30.79794928904104,67.4361127507077,64.16,1382.0075077864,16603,8404
2912509,Ibipitanga,BA,Nordeste,Todas,4G,12.84101435423211,50.41235086200678,48.74,954.37260226038,13863,6915
2912608,Ibiquera,BA,Nordeste,Todas,4G,20.85279821960567,75.01170738255033,66.9,698.24469173609,3725,2030
2912707,Ibirapitanga,BA,Nordeste,Todas,4G,50.44106972477176,80.15174952651515,79.06,472.6636630802,25344,10369
2912806,Ibirapuã,BA,Nordeste,Todas,4G,22.47953235474338,71.65215714928058,67.44,771.09757593828,8896,4317
2912905,Ibirataia,BA,Nordeste,Todas,4G,20.76877390738419,77.85355097914005,72.76,318.12943028712,18792,8957
2913002,Ibitiara,BA,Nordeste,Todas,4G,8.107792270788522,32.28098517455763,30.56,1834.0023891249,14637,7332
2913101,Ibititá,BA,Nordeste,Todas,4G,80.73416196016153,89.22968236195416,88.12,573.03344551388,16969,7974
2913200,Ibotirama,BA,Nordeste,Todas,4G,12.38960973786641,82.38698620244024,77.44,1740.112910421,26309,12207
2913309,Ichu,BA,Nordeste,Todas,4G,80.3848415794816,95.25445557350564,94.87,138.01619155229,6190,3020
2913408,Igaporã,BA,Nordeste,Todas,4G,17.68234802888066,64.31605397050299,61.18,836.58571405145,15527,6495
2913457,Igrapiúna,BA,Nordeste,Todas,4G,39.07297478276155,52.94253440802981,55.54,591.31210606978,13151,6573
2913507,Iguaí,BA,Nordeste,Todas,4G,14.05607995064352,66.4856181657438,61.38,860.22346827695,21491,10577
2913606,Ilhéus,BA,Nordeste,Todas,4G,41.6188198932087,92.98496000537364,91.65,1588.5548181786,178649,96056
2913705,Inhambupe,BA,Nordeste,Todas,4G,46.25680101811751,82.26949896419059,82.25,1082.2827591189,33790,16734
2913804,Ipecaetá,BA,Nordeste,Todas,4G,70.59237449422052,83.27932963746443,83.73,372.56492039183,13709,5693
2913903,Ipiaú,BA,Nordeste,Todas,4G,33.07358321128434,95.13763425539231,92.92,280.45352296323,40706,18780
2914000,Ipirá,BA,Nordeste,Todas,4G,25.23056532923944,74.09481450875589,69.41,3105.2804230079,56876,29457
2914109,Ipupiara,BA,Nordeste,Todas,4G,10.42142262092186,70.72930447911425,65.76,1055.7600676925,9935,5061
2914208,Irajuba,BA,Nordeste,Todas,4G,20.02270598052913,61.26174725454844,56.78,459.04677184424,6101,3284
2914307,Iramaia,BA,Nordeste,Todas,4G,10.32464648443071,51.10316964285714,46.81,1708.1148796386,10752,5193
2914406,Iraquara,BA,Nordeste,Todas,4G,42.8090597651312,70.76243310021358,71.68,991.82226142539,23879,11717
2914505,Irará,BA,Nordeste,Todas,4G,72.4314436618526,88.02293085618516,87.57,267.87986875311,28043,13655
2914604,Irecê,BA,Nordeste,Todas,4G,97.82876400938363,99.8288187687063,99.79,319.17441344536,74507,31512
2914653,Itabela,BA,Nordeste,Todas,4G,25.58050500591501,91.4601817859045,87.84,924.91449916092,28165,12598
2914703,Itaberaba,BA,Nordeste,Todas,4G,13.16695594161094,84.46756888417623,79.38,2386.3898394455,65073,31126
2914802,Itabuna,BA,Nordeste,Todas,4G,53.27222229176338,99.26788289735843,98.83,401.02847070044,186708,93345
2914901,Itacaré,BA,Nordeste,Todas,4G,31.27321589088781,77.13618899797862,74.5,726.26548006224,27704,14513
2915007,Itaeté,BA,Nordeste,Todas,4G,20.30845822336065,77.38842488123515,70.26,1331.8223842275,13472,7061
2915106,Itagi,BA,Nordeste,Todas,4G,24.883016697143,82.20859378396001,77.17,310.62103239211,13803,6001
2915205,Itagibá,BA,Nordeste,Todas,4G,27.83856840891772,77.93645068582626,69.52,810.99350667324,15310,7185
2915304,Itagimirim,BA,Nordeste,Todas,4G,18.99183515365448,81.43909721128094,76.95,876.80018957292,6347,3253
2915353,Itaguaçu da Bahia,BA,Nordeste,Todas,4G,4.48305162293719,34.9757412070506,33.25,4310.2380176284,12311,6372
2915403,Itaju do Colônia,BA,Nordeste,Todas,4G,14.13724743740596,63.09006128871955,53.57,1225.2867688712,6037,3148
2915502,Itajuípe,BA,Nordeste,Todas,4G,40.66364652985636,92.38683350194346,87.79,270.75215442551,18781,9480
2915601,Itamaraju,BA,Nordeste,Todas,4G,10.65983965531293,87.05026105192518,82.89,2360.5844490473,59605,28348
2915700,Itamari,BA,Nordeste,Todas,4G,43.5049760437073,87.65241809672388,82.1,143.47919085243,7051,3617
2915809,Itambé,BA,Nordeste,Todas,4G,8.522498446960054,78.63228006886939,73.04,1534.5751977583,24394,9965
2915908,Itanagra,BA,Nordeste,Todas,4G,47.60311730432203,76.03358133243152,70.01,533.63382744125,5914,3575
2916005,Itanhém,BA,Nordeste,Todas,4G,18.71273162056574,74.45656318419131,69.55,1394.1743921968,17813,9062
2916104,Itaparica,BA,Nordeste,Todas,4G,98.93257091095764,100.0,100.0,121.37277137688,19789,16090
2916302,Itapebi,BA,Nordeste,Todas,4G,23.85292740506394,84.86591781120558,80.35,1013.0738685443,9174,4721
2916401,Itapetinga,BA,Nordeste,Todas,4G,14.943596126335,97.49323626265232,96.16,1651.1575903548,65897,28998
2916500,Itapicuru,BA,Nordeste,Todas,4G,43.57550602512701,76.8671949872155,76.34,1557.6853673453,31679,16785
2916609,Itapitanga,BA,Nordeste,Todas,4G,18.41543340507238,64.6435197976457,69.56,420.66340737357,10279,3759
2916203,Itapé,BA,Nordeste,Todas,4G,26.09310569661512,85.23612029784354,82.5,453.1441350956,10341,4892
2916708,Itaquara,BA,Nordeste,Todas,4G,36.31801182984459,79.02416288482767,79.75,344.09328405618,8153,3651
2916807,Itarantim,BA,Nordeste,Todas,4G,12.37603472679202,85.16805184142623,79.56,1674.0291091305,17052,7776
2916856,Itatim,BA,Nordeste,Todas,4G,27.47472145154337,86.09172205630044,83.38,547.5102083979,15737,7066
2916906,Itiruçu,BA,Nordeste,Todas,4G,36.21313122506447,90.6217147013365,87.21,322.24296215575,10999,5148
2917003,Itiúba,BA,Nordeste,Todas,4G,23.59295791205951,59.04486655644781,56.87,1650.5929752462,33872,16652
2917102,Itororó,BA,Nordeste,Todas,4G,34.28734803830874,94.90267557320816,91.82,313.83938530862,16617,8387
2917201,Ituaçu,BA,Nordeste,Todas,4G,21.35865212586617,53.86119236351456,53.69,1199.3743504394,17914,8692
2917300,Ituberá,BA,Nordeste,Todas,4G,44.47174849528445,85.02520820016436,82.55,415.42768021052,21902,11856
2917334,Iuiú,BA,Nordeste,Todas,4G,17.70291746651037,80.15099928044613,76.42,1525.1421899422,11118,4668
2917359,Jaborandi,BA,Nordeste,Todas,4G,6.078640683451074,52.50884851752021,46.4,9955.1128239028,9275,5096
2917409,Jacaraci,BA,Nordeste,Todas,4G,17.95903022020636,47.63733929066223,47.43,1332.4200396369,14436,6683
2917508,Jacobina,BA,Nordeste,Todas,4G,43.62960545533949,92.46779452718248,89.72,2192.9054116805,82590,42748
2917607,Jaguaquara,BA,Nordeste,Todas,4G,22.2268780082305,84.12807479766772,81.29,924.51220685717,45964,20911
2917706,Jaguarari,BA,Nordeste,Todas,4G,36.31109628239017,83.28601137510321,79.36,2466.0092513257,32703,15943
2917805,Jaguaripe,BA,Nordeste,Todas,4G,52.10041525421018,56.0093969080922,61.75,863.4240679573,17659,9800
2917904,Jandaíra,BA,Nordeste,Todas,4G,50.45848717106369,78.66553473344105,77.32,640.77233821012,9285,4597
2918001,Jequié,BA,Nordeste,Todas,4G,10.9666901649255,93.4045313041124,89.61,2969.0387341927,158813,73601
2918100,Jeremoabo,BA,Nordeste,Todas,4G,11.90125872310287,65.36273959496093,61.41,4267.4879515316,37626,18397
2918209,Jiquiriçá,BA,Nordeste,Todas,4G,28.01668814790957,62.26178589771812,64.11,238.66003171764,13629,6051
2918308,Jitaúna,BA,Nordeste,Todas,4G,20.29480267457763,73.07789411354929,68.54,262.05022592531,14355,6856
2918357,João Dourado,BA,Nordeste,Todas,4G,40.62725717833492,86.80634545747165,83.5,913.25770124766,24854,10401
2918407,Juazeiro,BA,Nordeste,Todas,4G,26.04021624778199,92.29243615996904,90.76,6721.2367660333,237821,101721
2918456,Jucuruçu,BA,Nordeste,Todas,4G,7.038912616417364,29.65577317452098,27.72,1457.6556999113,9655,5263
2918506,Jussara,BA,Nordeste,Todas,4G,28.25119467083446,82.90555705026294,78.08,1355.17317059,16354,7974
2918555,Jussari,BA,Nordeste,Todas,4G,21.0731391573707,79.42276834239131,74.06,329.19030173366,5888,2955
2918605,Jussiape,BA,Nordeste,Todas,4G,15.48824119385408,35.34672719880743,36.98,589.76276290106,7379,3561
2918704,Lafaiete Coutinho,BA,Nordeste,Todas,4G,15.47055015793879,66.05296441717792,54.8,498.10983210193,4075,2452
2918753,Lagoa Real,BA,Nordeste,Todas,4G,25.60762044183985,55.41015101028004,54.4,912.22235891334,14105,5452
2918803,Laje,BA,Nordeste,Todas,4G,42.42652521436251,59.3314392931788,58.13,449.83436783196,21052,10289
2919009,Lajedinho,BA,Nordeste,Todas,4G,12.71721532153017,40.61728381060391,31.3,846.72797573577,3527,2201
2919058,Lajedo do Tabocal,BA,Nordeste,Todas,4G,23.2642083616946,71.11867894315452,67.04,382.93647055016,7494,3531
2918902,Lajedão,BA,Nordeste,Todas,4G,22.01392599057573,69.12363849154745,67.26,624.35301958162,3845,2078
2919108,Lamarão,BA,Nordeste,Todas,4G,87.74352706784208,96.8532090959512,96.53,189.25918323509,9015,4433
2919157,Lapão,BA,Nordeste,Todas,4G,68.23366916875399,86.99415449176252,86.24,642.88219400403,25736,11076
2919207,Lauro de Freitas,BA,Nordeste,Todas,4G,99.99999999999996,100.0,100.0,57.942494488253,203331,95739
2919306,Lençóis,BA,Nordeste,Todas,4G,10.35096741553513,60.88936606645628,58.76,1283.3279203472,10774,5920
2919405,Licínio de Almeida,BA,Nordeste,Todas,4G,15.8928695142936,60.15849839445665,57.69,856.62600230076,11834,5553
2919504,Livramento de Nossa Senhora,BA,Nordeste,Todas,4G,17.05129341611587,63.04282144728151,63.58,1952.5099343046,43903,18697
2919553,Luís Eduardo Magalhães,BA,Nordeste,Todas,4G,29.77942000606593,98.90856443855472,97.9,4036.093642284,107909,44743
2919603,Macajuba,BA,Nordeste,Todas,4G,33.01085116384727,74.70620432370384,72.66,701.17099455791,10454,5663
2919702,Macarani,BA,Nordeste,Todas,4G,10.25359894678079,78.98057456363719,78.83,1210.1064517082,21599,7954
2919801,Macaúbas,BA,Nordeste,Todas,4G,13.5121079666748,49.96895458563272,50.63,2459.1018887069,41859,20045
2919900,Macururé,BA,Nordeste,Todas,4G,6.570689587475859,41.50872932745314,37.55,2545.8563915275,7256,3788
2919926,Madre de Deus,BA,Nordeste,Todas,4G,97.8717654638138,100.0,100.0,32.200643891895,18504,10009
2919959,Maetinga,BA,Nordeste,Todas,4G,33.24220986889438,65.32400114728239,61.06,614.83354445453,6973,3663
2920007,Maiquinique,BA,Nordeste,Todas,4G,23.68977666043722,84.08182109723971,81.13,588.29711079596,8731,4156
2920106,Mairi,BA,Nordeste,Todas,4G,32.94388375138538,75.193825393233,72.46,906.68017700392,17674,8770
2920205,Malhada,BA,Nordeste,Todas,4G,29.85454590791297,77.5483166645019,73.02,1979.1929233237,15398,6815
2920304,Malhada de Pedras,BA,Nordeste,Todas,4G,22.54309945918851,53.1219780853518,50.28,550.55015188552,8670,3848
2920403,Manoel Vitorino,BA,Nordeste,Todas,4G,3.402787682606129,48.18958152958153,42.67,2201.763786797,13860,7066
2920452,Mansidão,BA,Nordeste,Todas,4G,8.630994213191597,66.45350528055177,63.5,3129.587688721,13919,4865
2920502,Maracás,BA,Nordeste,Todas,4G,9.386939531547874,77.76178638667632,71.48,2413.2703478661,27620,12795
2920601,Maragogipe,BA,Nordeste,Todas,4G,46.71423656857602,59.65044786525001,63.1,437.61039559755,35859,17276
2920700,Maraú,BA,Nordeste,Todas,4G,31.03148891224244,58.44224161128552,59.05,848.8849202844,24527,14373
2920809,Marcionílio Souza,BA,Nordeste,Todas,4G,8.487531760022039,55.09835437574188,50.49,1099.2833648359,9267,4844
2920908,Mascote,BA,Nordeste,Todas,4G,19.93196040585247,72.98771485528648,68.99,742.68867501252,13544,5979
2921005,Mata de São João,BA,Nordeste,Todas,4G,64.42248051158604,97.4497446318658,97.32,605.16784235683,42566,29302
2921054,Matina,BA,Nordeste,Todas,4G,17.39856261297305,52.53681800580831,51.72,773.27965539768,10330,4793
2921104,Medeiros Neto,BA,Nordeste,Todas,4G,16.09899110617974,84.78635622240245,80.86,1311.7392550258,22194,10816
2921203,Miguel Calmon,BA,Nordeste,Todas,4G,20.12209161521613,65.21887109200762,57.03,1599.6716404477,24661,14226
2921302,Milagres,BA,Nordeste,Todas,4G,27.3913470705294,86.01058531297986,82.81,420.35745797317,11071,5349
2921401,Mirangaba,BA,Nordeste,Todas,4G,16.70977434498432,46.71465997203509,42.93,1751.7781067752,15734,8034
2921450,Mirante,BA,Nordeste,Todas,4G,15.33554016434965,36.22017080592912,35.52,1172.8605160554,10187,4776
2921500,Monte Santo,BA,Nordeste,Todas,4G,31.34249125049102,58.48979593972373,57.38,3034.196877511,47780,24887
2921609,Morpará,BA,Nordeste,Todas,4G,6.072435487382227,64.75425087543772,55.73,2093.8722839048,7996,4071
2921708,Morro do Chapéu,BA,Nordeste,Todas,4G,8.69523883503155,59.90551437756742,50.11,5744.9691426509,33594,18502
2921807,Mortugaba,BA,Nordeste,Todas,4G,19.98904595121684,64.94949205779413,61.8,528.21446898278,11143,5461
2921906,Mucugê,BA,Nordeste,Todas,4G,20.75042975328148,47.50567438411469,46.13,2462.1531889018,12137,6165
2922003,Mucuri,BA,Nordeste,Todas,4G,39.91903602875418,88.654490349422,86.18,1787.6261976049,37977,19098
2922052,Mulungu do Morro,BA,Nordeste,Todas,4G,27.7030017106481,69.32875760340633,68.55,646.620708041,13152,6636
2922102,Mundo Novo,BA,Nordeste,Todas,4G,11.44604810370186,59.14411557353366,53.36,1491.9902772001,17305,9707
2922201,Muniz Ferreira,BA,Nordeste,Todas,4G,48.63206005537358,72.001264255911,70.34,104.5398668382,7190,3564
2922250,Muquém de São Francisco,BA,Nordeste,Todas,4G,10.37153335770324,55.32010437613712,52.91,3852.1110312631,10443,4908
2922300,Muritiba,BA,Nordeste,Todas,4G,99.57676213776622,99.8818528581879,99.89,86.311535025049,28707,12669
2922409,Mutuípe,BA,Nordeste,Todas,4G,39.18591252722661,70.76125617607426,70.66,275.85420350847,20037,9935
2922508,Nazaré,BA,Nordeste,Todas,4G,47.80745801948844,88.75417627494457,89.17,278.62947080259,27060,12532
2922607,Nilo Peçanha,BA,Nordeste,Todas,4G,27.98248663482088,38.29390864627374,38.25,388.93604028333,12063,6115
2922656,Nordestina,BA,Nordeste,Todas,4G,44.08878520864919,79.06662041785889,81.8,465.40691810357,18523,6772
2922706,Nova Canaã,BA,Nordeste,Todas,4G,25.19194843057989,57.18715202333211,53.41,804.61732346828,13715,6690
2922730,Nova Fátima,BA,Nordeste,Todas,4G,64.36699490574635,82.75776327350319,79.84,346.78372602999,7967,4356
2922755,Nova Ibiá,BA,Nordeste,Todas,4G,29.48293000156195,65.20958929395478,59.72,203.19834966746,6501,3312
2922805,Nova Itarana,BA,Nordeste,Todas,4G,35.1722246728248,86.32779562982005,81.27,475.38074989692,7780,3834
2922854,Nova Redenção,BA,Nordeste,Todas,4G,22.20449658392019,71.49242504643142,66.78,565.35563615393,7538,3951
2922904,Nova Soure,BA,Nordeste,Todas,4G,41.00164887012145,79.43778346261759,78.69,966.99261862075,24236,11993
2923001,Nova Viçosa,BA,Nordeste,Todas,4G,37.88078552841553,94.8856123921132,94.17,1316.3792898651,39509,21766
2923035,Novo Horizonte,BA,Nordeste,Todas,4G,12.93610854957235,36.92755509765275,37.71,627.49961828202,11162,5308
2923050,Novo Triunfo,BA,Nordeste,Todas,4G,32.59798001680688,77.61222420262665,80.01,278.48745518185,10660,4021
2923100,Olindina,BA,Nordeste,Todas,4G,64.98906354208394,85.9774404630407,85.77,637.31659941005,22633,11237
2923209,Oliveira dos Brejinhos,BA,Nordeste,Todas,4G,6.275859536486855,35.77352594738112,34.16,3313.4176405129,20715,10991
2923308,Ouriçangas,BA,Nordeste,Todas,4G,62.22229365861337,79.45573094867808,78.54,156.98198126026,7716,3772
2923357,Ourolândia,BA,Nordeste,Todas,4G,29.47619738910725,56.75790261393754,59.55,1544.9882707225,19243,9281
2923407,Palmas de Monte Alto,BA,Nordeste,Todas,4G,20.91401917057514,69.27266062356809,64.07,2560.0267713946,20078,10286
2923506,Palmeiras,BA,Nordeste,Todas,4G,15.27187457506181,49.45151368604314,41.23,737.45397695494,10339,5813
2923605,Paramirim,BA,Nordeste,Todas,4G,19.17449399903366,62.32174586015429,62.01,1087.0605120514,20351,8673
2923704,Paratinga,BA,Nordeste,Todas,4G,8.845304771684638,46.34584985642007,46.72,2624.998059003,29252,11843
2923803,Paripiranga,BA,Nordeste,Todas,4G,28.22566114120257,68.27330251090062,68.83,442.18627000528,26604,13115
2923902,Pau Brasil,BA,Nordeste,Todas,4G,15.65200440514201,73.60974386339382,69.73,626.30624298781,9370,4653
2924009,Paulo Afonso,BA,Nordeste,Todas,4G,20.34277971444447,89.83861025959068,88.46,1544.3881065787,112870,49975
2924207,Pedro Alexandre,BA,Nordeste,Todas,4G,38.83928748753584,63.66801777268168,61.27,889.57211003252,13954,5913
2924108,Pedrão,BA,Nordeste,Todas,4G,62.9508888101468,84.41556375300722,82.98,158.48759132045,6235,2926
2924306,Piatã,BA,Nordeste,Todas,4G,12.04765625749442,59.98069102857713,55.36,1825.8564662057,20086,9541
2924405,Pilão Arcado,BA,Nordeste,Todas,4G,3.486065098679784,40.57140170263314,36.37,11597.93562183,35357,15536
2924504,Pindaí,BA,Nordeste,Todas,4G,32.59134107611295,57.01291086823706,56.42,628.46862892282,14731,6750
2924603,Pindobaçu,BA,Nordeste,Todas,4G,49.35514699051411,88.2814919037887,85.72,495.84454660985,19083,9219
2924652,Pintadas,BA,Nordeste,Todas,4G,45.19039300787461,78.89918547215497,74.48,647.14378166013,10325,4941
2924678,Piraí do Norte,BA,Nordeste,Todas,4G,22.96536232673712,52.7438764352105,52.87,193.42738841904,10974,4239
2924702,Piripá,BA,Nordeste,Todas,4G,19.33668595779318,68.53581184440559,64.62,511.75557811307,9152,4744
2924801,Piritiba,BA,Nordeste,Todas,4G,19.27502094058621,58.83039394284413,53.84,980.32775022591,17566,9874
2924900,Planaltino,BA,Nordeste,Todas,4G,16.16002247153071,52.95255671902268,50.88,955.45418941275,8022,4068
2925006,Planalto,BA,Nordeste,Todas,4G,28.62724257802351,75.12204722722208,71.18,769.00013217868,23334,11207
2925204,Pojuca,BA,Nordeste,Todas,4G,76.75322866026512,97.88410100821508,97.58,314.93248006995,32136,16239
2925253,Ponto Novo,BA,Nordeste,Todas,4G,47.83938391515324,78.09955290444867,78.96,530.14422643255,17938,8643
2925303,Porto Seguro,BA,Nordeste,Todas,4G,32.79136682068356,94.64237693523282,94.9,2285.7340377334,168326,83218
2925402,Potiraguá,BA,Nordeste,Todas,4G,12.31051244747523,89.24258808643177,85.67,1111.5673581428,10274,4038
2925105,Poções,BA,Nordeste,Todas,4G,17.39075569283669,80.75772679270287,76.05,937.85468000954,48293,21770
2925501,Prado,BA,Nordeste,Todas,4G,18.43790299190034,73.80314773019455,70.3,1692.1004346407,35003,18800
2925600,Presidente Dutra,BA,Nordeste,Todas,4G,76.31002685045246,94.06821083939194,93.6,232.06358654311,15130,6636
2925709,Presidente Jânio Quadros,BA,Nordeste,Todas,4G,15.55789979864641,47.87915696062119,47.67,1208.5488701371,12621,6231
2925758,Presidente Tancredo Neves,BA,Nordeste,Todas,4G,43.0605092593172,76.04312648734405,75.7,441.81952929569,27734,12751
2924058,Pé de Serra,BA,Nordeste,Todas,4G,49.87326382372167,76.53812429207885,73.88,596.77069434062,13243,7004
2925808,Queimadas,BA,Nordeste,Todas,4G,14.97831614500381,53.16670886563028,53.49,2011.0596449717,25988,12090
2925907,Quijingue,BA,Nordeste,Todas,4G,22.87573127034513,52.94308127572016,51.19,1380.7978937894,25272,12293
2925931,Quixabeira,BA,Nordeste,Todas,4G,87.22157147458495,89.23272487052108,89.49,366.38660438752,9461,5886
2925956,Rafael Jambeiro,BA,Nordeste,Todas,4G,40.51375865308414,78.99398077509917,76.76,1090.5519214832,19662,9562
2926004,Remanso,BA,Nordeste,Todas,4G,8.23414314020213,66.98227492238703,62.55,4573.5047032068,40586,18049
2926103,Retirolândia,BA,Nordeste,Todas,4G,83.3597827012159,91.18726100651968,91.03,242.32942565096,13651,6593
2926400,Riacho de Santana,BA,Nordeste,Todas,4G,10.62293747783859,53.1628725863697,49.93,3183.9089647288,30711,13888
2926202,Riachão das Neves,BA,Nordeste,Todas,4G,9.19800990121275,54.30411930505499,47.54,5977.9308552173,21642,10422
2926301,Riachão do Jacuípe,BA,Nordeste,Todas,4G,43.34063380634609,83.12869675912059,78.77,1155.4186413685,33386,16899
2926509,Ribeira do Amparo,BA,Nordeste,Todas,4G,44.35709572049279,59.58536449678491,59.93,644.22969220854,13841,6864
2926608,Ribeira do Pombal,BA,Nordeste,Todas,4G,32.98174583755856,78.99900907239402,76.74,1252.1437816874,54010,26427
2926657,Ribeirão do Largo,BA,Nordeste,Todas,4G,9.1619264163594,30.88793531827515,25.46,1363.6996583124,9740,5232
2927002,Rio Real,BA,Nordeste,Todas,4G,52.81757171050481,89.93033001527063,88.95,739.7754970376,35362,17068
2926707,Rio de Contas,BA,Nordeste,Todas,4G,23.65447285287275,62.54037924757282,61.54,1115.2517289519,13184,6176
2926806,Rio do Antônio,BA,Nordeste,Todas,4G,48.78543494696327,71.35902479841778,70.74,777.90350669209,13146,6576
2926905,Rio do Pires,BA,Nordeste,Todas,4G,32.46961051930059,78.90258645327238,77.93,656.22307769626,10497,4700
2927101,Rodelas,BA,Nordeste,Todas,4G,7.993126356473998,84.00985739231665,76.26,2207.1590972187,10308,4319
2927200,Ruy Barbosa,BA,Nordeste,Todas,4G,7.660479350915521,74.92465101477971,66.9,1991.7718930351,28282,14250
2927309,Salinas da Margarida,BA,Nordeste,Todas,4G,96.66714269384494,99.95925335290583,99.94,150.56941683306,14987,9063
2927408,Salvador,BA,Nordeste,Todas,4G,89.39311946917418,99.98690179585536,99.98,693.44205505639,2417678,1212383
2927606,Santa Brígida,BA,Nordeste,Todas,4G,13.63835130272373,41.42974006014033,41.74,934.46071240438,14965,7680
2927507,Santa Bárbara,BA,Nordeste,Todas,4G,60.00304786911035,81.74023768613975,80.91,347.02103582075,20952,10078
2927705,Santa Cruz Cabrália,BA,Nordeste,Todas,4G,26.5554905613932,90.81544766146992,89.64,1462.9416571431,29185,16666
2927804,Santa Cruz da Vitória,BA,Nordeste,Todas,4G,22.73206877048539,90.45406750694298,82.09,284.08261010779,4681,2280
2927903,Santa Inês,BA,Nordeste,Todas,4G,24.39182317502132,90.23201262135925,87.48,379.26969462487,10300,4840
2928059,Santa Luzia,BA,Nordeste,Todas,4G,21.61431138628254,69.38638097294186,62.21,824.47291370218,13896,6360
2928109,Santa Maria da Vitória,BA,Nordeste,Todas,4G,18.49399202675438,72.48253419334785,69.91,1984.9103772676,38604,17304
2928406,Santa Rita de Cássia,BA,Nordeste,Todas,4G,3.124681802574128,64.12674187659731,56.37,6030.4913554282,27390,14115
2928505,Santa Teresinha,BA,Nordeste,Todas,4G,48.47393347169699,76.69134182549564,74.89,719.25695000135,10441,5987
2928000,Santaluz,BA,Nordeste,Todas,4G,18.60501336086445,74.26660411270286,71.03,1623.4452798776,37834,17305
2928208,Santana,BA,Nordeste,Todas,4G,13.559252161141,70.32443183195313,68.38,1909.3528052955,24755,11815
2928307,Santanópolis,BA,Nordeste,Todas,4G,63.15618613785649,84.75318494722349,82.39,222.68555196309,8716,4413
2928604,Santo Amaro,BA,Nordeste,Todas,4G,77.99205742380549,95.2289770049275,94.71,494.50238382844,56012,29013
2928703,Santo Antônio de Jesus,BA,Nordeste,Todas,4G,70.85910081252125,96.5517684731454,96.14,261.73997193605,103055,48200
2928802,Santo Estêvão,BA,Nordeste,Todas,4G,68.93772491743096,93.79930063509067,92.8,360.33436646634,52276,22411
2929602,Sapeaçu,BA,Nordeste,Todas,4G,94.72890015948522,98.82672437788788,98.74,131.21774010019,17963,8010
2929750,Saubara,BA,Nordeste,Todas,4G,86.58710785335603,99.80787462843156,99.77,166.42762919462,11438,13627
2929800,Saúde,BA,Nordeste,Todas,4G,39.05614555615594,75.5883470127887,72.96,509.09801338308,10478,5949
2929909,Seabra,BA,Nordeste,Todas,4G,16.34270384633598,66.00541659445408,62.65,2402.1695981301,46160,22493
2930006,Sebastião Laranjeiras,BA,Nordeste,Todas,4G,18.20215459624615,60.65006517094019,54.32,1984.5107169196,9360,4737
2930105,Senhor do Bonfim,BA,Nordeste,Todas,4G,59.46332999599188,95.31371241093352,93.73,789.3605955263,74523,35063
2930204,Sento Sé,BA,Nordeste,Todas,4G,11.30611970485203,79.36578812182209,73.47,11980.171903327,38154,14445
2930303,Serra Dourada,BA,Nordeste,Todas,4G,13.87801721862492,51.26702625102543,50.38,1592.2450696167,17066,8197
2930402,Serra Preta,BA,Nordeste,Todas,4G,42.42753659805004,72.23848188486329,68.81,595.29684681261,17996,7667
2930154,Serra do Ramalho,BA,Nordeste,Todas,4G,56.44594635859935,83.35794255157502,82.7,2340.6838029193,34222,15253
2930501,Serrinha,BA,Nordeste,Todas,4G,79.445365502303,97.2433882016535,96.97,583.31135650229,80435,39114
2930600,Serrolândia,BA,Nordeste,Todas,4G,77.39200376461045,92.2698590176228,89.56,322.02233807899,13335,7616
2930709,Simões Filho,BA,Nordeste,Todas,4G,98.2970552310346,99.90622779528454,99.84,201.52839445193,114559,56268
2930774,Sobradinho,BA,Nordeste,Todas,4G,11.91007061018776,93.14227831207066,87.47,1355.9723512341,25475,10245
2930808,Souto Soares,BA,Nordeste,Todas,4G,34.04777172829522,78.21572944763692,71.85,1026.6342671192,17054,8504
2929701,Sátiro Dias,BA,Nordeste,Todas,4G,21.80167200171838,44.53517991004498,45.42,949.22304778391,16008,8006
2928901,São Desidério,BA,Nordeste,Todas,4G,9.34250243867133,57.63204124527842,51.83,15156.711780226,32828,15369
2928950,São Domingos,BA,Nordeste,Todas,4G,77.78164056752622,96.9844350818894,95.83,289.96308778019,8426,4469
2929107,São Felipe,BA,Nordeste,Todas,4G,53.96770166106472,75.98340580781935,76.56,222.40748565363,20283,9335
2929206,São Francisco do Conde,BA,Nordeste,Todas,4G,94.5445899564391,99.25378101360596,99.19,269.71528735502,38733,19241
2929008,São Félix,BA,Nordeste,Todas,4G,52.82459676153248,80.99998367495012,81.95,103.22646859241,11026,4994
2929057,São Félix do Coribe,BA,Nordeste,Todas,4G,6.017335934223464,78.47195142819534,72.44,1751.6705042705,15194,6949
2929255,São Gabriel,BA,Nordeste,Todas,4G,42.92517959037232,84.64534677419354,82.51,1146.0543678117,18600,8847
2929305,São Gonçalo dos Campos,BA,Nordeste,Todas,4G,89.32554713661457,98.173732189406,98.07,294.76805160092,39513,17695
2929354,São José da Vitória,BA,Nordeste,Todas,4G,36.30432012799692,90.40654562558797,86.23,127.92511750632,5315,2938
2929370,São José do Jacuípe,BA,Nordeste,Todas,4G,87.9166115763976,95.06722783940316,94.55,362.36521419095,10187,5698
2929404,São Miguel das Matas,BA,Nordeste,Todas,4G,56.06657754469285,70.44942810141282,70.04,230.9059580321,10334,4862
2929503,São Sebastião do Passé,BA,Nordeste,Todas,4G,75.34578950772641,94.46198129791492,93.13,536.67778068421,40958,20212
2930758,Sítio do Mato,BA,Nordeste,Todas,4G,12.76546012432247,43.55911918257756,43.16,1627.8054947104,13408,5361
2930766,Sítio do Quinto,BA,Nordeste,Todas,4G,26.32004347030131,67.1129851756583,61.43,684.08899408674,14773,6875
2930907,Tabocas do Brejo Velho,BA,Nordeste,Todas,4G,4.936483847583697,44.96637949745388,43.09,1437.1890130002,11979,5239
2931004,Tanhaçu,BA,Nordeste,Todas,4G,22.73593081915213,55.37618489955251,57.09,1277.5145227,21006,9419
2931053,Tanque Novo,BA,Nordeste,Todas,4G,30.25160590039493,66.866016435482,66.69,729.5157731283,17158,7332
2931103,Tanquinho,BA,Nordeste,Todas,4G,42.07563687423834,82.8904224439549,80.4,243.83898057981,7717,3354
2931202,Taperoá,BA,Nordeste,Todas,4G,19.46604589829274,60.06606295721569,60.25,454.08057180602,18044,8585
2931301,Tapiramutá,BA,Nordeste,Todas,4G,31.10266001505619,83.74331521051965,80.71,714.69148698422,15818,6216
2931350,Teixeira de Freitas,BA,Nordeste,Todas,4G,41.10749230235168,98.29083145107975,97.66,1165.6215841445,145216,64915
2931400,Teodoro Sampaio,BA,Nordeste,Todas,4G,59.28078311868592,81.47032348804501,81.35,244.61340372466,7110,3909
2931509,Teofilândia,BA,Nordeste,Todas,4G,82.82235180773135,91.14755147336608,90.9,351.89196103647,21176,10528
2931608,Teolândia,BA,Nordeste,Todas,4G,27.92815407399666,62.98897665014348,64.19,289.78173396788,15332,5611
2931707,Terra Nova,BA,Nordeste,Todas,4G,72.96682120776623,97.03300703834044,96.6,193.2410345104,10798,5310
2931806,Tremedal,BA,Nordeste,Todas,4G,17.74274827768458,37.44890893470791,36.17,2010.3156026043,16296,8557
2931905,Tucano,BA,Nordeste,Todas,4G,32.03545781452403,70.61538390512146,68.66,2198.2366312552,48736,25332
2932002,Uauá,BA,Nordeste,Todas,4G,19.35590457268383,59.657164808433,56.37,3060.1158812254,24665,12224
2932200,Ubaitaba,BA,Nordeste,Todas,4G,48.58346254093511,91.19263639463514,89.43,181.10182303993,17596,8799
2932309,Ubatã,BA,Nordeste,Todas,4G,28.58169319514412,91.54198210513236,89.41,177.64337289971,16094,7687
2932101,Ubaíra,BA,Nordeste,Todas,4G,16.27986331841257,58.03455062815419,56.3,659.07964545453,18626,9400
2932408,Uibaí,BA,Nordeste,Todas,4G,45.0110106991138,87.08224612864801,83.53,545.29765166611,13432,6933
2932457,Umburanas,BA,Nordeste,Todas,4G,8.757747473305812,63.36300102624249,57.91,1775.6331984424,13642,7259
2932507,Una,BA,Nordeste,Todas,4G,16.95183940136731,63.03315206000772,56.4,1126.7329672967,18131,10753
2932606,Urandi,BA,Nordeste,Todas,4G,15.651895490892,57.17684011722566,55.21,902.40212126916,15355,6840
2932705,Uruçuca,BA,Nordeste,Todas,4G,31.05493459726596,83.38242577030813,78.79,510.09788828361,21420,11653
2932804,Utinga,BA,Nordeste,Todas,4G,29.36382461032165,77.94545309332186,72.6,633.75973862856,16277,8205
2933000,Valente,BA,Nordeste,Todas,4G,83.73228361983197,96.365096872178,96.23,394.87703626544,24362,12277
2932903,Valença,BA,Nordeste,Todas,4G,26.58388350758134,77.22138602533418,77.15,1123.9748575602,85655,44994
2933174,Varzedo,BA,Nordeste,Todas,4G,56.47230647084345,74.48139715525069,74.09,221.39898193236,9913,4655
2933208,Vera Cruz,BA,Nordeste,Todas,4G,92.28934848866494,95.526716123116,98.12,297.53722561955,42529,44910
2933257,Vereda,BA,Nordeste,Todas,4G,9.577151826009892,53.08273196734966,49.79,782.15900555613,6003,3132
2933307,Vitória da Conquista,BA,Nordeste,Todas,4G,35.1123214857874,93.5077854232782,92.27,3254.1861162872,370879,160658
2933158,Várzea Nova,BA,Nordeste,Todas,4G,18.80789334812563,81.38091874112283,74.5,1225.8918396111,13377,7207
2933059,Várzea da Roça,BA,Nordeste,Todas,4G,77.44450100746604,88.91454057971015,88.59,468.40671913218,13800,7179
2933109,Várzea do Poço,BA,Nordeste,Todas,4G,87.38310764341665,98.1390741883718,96.67,206.477510146,8101,4723
2933406,Wagner,BA,Nordeste,Todas,4G,31.33319079445538,82.34095022624433,76.98,522.36957183276,9503,4308
2933455,Wanderley,BA,Nordeste,Todas,4G,4.210655363593435,58.25338294262801,54.8,2920.5785453758,12968,5862
2933505,Wenceslau Guimarães,BA,Nordeste,Todas,4G,22.33506664344373,62.47938506169814,59.59,655.05718753728,24474,11406
2933604,Xique-Xique,BA,Nordeste,Todas,4G,7.990655989020999,80.38913331992761,75.93,5079.6617339604,44757,18031
2900405,Água Fria,BA,Nordeste,Todas,4G,28.08242397116359,60.6351314064979,60.59,742.77511153733,14497,8042
2900504,Érico Cardoso,BA,Nordeste,Todas,4G,16.66210092673479,45.06258393059223,46.76,735.24915247529,10604,4209
