CNPJ,Velocidade,Município,UF,Faixa de Velocidade,Tecnologia,Empresa,Porte da Prestadora,Tipo de Pessoa,Tipo de Produto,Código IBGE Município,Grupo Econômico,Meio de Acesso,2026-01,2026-02,2026-03,2026-04,2026-05,2026-06,2026-07,2026-08
66970229000167,600.0,Salvador,BA,> 34Mbps,HFC,CLARO,Grande Porte,Pessoa Física,INTERNET,2927408,TELECOM AMERICAS,Cabo Coaxial,33818.0,33970.0,34318.0,34793.0,35085.0,36189.0,37487.0,37382.0
02558157000162,500.0,Salvador,BA,> 34Mbps,FTTH,VIVO,Grande Porte,Pessoa Física,INTERNET,2927408,TELEFONICA,Fibra,31217.0,31283.0,31271.0,31188.0,30978.0,30863.0,30816.0,30791.0
53420564000140,500.0,Salvador,BA,> 34Mbps,FTTH,OI,Grande Porte,Pessoa Física,INTERNET,2927408,OI,Fibra,27899.0,28121.0,26920.0,27689.0,28168.0,27866.0,27774.0,27544.0
66970229000167,350.0,Salvador,BA,> 34Mbps,HFC,CLARO,Grande Porte,Pessoa Física,INTERNET,2927408,TELECOM AMERICAS,Cabo Coaxial,27597.0,27297.0,27207.0,28456.0,30353.0,31195.0,29656.0,27182.0
53420564000140,700.0,Salvador,BA,> 34Mbps,FTTH,OI,Grande Porte,Pessoa Física,INTERNET,2927408,OI,Fibra,25304.0,25554.0,26447.0,26159.0,25877.0,25448.0,24645.0,23777.0
02421421000111,600.0,Salvador,BA,> 34Mbps,FTTH,TIM,Grande Porte,Pessoa Física,INTERNET,2927408,TELECOM ITALIA,Fibra,19335.0,20369.0,21199.0,21766.0,22215.0,22414.0,22870.0,23176.0
53420564000140,600.0,Salvador,BA,> 34Mbps,FTTH,OI,Grande Porte,Pessoa Física,INTERNET,2927408,OI,Fibra,22115.0,21407.0,22392.0,22156.0,21971.0,21808.0,22141.0,22650.0
66970229000167,600.0,Salvador,BA,> 34Mbps,FTTH,CLARO,Grande Porte,Pessoa Física,INTERNET,2927408,TELECOM AMERICAS,Fibra,12900.0,13822.0,15153.0,16493.0,17407.0,18933.0,21063.0,22489.0
02558157000162,700.0,Salvador,BA,> 34Mbps,FTTH,VIVO,Grande Porte,Pessoa Física,INTERNET,2927408,TELEFONICA,Fibra,12788.0,13363.0,14445.0,15452.0,16566.0,17614.0,18793.0,19790.0
02558157000162,300.0,Salvador,BA,> 34Mbps,FTTH,VIVO,Grande Porte,Pessoa Física,INTERNET,2927408,TELEFONICA,Fibra,14457.0,14520.0,13883.0,13661.0,13209.0,12705.0,12039.0,11547.0
66970229000167,600.0,Feira de Santana,BA,> 34Mbps,FTTH,CLARO,Grande Porte,Pessoa Física,INTERNET,2910800,TELECOM AMERICAS,Fibra,6543.0,7015.0,7661.0,8247.0,8955.0,9804.0,10879.0,11421.0
02421421000111,500.0,Salvador,BA,> 34Mbps,FTTH,TIM,Grande Porte,Pessoa Física,INTERNET,2927408,TELECOM ITALIA,Fibra,12989.0,12503.0,12063.0,11700.0,11495.0,11279.0,11123.0,10906.0
66970229000167,600.0,Vitória da Conquista,BA,> 34Mbps,FTTH,CLARO,Grande Porte,Pessoa Física,INTERNET,2933307,TELECOM AMERICAS,Fibra,5554.0,6036.0,6699.0,7297.0,7976.0,8685.0,9696.0,10192.0
02558157000162,600.0,Salvador,BA,> 34Mbps,FTTH,VIVO,Grande Porte,Pessoa Física,INTERNET,2927408,TELEFONICA,Fibra,7471.0,7952.0,8357.0,8676.0,8980.0,9283.0,9487.0,9691.0
66970229000167,350.0,Salvador,BA,> 34Mbps,FTTH,CLARO,Grande Porte,Pessoa Física,INTERNET,2927408,TELECOM AMERICAS,Fibra,6405.0,6718.0,7134.0,7579.0,8165.0,8652.0,9108.0,9457.0
66970229000167,600.0,Ilhéus,BA,> 34Mbps,FTTH,CLARO,Grande Porte,Pessoa Física,INTERNET,2913606,TELECOM AMERICAS,Fibra,5399.0,5854.0,6402.0,6894.0,7429.0,8155.0,8923.0,9324.0
29726583000114,600.0,Casa Nova,BA,> 34Mbps,FTTH,FIBERSTAR,Pequeno Porte,Pessoa Física,INTERNET,2907202,OUTROS,Fibra,8870.0,8879.0,8889.0,8909.0,9358.0,9271.0,9170.0,9183.0
07146090000172,220.0,Vitória da Conquista,BA,> 34Mbps,FTTH,He Net,Pequeno Porte,Pessoa Física,INTERNET,2933307,OUTROS,Fibra,,,8427.0,8402.0,8331.0,8325.0,8208.0,8003.0
31540563000104,100.0,Juazeiro,BA,> 34Mbps,FTTH,JR TELECOM,Pequeno Porte,Pessoa Física,INTERNET,2918407,OUTROS,Fibra,8000.0,,8000.0,8000.0,8000.0,8000.0,8000.0,8000.0
66970229000167,600.0,Itabuna,BA,> 34Mbps,FTTH,CLARO,Grande Porte,Pessoa Física,INTERNET,2914802,TELECOM AMERICAS,Fibra,4156.0,4487.0,4917.0,5266.0,5795.0,6439.0,7239.0,7572.0
07146090000172,550.0,Vitória da Conquista,BA,> 34Mbps,FTTH,He Net,Pequeno Porte,Pessoa Física,INTERNET,2933307,OUTROS,Fibra,,,7697.0,7756.0,7784.0,7758.0,7671.0,7568.0
31540563000104,300.0,Juazeiro,BA,> 34Mbps,FTTH,JR TELECOM,Pequeno Porte,Pessoa Física,INTERNET,2918407,OUTROS,Fibra,7530.0,,7530.0,7530.0,7530.0,7530.0,7530.0,7530.0
66970229000167,600.0,Camaçari,BA,> 34Mbps,FTTH,CLARO,Grande Porte,Pessoa Física,INTERNET,2905701,TELECOM AMERICAS,Fibra,4567.0,4648.0,4995.0,5518.0,6020.0,6627.0,7110.0,7290.0
20274381000104,400.0,Salvador,BA,> 34Mbps,FTTH,xxxxx,Pequeno Porte,Pessoa Física,INTERNET,2927408,OUTROS,Fibra,6054.0,6962.0,6813.0,6794.0,6734.0,6734.0,7436.0,7057.0
02558157000162,50.0,Salvador,BA,> 34Mbps,FTTH,VIVO,Grande Porte,Pessoa Jurídica,INTERNET,2927408,TELEFONICA,Fibra,4963.0,5143.0,5478.0,5743.0,6013.0,6217.0,6491.0,6792.0
07146090000172,220.0,Itabuna,BA,> 34Mbps,FTTH,He Net,Pequeno Porte,Pessoa Física,INTERNET,2914802,OUTROS,Fibra,,,6822.0,6834.0,6844.0,6878.0,6803.0,6643.0
20274381000104,1000.0,Salvador,BA,> 34Mbps,FTTH,xxxxx,Pequeno Porte,Pessoa Física,INTERNET,2927408,OUTROS,Fibra,5372.0,6092.0,6153.0,6323.0,6439.0,4860.0,6886.0,6479.0
02421421000111,1000.0,Salvador,BA,> 34Mbps,FTTH,TIM,Grande Porte,Pessoa Física,INTERNET,2927408,TELECOM ITALIA,Fibra,5965.0,6006.0,6060.0,6097.0,6165.0,6221.0,6229.0,6329.0
12664949000175,200.0,Vitória da Conquista,BA,> 34Mbps,FTTH,Grupo Connect,Pequeno Porte,Pessoa Física,INTERNET,2933307,OUTROS,Fibra,1512.0,2823.0,2587.0,3742.0,3985.0,2170.0,1795.0,5992.0
07146090000172,330.0,Vitória da Conquista,BA,> 34Mbps,FTTH,He Net,Pequeno Porte,Pessoa Física,INTERNET,2933307,OUTROS,Fibra,,,5882.0,5840.0,5777.0,5705.0,5605.0,5462.0
53420564000140,200.0,Salvador,BA,> 34Mbps,FTTH,OI,Grande Porte,Pessoa Física,INTERNET,2927408,OI,Fibra,7212.0,6900.0,6288.0,6077.0,5794.0,5772.0,5585.0,5429.0
07146090000172,220.0,Ilhéus,BA,> 34Mbps,FTTH,He Net,Pequeno Porte,Pessoa Física,INTERNET,2913606,OUTROS,Fibra,,,5316.0,5277.0,5365.0,5336.0,5495.0,5378.0
33524970000145,320.0,Porto Seguro,BA,> 34Mbps,FTTH,Netcenter,Pequeno Porte,Pessoa Física,INTERNET,2925303,OUTROS,Fibra,,,,,,4831.0,5027.0,4982.0
66970229000167,400.0,Salvador,BA,> 34Mbps,HFC,CLARO,Grande Porte,Pessoa Física,INTERNET,2927408,TELECOM AMERICAS,Cabo Coaxial,868.0,906.0,949.0,928.0,917.0,886.0,2807.0,4955.0
66970229000167,350.0,Camaçari,BA,> 34Mbps,FTTH,CLARO,Grande Porte,Pessoa Física,INTERNET,2905701,TELECOM AMERICAS,Fibra,4347.0,4370.0,4398.0,4616.0,4808.0,4827.0,4812.0,4804.0
31540563000104,1000.0,Juazeiro,BA,> 34Mbps,FTTH,JR TELECOM,Pequeno Porte,Pessoa Física,INTERNET,2918407,OUTROS,Fibra,3670.0,,3692.0,3732.0,4898.0,4757.0,4712.0,4740.0
02421421000111,400.0,Salvador,BA,> 34Mbps,FTTH,TIM,Grande Porte,Pessoa Física,INTERNET,2927408,TELECOM ITALIA,Fibra,3906.0,4002.0,4110.0,4238.0,4401.0,4485.0,4496.0,4512.0
08850047000156,100.0,Juazeiro,BA,> 34Mbps,FTTH,KASATECH PROVEDOR DE INTERNET,Pequeno Porte,Pessoa Física,INTERNET,2918407,OUTROS,Fibra,3476.0,4457.0,3476.0,4521.0,4382.0,4382.0,4382.0,4382.0
07146090000172,330.0,Ilhéus,BA,> 34Mbps,FTTH,He Net,Pequeno Porte,Pessoa Física,INTERNET,2913606,OUTROS,Fibra,,,4244.0,4223.0,4387.0,4434.0,4420.0,4338.0
66970229000167,600.0,Lauro de Freitas,BA,> 34Mbps,HFC,CLARO,Grande Porte,Pessoa Física,INTERNET,2919207,TELECOM AMERICAS,Cabo Coaxial,3900.0,3929.0,3929.0,3941.0,3966.0,4105.0,4240.0,4224.0
