ano,IdeConjUndConsumidoras,DscConjUndConsumidoras,meses_apurados,consumidores_dez,DEC_anual_horas,FEC_anual_vezes,limite_DEC,limite_FEC,DEC_acima_limite,FEC_acima_limite
2025,17134,ABRANTES,12,26121,6.15,2.86,8.0,6.0,False,False
2025,14240,AGUAS CLARAS,12,58109,3.46,1.91,7.0,5.0,False,False
2025,17169,ALAGOINHAS,12,70237,7.1,2.94,9.0,6.0,False,False
2025,14242,ALCOBACA,12,15331,15.35,4.84,14.0,8.0,True,False
2025,14243,AMARALINA,12,46379,5.67,3.28,7.0,4.0,False,False
2025,14244,AMARGOSA,12,28620,9.4,3.3,17.0,7.0,False,False
2025,17170,AMELIA RODRIGUES,12,33415,12.06,6.79,15.0,8.0,False,False
2025,14246,AMERICA DOURADA,12,14845,8.05,2.57,15.0,7.0,False,False
2025,14247,ANAGE,12,14707,9.8,2.74,18.0,8.0,False,False
2025,17171,ANGELICA,12,72877,3.52,2.06,7.0,5.0,False,False
2025,14249,ANGICAL,12,34206,16.84,6.06,19.0,9.0,False,False
2025,17133,AREMBEPE,12,19386,7.07,3.07,8.0,6.0,False,False
2025,16343,ASA BRANCA,12,40965,5.46,2.97,7.0,4.0,False,False
2025,14252,BARRA,12,31081,15.93,4.99,16.0,7.0,False,False
2025,17135,BARRA DA ESTIVA,12,33763,8.99,4.13,17.0,7.0,False,False
2025,17160,BARRA DO CHOCA,12,20803,8.2,2.49,8.0,5.0,True,False
2025,17172,BARRA GRANDE,12,30847,10.64,4.14,11.0,7.0,False,False
2025,17137,BARREIRAS,12,31132,8.71,3.79,12.0,6.0,False,False
2025,14256,BARREIRAS NORTE,12,40425,6.37,3.21,9.0,6.0,False,False
2025,14257,BARRO VERMELHO,12,9749,11.3,4.82,18.0,7.0,False,False
2025,14259,BETANIA,12,28201,35.97,10.69,18.0,9.0,True,True
2025,14260,BOM JESUS DA LAPA,12,25859,8.65,3.99,12.0,6.0,False,False
2025,14262,BOQUIRA,12,45443,10.26,4.16,18.0,7.0,False,False
2025,14263,BRUMADO,12,44745,5.32,2.47,13.0,7.0,False,False
2025,16344,BURACICA,12,12525,14.33,4.67,17.0,8.0,False,False
2025,14265,CABROBO - CELPE,12,2154,15.44,4.9,17.0,7.0,False,False
2025,14266,CAETITE,12,23709,7.53,2.92,16.0,7.0,False,False
2025,14267,CAJAZEIRAS  I,12,13022,2.46,1.86,7.0,5.0,False,False
2025,14268,CAJAZEIRAS II,12,69194,3.44,1.87,7.0,5.0,False,False
2025,14269,CAMACA,12,22032,34.83,7.72,17.0,8.0,True,False
2025,14270,CAMACARI  I,12,40179,7.48,3.93,8.0,5.0,False,False
2025,17139,CAMACARI III,12,45018,4.95,2.16,7.0,5.0,False,False
2025,17140,CAMACARI V,12,8944,3.64,2.77,7.0,5.0,False,False
2025,14272,CANDEAL,12,26107,2.42,1.62,5.0,3.0,False,False
2025,14273,CARRANCA,12,43874,20.18,7.84,15.0,7.0,True,True
2025,14274,CASA NOVA,12,16656,13.51,3.23,15.0,8.0,False,False
2025,14275,CASTRO ALVES,12,19672,16.11,5.47,18.0,8.0,False,False
2025,14276,CATU,12,30270,8.95,3.02,11.0,7.0,False,False
2025,14277,CENTRAL AEREO,12,11394,2.18,1.55,6.0,4.0,False,False
2025,14278,CENTRAL SUBTERRANEO,12,2053,4.75,1.98,6.0,5.0,False,False
2025,16345,CENTRO ADMINISTRATIVO DA BAHIA,12,60142,5.07,2.06,7.0,4.0,False,False
2025,15708,CENTRO INDUSTRIAL DE FEIRA SANTANA,12,8934,8.31,4.13,9.0,7.0,False,False
2025,17158,CENTRO INDUSTRIAL TEIXEIRA DE FREITAS,12,27797,7.05,3.46,9.0,6.0,False,False
2025,14280,CERRADO,12,25319,15.44,6.22,17.0,8.0,False,False
2025,14281,CIA I,12,9765,7.3,5.15,7.0,5.0,True,True
2025,14282,CIA II,12,12919,11.55,6.09,10.0,7.0,True,False
2025,14283,CIA III,12,44016,6.86,4.0,8.0,5.0,False,False
2025,15701,CICERO DANTAS,12,18125,8.19,2.29,17.0,8.0,False,False
2025,15706,CICERO DANTAS III,12,18283,7.02,2.99,17.0,7.0,False,False
2025,15707,CIPO,12,13849,8.42,2.46,18.0,7.0,False,False
2025,14285,CONCEICAO DO COITE,12,40398,6.49,3.12,15.0,7.0,False,False
2025,14286,CONDE,12,11629,19.27,5.97,16.0,9.0,True,False
2025,14287,COPEC,12,22127,8.22,4.16,10.0,6.0,False,False
2025,14288,COROA VERMELHA,12,16641,19.99,10.57,9.0,6.0,True,True
2025,16346,CORRENTINA II,12,19325,16.25,6.46,18.0,8.0,False,False
2025,14291,CRUZ DAS ALMAS,12,38822,12.58,4.49,14.0,7.0,False,False
2025,14292,CURACA,12,10936,7.83,1.34,10.0,6.0,False,False
2025,14293,DISTRITO INDUSTRIAL DE ILHEUS,12,20055,15.86,6.96,10.0,7.0,True,False
2025,15710,DISTRITO INDUSTRIAL DE JUAZEIRO,12,23856,6.24,2.68,8.0,5.0,False,False
2025,16347,DOM JOAO,12,13582,8.29,2.49,14.0,7.0,False,False
2025,14295,ENTRE RIOS,12,15539,16.11,3.99,16.0,8.0,True,False
2025,14296,ESPLANADA,12,28248,9.25,3.45,17.0,8.0,False,False
2025,17161,EUCLIDES DA CUNHA,12,38011,13.21,4.82,17.0,8.0,False,False
2025,17141,"EUNAPOLIS 13,8kV",12,40470,12.68,3.69,9.0,6.0,True,False
2025,14299,"EUNAPOLIS 34,5kV",12,19564,21.62,5.08,16.0,8.0,True,False
2025,17142,EUNAPOLIS III,12,17578,6.4,2.4,9.0,6.0,False,False
2025,16348,FEDERACAO,12,46230,4.36,2.14,7.0,4.0,False,False
2025,14301,FEIRA DE SANTANA  I,12,19381,3.95,1.99,5.0,4.0,False,False
2025,14303,"FEIRA DE SANTANA  II 34,5kV",12,62191,8.2,5.43,17.0,7.0,False,False
2025,16349,"FEIRA DE SANTANA II 13,8kV",12,90078,4.5,3.04,7.0,4.0,False,False
2025,16350,FONTE NOVA,12,30214,2.38,1.94,7.0,4.0,False,False
2025,17174,FORMOSO,12,36049,14.75,6.33,18.0,8.0,False,False
2025,14305,FUNIL - CHESF,12,22363,22.94,6.63,17.0,8.0,True,False
2025,14306,GANDU,12,32561,20.74,4.54,17.0,8.0,True,False
2025,14307,GRACA,12,34933,3.95,2.31,6.0,4.0,False,False
2025,17175,GUANAMBI,12,83643,9.09,2.96,14.0,6.0,False,False
2025,14309,GUARAJUBA,12,25716,11.6,5.59,8.0,6.0,True,False
2025,14310,IACU,12,22440,5.99,1.82,15.0,7.0,False,False
2025,14311,IBIPEBA,12,34588,5.44,1.73,16.0,7.0,False,False
2025,17152,IGAPORA,12,9506,18.21,7.09,18.0,8.0,True,False
2025,17168,ILHEUS,12,45204,14.6,8.21,10.0,6.0,True,True
2025,16351,IMBUI,12,26573,4.57,2.01,7.0,4.0,False,False
2025,14314,INHAMBUPE,12,21747,11.17,3.54,18.0,8.0,False,False
2025,14315,IPIAU,12,56004,18.9,6.06,15.0,7.0,True,False
2025,17136,IRAMAIA,12,9661,13.98,3.72,17.0,7.0,False,False
2025,16352,IRARA,12,28515,7.5,3.83,14.0,7.0,False,False
2025,16353,IRECE,12,67531,7.32,3.03,13.0,6.0,False,False
2025,16354,IRECE ASA SUL,12,21477,4.0,1.69,12.0,6.0,False,False
2025,14317,ITABERABA,12,31536,4.64,2.59,14.0,7.0,False,False
2025,17163,ITABEROE,12,18023,31.6,8.47,17.0,9.0,True,False
2025,17165,"ITABUNA 13,8kV",12,41711,5.34,2.57,10.0,6.0,False,False
2025,17166,"ITABUNA 34,5kV",12,30226,30.19,11.16,15.0,7.0,True,True
2025,17167,"ITABUNA II 34,5kV",12,87727,14.85,5.43,8.0,5.0,True,True
2025,14322,ITAMARAJU,12,29114,16.29,5.21,14.0,8.0,True,False
2025,17182,"ITAMBE 13,8 kV",12,8312,8.46,2.34,17.0,8.0,False,False
2025,17183,"ITAMBE 34,5 kV",12,20328,10.39,3.62,17.0,8.0,False,False
2025,16355,ITAPAGIPE,12,69421,3.32,1.71,7.0,4.0,False,False
2025,14327,ITAPEBI,12,6999,18.09,3.92,16.0,8.0,True,False
2025,14328,ITAPETINGA,12,33336,5.95,2.33,13.0,7.0,False,False
2025,16356,ITINGA,12,27632,3.77,2.21,7.0,4.0,False,False
2025,17144,ITIUBA,12,21019,9.8,2.9,17.0,8.0,False,False
2025,17146,JACOBINA,12,114958,9.32,3.69,15.0,6.0,False,False
2025,14331,JAGUAQUARA,12,43552,8.13,3.72,17.0,8.0,False,False
2025,14332,JEQUIE  I,12,32561,6.47,3.7,9.0,5.0,False,False
2025,14333,JEQUIE  II,12,44897,3.3,1.84,11.0,6.0,False,False
2025,17176,JEREMOABO,12,62249,8.37,3.31,18.0,8.0,False,False
2025,14335,JOAO DOURADO,12,10830,7.63,3.47,12.0,6.0,False,False
2025,17147,JUAZEIRO DA BAHIA,12,30203,3.54,2.28,7.0,5.0,False,False
2025,17148,JUAZEIRO IV,12,18736,4.51,1.96,7.0,5.0,False,False
2025,14337,JUNCO,12,9920,14.72,4.82,13.0,7.0,True,False
2025,14338,KM 43,12,33115,6.19,2.72,15.0,8.0,False,False
2025,15719,LAPINHA,12,23153,2.26,0.94,7.0,5.0,False,False
2025,16357,LAURO DE FREITAS,12,70330,7.42,3.13,7.0,4.0,True,False
2025,14341,LENCOIS,12,80634,11.39,3.84,16.0,7.0,False,False
2025,14342,LICINIO DE ALMEIDA,12,19776,11.06,3.18,15.0,8.0,False,False
2025,14343,LIVRAMENTO DE BRUMADO,12,39326,9.98,5.28,15.0,7.0,False,False
2025,16358,LOBATO,12,26171,3.63,2.39,7.0,4.0,False,False
2025,14345,MAIQUINIQUE,12,21604,9.46,4.15,15.0,8.0,False,False
2025,14346,MALHADA,12,21373,16.47,5.65,17.0,7.0,False,False
2025,14347,MANICOBA,12,4858,19.28,5.73,11.0,6.0,True,False
2025,17179,MARAGOGIPE,12,9307,19.14,7.11,14.0,8.0,True,False
2025,17164,MARAU I,12,43582,31.81,9.03,15.0,7.0,True,True
2025,17177,MASSANGANO II,12,13912,7.86,3.17,13.0,6.0,False,False
2025,14349,MATARANDIBA,12,12665,12.18,4.43,12.0,8.0,True,False
2025,14350,MATARIPE,12,35008,6.87,3.17,11.0,6.0,False,False
2025,15720,MATATU - CHESF,12,59777,4.34,2.12,7.0,4.0,False,False
2025,14352,MEDEIROS NETO,12,29296,17.89,4.01,14.0,7.0,True,False
2025,14353,MIGUEL CALMOM,12,21091,10.1,4.38,17.0,7.0,False,False
2025,14354,MILAGRES,12,15249,10.4,3.2,15.0,7.0,False,False
2025,14355,MIROROS,12,4897,11.56,3.16,11.0,7.0,True,False
2025,14356,MODELO REDUZIDO - CHESF,12,12710,2.02,0.77,6.0,5.0,False,False
2025,17162,MONTE SANTO,12,14384,5.76,1.82,17.0,8.0,False,False
2025,17173,MORRO DO CHAPEU,12,26927,8.96,3.58,15.0,6.0,False,False
2025,14358,MOXOTO - CHESF,12,22313,4.66,2.08,11.0,6.0,False,False
2025,14359,MUCUGE,12,14199,9.44,2.92,11.0,7.0,False,False
2025,14360,MULUNGU - CHESF,12,17256,8.03,3.92,10.0,6.0,False,False
2025,14361,MUNDO NOVO,12,35710,11.1,3.78,17.0,8.0,False,False
2025,14362,MURITIBA,12,21724,9.02,2.97,14.0,7.0,False,False
2025,17131,MUTUIPE,12,29421,14.59,4.77,15.0,8.0,False,False
2025,14364,NAZARE,12,19699,15.61,6.25,16.0,8.0,False,False
2025,14365,NUCLEO PILAR/MINERACAO CARAIBA,12,9083,9.77,2.33,16.0,7.0,False,False
2025,14366,OLINDINA - CHESF,12,34781,12.37,7.07,17.0,8.0,False,False
2025,14367,OLIVEIRA DOS BREJINHOS,12,28712,14.92,7.68,19.0,8.0,False,False
2025,14368,PARAMIRIM,12,36768,11.26,6.95,18.0,8.0,False,False
2025,14369,PARATINGA,12,29910,11.49,5.53,16.0,7.0,False,False
2025,14371,PARIPE,12,38767,4.21,3.98,7.0,5.0,False,False
2025,14372,PATAGONIA,12,96762,4.77,1.99,8.0,4.0,False,False
2025,15713,PATAMARES,12,30925,5.45,3.62,7.0,4.0,False,False
2025,14374,PEDRA BRANCA,12,3966,14.91,2.57,12.0,7.0,True,False
2025,14375,PEDRINHAS,12,28898,6.71,1.77,16.0,7.0,False,False
2025,14376,PERIPERI,12,36969,3.57,3.3,7.0,5.0,False,False
2025,15714,PITUACU II,12,53220,4.01,3.08,7.0,4.0,False,False
2025,14378,PITUBA,12,36002,4.07,2.85,6.0,3.0,False,False
2025,15703,POCO VERDE - ENERGIPE,12,3052,8.81,2.79,18.0,7.0,False,False
2025,14380,POCOES,12,51628,7.45,3.76,17.0,7.0,False,False
2025,14381,PONTO DO ASTERIO,12,36854,10.94,2.83,17.0,8.0,False,False
2025,14382,PONTO NOVO,12,15582,8.83,2.84,17.0,7.0,False,False
2025,17149,PORTO SEGURO,12,43668,6.76,3.82,8.0,5.0,False,False
2025,14384,POSTO DA MATA,12,32523,29.83,8.62,13.0,7.0,True,True
2025,14385,PRADO,12,11523,21.03,8.27,13.0,7.0,True,True
2025,14386,PRES JANIO QUADROS,12,45240,14.37,4.12,18.0,8.0,False,False
2025,17132,PRESIDENTE TANCREDO NEVES,12,14207,22.37,5.12,15.0,8.0,True,False
2025,17143,QUEIMADAS II,12,32757,7.63,2.32,17.0,8.0,False,False
2025,14387,REMANSO,12,32119,12.49,4.07,19.0,8.0,False,False
2025,15716,RETIRO,12,50562,3.79,2.36,7.0,5.0,False,False
2025,14388,RIACHAO DAS NEVES,12,23263,14.35,7.17,17.0,8.0,False,False
2025,14389,RIACHAO DO JACUIPE,12,22822,8.5,4.64,16.0,7.0,False,False
2025,17151,RIACHO DE SANTANA,12,16216,7.33,3.72,18.0,8.0,False,False
2025,15704,RIBEIRA DO POMBAL,12,36145,6.59,2.07,16.0,7.0,False,False
2025,14397,RIO BRANCO,12,11809,16.38,7.58,20.0,8.0,False,False
2025,14400,RIO DAS EGUAS,12,2540,61.3,14.5,24.0,7.0,True,True
2025,14401,RIO DAS PEDRAS,12,29679,7.43,4.04,8.0,6.0,False,False
2025,14403,RIO DO ANTONIO,12,34475,8.86,3.51,17.0,7.0,False,False
2025,14406,RODA VELHA,12,3708,13.76,5.27,13.0,6.0,True,False
2025,16361,RODELAS,12,5944,8.12,1.54,14.0,7.0,False,False
2025,16362,SANTA BARBARA,12,26168,10.97,5.19,14.0,7.0,False,False
2025,14409,SANTA BRIGIDA,12,7758,3.43,1.04,18.0,7.0,False,False
2025,16363,SANTA MONICA,12,44675,3.78,2.21,7.0,4.0,False,False
2025,14411,SANTO AMARO,12,31076,8.54,4.86,13.0,7.0,False,False
2025,17153,SANTO ANTONIO DE JESUS,12,48172,5.61,2.32,10.0,6.0,False,False
2025,17154,SANTO ANTONIO DE JESUS III,12,9291,12.77,4.43,10.0,6.0,True,False
2025,15715,SAO CRISTOVAO,12,95897,5.62,3.73,6.0,4.0,False,False
2025,17138,SAO DESIDERIO,12,11670,12.13,4.16,12.0,6.0,True,False
2025,14415,SAO FELIPE,12,15705,14.56,4.27,15.0,8.0,False,False
2025,14416,SAO GONCALO DOS CAMPOS,12,9222,8.1,2.78,14.0,8.0,False,False
2025,17180,SAO MIGUEL,12,40826,7.62,2.88,17.0,7.0,False,False
2025,17178,SAO ROQUE,12,7895,14.97,4.0,14.0,8.0,True,False
2025,14421,SAQUINHO - ENERGIPE,12,6966,13.28,4.2,17.0,7.0,False,False
2025,17145,SAUDE,12,13390,9.01,1.97,15.0,6.0,False,False
2025,17129,SAUIPE,12,15873,21.66,8.22,13.0,6.0,True,True
2025,17181,SENHOR DO BONFIM,12,62733,6.46,2.46,14.0,6.0,False,False
2025,16364,SENTO SE,12,15803,7.53,2.46,14.0,7.0,False,False
2025,14426,SERRA,12,15964,14.0,6.14,11.0,8.0,True,False
2025,14427,SERRA DO RAMALHO,12,22731,10.92,2.87,15.0,6.0,False,False
2025,17155,SERRINHA,12,43261,4.65,2.25,15.0,7.0,False,False
2025,17156,SERRINHA II,12,13195,7.56,4.11,15.0,7.0,False,False
2025,15705,SIMAO DIAS - ENERGIPE,12,13051,9.91,3.52,17.0,7.0,False,False
2025,15709,SUBAE,12,14923,5.95,2.23,9.0,6.0,False,False
2025,17130,SUBAUMA,12,6504,24.82,10.03,13.0,6.0,True,True
2025,14430,TANHACU,12,20241,6.51,1.95,15.0,7.0,False,False
2025,14423,TAQUIPE,12,13905,5.83,2.23,11.0,7.0,False,False
2025,17157,TEIXEIRA DE FREITAS,12,37302,8.68,4.64,9.0,6.0,False,False
2025,14417,TEOFILANDIA,12,34360,4.13,1.74,14.0,8.0,False,False
2025,17150,TRANCOSO,12,13345,33.03,8.43,10.0,7.0,True,True
2025,14398,TUCANO,12,29605,10.47,2.78,16.0,7.0,False,False
2025,14393,VALENCA,12,38384,14.03,4.7,13.0,7.0,True,False
2025,14392,VALENTE,12,45454,6.75,2.62,16.0,8.0,False,False
2025,17159,VITORIA DA CONQUISTA,12,83009,3.62,1.32,8.0,5.0,False,False
2025,14390,WAGNER,12,13610,11.32,6.24,14.0,7.0,False,False
2025,14373,XIQUE-XIQUE,12,19966,12.53,4.14,14.0,7.0,False,False
2025,14370,ZEBU,12,1625,1.33,0.3,8.0,5.0,False,False
