ano,codigo_ibge,municipio,n_conjuntos,conjuntos,DEC_ponderado_horas,FEC_ponderado_vezes,conjuntos_DEC_acima_limite
2025,2900207,Abaré,4,CABROBO - CELPE; PEDRA BRANCA; RODELAS; JEREMOABO,8.9,3.18,1
2025,2900108,Abaíra,2,LIVRAMENTO DE BRUMADO; BARRA DA ESTIVA,9.52,4.75,0
2025,2900306,Acajutiba,2,ENTRE RIOS; ESPLANADA,11.68,3.64,1
2025,2900355,Adustina,4,POCO VERDE - ENERGIPE; SIMAO DIAS - ENERGIPE; CICERO DANTAS III; JEREMOABO,8.34,3.26,0
2025,2900603,Aiquara,1,IPIAU,18.9,6.06,1
2025,2900702,Alagoinhas,5,CATU; INHAMBUPE; TAQUIPE; BURACICA; ALAGOINHAS,8.56,3.12,0
2025,2900801,Alcobaça,4,ALCOBACA; ITAMARAJU; PRADO; TEIXEIRA DE FREITAS,13.68,5.3,3
2025,2900900,Almadina,2,"ITABUNA 34,5kV; ITABUNA II 34,5kV",18.78,6.9,2
2025,2901007,Amargosa,3,AMARGOSA; JAGUAQUARA; MILAGRES,8.94,3.49,0
2025,2901106,Amélia Rodrigues,2,DOM JOAO; AMELIA RODRIGUES,10.97,5.55,0
2025,2901155,América Dourada,4,AMERICA DOURADA; IBIPEBA; JOAO DOURADO; IRECE,6.92,2.66,0
2025,2901205,Anagé,4,ANAGE; PATAGONIA; POCOES; VITORIA DA CONQUISTA,5.24,2.18,0
2025,2901304,Andaraí,4,LENCOIS; MUCUGE; IRAMAIA; SAO MIGUEL,10.31,3.47,0
2025,2901353,Andorinha,5,NUCLEO PILAR/MINERACAO CARAIBA; ITIUBA; MONTE SANTO; JEREMOABO; SENHOR DO BONFIM,7.69,2.77,0
2025,2901403,Angical,3,ANGICAL; BARREIRAS NORTE; BARREIRAS,10.45,4.3,0
2025,2901502,Anguera,1,"FEIRA DE SANTANA  II 34,5kV",8.2,5.43,0
2025,2901601,Antas,3,CICERO DANTAS; CICERO DANTAS III; JEREMOABO,8.09,3.06,0
2025,2901700,Antônio Cardoso,2,"FEIRA DE SANTANA  II 34,5kV; ANGELICA",5.67,3.61,0
2025,2901809,Antônio Gonçalves,3,PEDRINHAS; SAUDE; SENHOR DO BONFIM,6.85,2.21,0
2025,2901908,Aporá,4,ENTRE RIOS; ESPLANADA; INHAMBUPE; OLINDINA - CHESF,11.81,4.81,1
2025,2901957,Apuarema,4,GANDU; IPIAU; JAGUAQUARA; JEQUIE  II,12.63,4.13,2
2025,2902005,Aracatu,3,ANAGE; BRUMADO; TANHACU,6.45,2.39,0
2025,2902104,Araci,4,CONCEICAO DO COITE; TUCANO; TEOFILANDIA; QUEIMADAS II,7.03,2.51,0
2025,2902203,Aramari,3,BURACICA; IRARA; ALAGOINHAS,8.02,3.36,0
2025,2902252,Arataca,2,"CAMACA; ITABUNA II 34,5kV",18.86,5.89,2
2025,2902302,Aratuípe,3,NAZARE; MUTUIPE; SANTO ANTONIO DE JESUS,10.35,3.86,0
2025,2902054,Araças,3,CATU; ENTRE RIOS; ALAGOINHAS,8.79,3.1,1
2025,2902401,Aurelino Leal,4,"FUNIL - CHESF; IPIAU; MARAU I; ITABUNA 34,5kV",25.43,8.01,4
2025,2902500,Baianópolis,4,ANGICAL; CORRENTINA II; SAO DESIDERIO; FORMOSO,15.44,6.01,1
2025,2902609,Baixa Grande,1,MUNDO NOVO,11.1,3.78,0
2025,2902658,Banzaê,2,CICERO DANTAS; RIBEIRA DO POMBAL,7.12,2.14,0
2025,2902708,Barra,2,BARRA; XIQUE-XIQUE,14.6,4.66,0
2025,2902807,Barra da Estiva,5,KM 43; LIVRAMENTO DE BRUMADO; TANHACU; BARRA DA ESTIVA; IRAMAIA,8.58,3.77,0
2025,2902906,Barra do Choça,3,ITAPETINGA; PATAGONIA; BARRA DO CHOCA,5.5,2.13,1
2025,2903003,Barra do Mendes,2,IBIPEBA; LENCOIS,9.6,3.21,0
2025,2903102,Barra do Rocha,2,FUNIL - CHESF; IPIAU,20.05,6.22,2
2025,2903201,Barreiras,6,ANGICAL; BARREIRAS NORTE; CERRADO; RIO BRANCO; BARREIRAS; SAO DESIDERIO,11.84,4.86,1
2025,2903235,Barro Alto,2,IBIPEBA; LENCOIS,9.6,3.21,0
2025,2903300,Barro Preto,3,"ITABUNA 13,8kV; ITABUNA 34,5kV; ITABUNA II 34,5kV",15.27,5.77,2
2025,2903276,Barrocas,4,CONCEICAO DO COITE; TEOFILANDIA; SERRINHA; SERRINHA II,5.37,2.57,0
2025,2903409,Belmonte,6,"BETANIA; CAMACA; COROA VERMELHA; EUNAPOLIS 34,5kV; ITAPEBI; EUNAPOLIS 13,8kV",23.73,6.9,6
2025,2903508,Belo Campo,3,ANAGE; PATAGONIA; PRES JANIO QUADROS,8.01,2.68,0
2025,2903607,Biritinga,3,TEOFILANDIA; SERRINHA; SERRINHA II,4.88,2.33,0
2025,2903706,Boa Nova,4,IPIAU; JEQUIE  II; POCOES; PONTO DO ASTERIO,10.53,3.8,1
2025,2903805,Boa Vista do Tupim,5,IACU; ITABERABA; LENCOIS; IRAMAIA; SAO MIGUEL,8.89,3.16,0
2025,2903904,Bom Jesus da Lapa,6,BOM JESUS DA LAPA; MALHADA; PARATINGA; SERRA DO RAMALHO; RIACHO DE SANTANA; FORMOSO,11.95,4.88,0
2025,2903953,Bom Jesus da Serra,1,POCOES,7.45,3.76,0
2025,2904001,Boninal,4,BOQUIRA; LENCOIS; MUCUGE; BARRA DA ESTIVA,10.47,3.9,0
2025,2904050,Bonito,2,WAGNER; MORRO DO CHAPEU,9.75,4.47,0
2025,2904100,Boquira,3,BOQUIRA; OLIVEIRA DOS BREJINHOS; PARATINGA,11.9,5.52,0
2025,2904209,Botuporã,2,BOQUIRA; PARAMIRIM,10.71,5.41,0
2025,2904407,Brejolândia,2,PARATINGA; FORMOSO,13.27,5.97,0
2025,2904308,Brejões,1,JAGUAQUARA,8.13,3.72,0
2025,2904506,Brotas de Macaúbas,3,BOQUIRA; IBIPEBA; OLIVEIRA DOS BREJINHOS,9.96,4.32,0
2025,2904605,Brumado,4,BRUMADO; LIVRAMENTO DE BRUMADO; RIO DO ANTONIO; TANHACU,7.69,3.45,0
2025,2904704,Buerarema,1,"ITABUNA II 34,5kV",14.85,5.43,1
2025,2904753,Buritirama,2,BARRA; REMANSO,14.18,4.52,0
2025,2904803,Caatiba,3,ITAPETINGA; PONTO DO ASTERIO; BARRA DO CHOCA,8.49,2.57,1
2025,2904852,Cabaceiras do Paraguaçu,3,CASTRO ALVES; CRUZ DAS ALMAS; MURITIBA,12.48,4.32,0
2025,2904902,Cachoeira,6,MURITIBA; SANTO AMARO; SAO FELIPE; SERRA; SAO ROQUE; MARAGOGIPE,11.9,4.71,3
2025,2905008,Caculé,2,LICINIO DE ALMEIDA; RIO DO ANTONIO,9.66,3.39,0
2025,2905156,Caetanos,3,ANAGE; POCOES; TANHACU,7.63,3.16,0
2025,2905206,Caetité,7,CAETITE; LICINIO DE ALMEIDA; LIVRAMENTO DE BRUMADO; PARAMIRIM; RIACHO DE SANTANA; IGAPORA; GUANAMBI,9.85,4.24,1
2025,2905305,Cafarnaum,4,IBIPEBA; JOAO DOURADO; LENCOIS; MORRO DO CHAPEU,9.35,3.29,0
2025,2905404,Cairu,1,ITABEROE,31.6,8.47,1
2025,2905503,Caldeirão Grande,3,PONTO NOVO; SAUDE; JACOBINA,9.24,3.44,0
2025,2905602,Camacan,2,"CAMACA; ITABUNA II 34,5kV",18.86,5.89,2
2025,2905800,Camamu,3,FUNIL - CHESF; ITABEROE; MARAU I,29.4,8.27,3
2025,2905701,Camaçari,10,CAMACARI  I; CIA III; COPEC; GUARAJUBA; LAURO DE FREITAS; SAUIPE; AREMBEPE; ABRANTES; CAMACARI III; CAMACARI V,7.87,3.7,3
2025,2905909,Campo Alegre de Lourdes,1,REMANSO,12.49,4.07,0
2025,2906006,Campo Formoso,6,JUNCO; PEDRINHAS; SENTO SE; JACOBINA; MASSANGANO II; SENHOR DO BONFIM,8.31,3.09,1
2025,2906204,Canarana,3,IBIPEBA; JOAO DOURADO; LENCOIS,9.43,3.23,0
2025,2906303,Canavieiras,2,BETANIA; CAMACA,35.47,9.39,2
2025,2906402,Candeal,4,"CONCEICAO DO COITE; FEIRA DE SANTANA  II 34,5kV; SANTA BARBARA; SERRINHA",7.33,4.05,0
2025,2906501,Candeias,3,CAMACARI  I; CIA II; MATARIPE,7.83,3.94,1
2025,2906600,Candiba,1,GUANAMBI,9.09,2.96,0
2025,2906808,Cansanção,4,QUEIMADAS II; ITIUBA; EUCLIDES DA CUNHA; MONTE SANTO,9.8,3.26,0
2025,2906824,Canudos,4,CICERO DANTAS; EUCLIDES DA CUNHA; MONTE SANTO; JEREMOABO,9.45,3.44,0
2025,2906105,Canápolis,2,CARRANCA; FORMOSO,17.73,7.16,1
2025,2906857,Capela do Alto Alegre,5,"FEIRA DE SANTANA  II 34,5kV; MUNDO NOVO; RIACHAO DO JACUIPE; VALENTE; JACOBINA",8.82,3.99,0
2025,2906873,Capim Grosso,3,PONTO NOVO; QUEIMADAS II; JACOBINA,8.93,3.33,0
2025,2906907,Caravelas,5,ALCOBACA; MEDEIROS NETO; POSTO DA MATA; TEIXEIRA DE FREITAS; CENTRO INDUSTRIAL TEIXEIRA DE FREITAS,15.81,5.21,3
2025,2906899,Caraíbas,3,ANAGE; BRUMADO; PRES JANIO QUADROS,9.86,3.22,0
2025,2907004,Cardeal da Silva,2,ENTRE RIOS; SUBAUMA,18.68,5.77,2
2025,2907103,Carinhanha,3,CARRANCA; MALHADA; SERRA DO RAMALHO,16.89,6.02,1
2025,2907202,Casa Nova,4,CASA NOVA; REMANSO; SENTO SE; MASSANGANO II,10.89,3.41,0
2025,2907301,Castro Alves,5,CASTRO ALVES; CRUZ DAS ALMAS; SAO FELIPE; SANTO ANTONIO DE JESUS; SANTO ANTONIO DE JESUS III,10.81,3.81,1
2025,2907400,Catolândia,3,ANGICAL; BARREIRAS; SAO DESIDERIO,12.84,4.85,1
2025,2907509,Catu,3,CATU; TAQUIPE; BURACICA,9.37,3.19,0
2025,2907558,Caturama,1,PARAMIRIM,11.26,6.95,0
2025,2905107,Caém,3,PONTO NOVO; SAUDE; JACOBINA,9.24,3.44,0
2025,2907608,Central,2,IRECE; SENTO SE,7.36,2.92,0
2025,2907707,Chorrochó,2,RODELAS; JEREMOABO,8.35,3.16,0
2025,2907905,Cipó,2,OLINDINA - CHESF; CIPO,11.25,5.76,0
2025,2908002,Coaraci,2,"ITABUNA 34,5kV; ITABUNA II 34,5kV",18.78,6.9,2
2025,2908101,Cocos,2,CARRANCA; RIO DAS EGUAS,22.43,8.2,2
2025,2908200,Conceição da Feira,4,SANTO AMARO; SAO GONCALO DOS CAMPOS; SERRA; AMELIA RODRIGUES,10.78,5.59,1
2025,2908309,Conceição do Almeida,4,CRUZ DAS ALMAS; SAO FELIPE; SANTO ANTONIO DE JESUS; SANTO ANTONIO DE JESUS III,9.88,3.52,1
2025,2908408,Conceição do Coité,5,CONCEICAO DO COITE; RIACHAO DO JACUIPE; VALENTE; TEOFILANDIA; SERRINHA,5.94,2.73,0
2025,2908507,Conceição do Jacuípe,3,CENTRO INDUSTRIAL DE FEIRA SANTANA; IRARA; AMELIA RODRIGUES,9.75,5.26,0
2025,2908606,Conde,2,CONDE; ESPLANADA,12.17,4.18,1
2025,2908705,Condeúba,3,LICINIO DE ALMEIDA; PRES JANIO QUADROS; RIO DO ANTONIO,11.8,3.72,0
2025,2908804,Contendas do Sincorá,2,TANHACU; BARRA DA ESTIVA,8.06,3.31,0
2025,2908903,Coração de Maria,6,"CENTRO INDUSTRIAL DE FEIRA SANTANA; FEIRA DE SANTANA II 13,8kV; IRARA; SANTA BARBARA; SANTA MONICA; AMELIA RODRIGUES",6.7,3.8,0
2025,2909000,Cordeiros,1,PRES JANIO QUADROS,14.37,4.12,0
2025,2909109,Coribe,1,CARRANCA,20.18,7.84,1
2025,2909208,Coronel João Sá,2,SIMAO DIAS - ENERGIPE; JEREMOABO,8.64,3.35,0
2025,2909307,Correntina,4,CARRANCA; RIO DAS EGUAS; CORRENTINA II; SAO DESIDERIO,19.33,7.16,3
2025,2909406,Cotegipe,2,ANGICAL; RIACHAO DAS NEVES,15.83,6.51,0
2025,2909505,Cravolândia,2,JAGUAQUARA; MUTUIPE,10.73,4.14,0
2025,2909703,Cristópolis,1,ANGICAL,16.84,6.06,0
2025,2909604,Crisópolis,2,ESPLANADA; OLINDINA - CHESF,10.97,5.45,0
2025,2909802,Cruz das Almas,2,CRUZ DAS ALMAS; SAO FELIPE,13.15,4.43,0
2025,2909901,Curaçá,4,BARRO VERMELHO; CURACA; PEDRA BRANCA; JEREMOABO,8.93,3.2,1
2025,2906709,Cândido Sales,4,"PATAGONIA; PRES JANIO QUADROS; ITAMBE 13,8 kV; ITAMBE 34,5 kV",8.16,2.77,0
2025,2907806,Cícero Dantas,4,CICERO DANTAS; RIBEIRA DO POMBAL; CICERO DANTAS III; JEREMOABO,7.69,2.8,0
2025,2910057,Dias D'Ávila,3,CAMACARI  I; COPEC; GUARAJUBA,8.87,4.47,1
2025,2910107,Dom Basílio,2,BRUMADO; LIVRAMENTO DE BRUMADO,7.5,3.78,0
2025,2910206,Dom Macedo Costa,3,NAZARE; SAO FELIPE; SANTO ANTONIO DE JESUS,9.65,3.61,0
2025,2910008,Dário Meira,3,IPIAU; POCOES; PONTO DO ASTERIO,12.78,4.41,1
2025,2910305,Elísio Medrado,2,AMARGOSA; SANTO ANTONIO DE JESUS III,10.23,3.58,1
2025,2910404,Encruzilhada,3,"ITAPETINGA; ITAMBE 13,8 kV; ITAMBE 34,5 kV",7.74,2.75,0
2025,2910503,Entre Rios,5,ENTRE RIOS; INHAMBUPE; SAUIPE; SUBAUMA; ALAGOINHAS,11.53,4.17,3
2025,2910602,Esplanada,4,CONDE; ENTRE RIOS; ESPLANADA; SUBAUMA,14.49,4.75,3
2025,2910701,Euclides da Cunha,3,CICERO DANTAS; EUCLIDES DA CUNHA; MONTE SANTO,10.4,3.56,0
2025,2910727,Eunápolis,4,"EUNAPOLIS 34,5kV; ITAPEBI; EUNAPOLIS 13,8kV; EUNAPOLIS III",13.89,3.76,3
2025,2910776,Feira da Mata,1,CARRANCA,20.18,7.84,1
2025,2910800,Feira de Santana,12,"FEIRA DE SANTANA  I; FEIRA DE SANTANA  II 34,5kV; SAO GONCALO DOS CAMPOS; CENTRO INDUSTRIAL DE FEIRA SANTANA; SUBAE; ASA BRANCA; FEIRA DE SANTANA II 13,8kV; IRARA; SANTA BARBARA; SANTA MONICA; AMELIA RODRIGUES; ANGELICA",6.17,3.52,0
2025,2910859,Filadélfia,3,PONTO NOVO; SAUDE; SENHOR DO BONFIM,7.24,2.45,0
2025,2910909,Firmino Alves,2,"PONTO DO ASTERIO; ITABUNA II 34,5kV",13.69,4.66,1
2025,2911006,Floresta Azul,3,"PONTO DO ASTERIO; ITABUNA 34,5kV; ITABUNA II 34,5kV",16.91,5.93,2
2025,2911105,Formosa do Rio Preto,2,RIACHAO DAS NEVES; RIO BRANCO,15.03,7.31,0
2025,2910750,Fátima,4,CICERO DANTAS; POCO VERDE - ENERGIPE; CICERO DANTAS III; JEREMOABO,8.11,3.06,0
2025,2911204,Gandu,2,FUNIL - CHESF; GANDU,21.64,5.39,2
2025,2911253,Gavião,2,VALENTE; JACOBINA,8.59,3.39,0
2025,2911303,Gentio do Ouro,4,MIROROS; OLIVEIRA DOS BREJINHOS; XIQUE-XIQUE; SENTO SE,12.31,5.15,1
2025,2911402,Glória,2,MOXOTO - CHESF; RODELAS,5.39,1.97,0
2025,2911501,Gongogi,2,FUNIL - CHESF; IPIAU,20.05,6.22,2
2025,2911600,Governador Mangabeira,2,CRUZ DAS ALMAS; MURITIBA,11.3,3.94,0
2025,2911659,Guajeru,2,LICINIO DE ALMEIDA; RIO DO ANTONIO,9.66,3.39,0
2025,2911709,Guanambi,3,RIACHO DE SANTANA; IGAPORA; GUANAMBI,9.62,3.43,1
2025,2911808,Guaratinga,3,"EUNAPOLIS 34,5kV; EUNAPOLIS 13,8kV; EUNAPOLIS III",13.51,3.75,2
2025,2911857,Heliópolis,2,CICERO DANTAS; RIBEIRA DO POMBAL,7.12,2.14,0
2025,2911907,Iaçu,4,"FEIRA DE SANTANA  II 34,5kV; IACU; JAGUAQUARA; MILAGRES",8.07,4.11,0
2025,2912004,Ibiassucê,2,CAETITE; RIO DO ANTONIO,8.32,3.27,0
2025,2912103,Ibicaraí,1,"ITABUNA II 34,5kV",14.85,5.43,1
2025,2912202,Ibicoara,4,LIVRAMENTO DE BRUMADO; MUCUGE; BARRA DA ESTIVA; IRAMAIA,9.95,4.38,0
2025,2912301,Ibicuí,5,"FUNIL - CHESF; IPIAU; PONTO DO ASTERIO; ITABUNA 34,5kV; ITABUNA II 34,5kV",17.97,6.03,4
2025,2912400,Ibipeba,3,IBIPEBA; MIROROS; IRECE,6.91,2.62,1
2025,2912509,Ibipitanga,2,BOQUIRA; PARAMIRIM,10.71,5.41,0
2025,2912608,Ibiquera,2,ITABERABA; SAO MIGUEL,6.32,2.75,0
2025,2912707,Ibirapitanga,2,FUNIL - CHESF; IPIAU,20.05,6.22,2
2025,2912806,Ibirapuã,2,MEDEIROS NETO; POSTO DA MATA,24.17,6.44,2
2025,2912905,Ibirataia,2,GANDU; IPIAU,19.58,5.5,2
2025,2913002,Ibitiara,3,BOQUIRA; LENCOIS; OLIVEIRA DOS BREJINHOS,11.71,4.65,0
2025,2913101,Ibititá,3,IBIPEBA; IRECE; IRECE ASA SUL,6.22,2.43,0
2025,2913200,Ibotirama,2,OLIVEIRA DOS BREJINHOS; PARATINGA,13.17,6.58,0
2025,2913309,Ichu,2,CONCEICAO DO COITE; SERRINHA,5.54,2.67,0
2025,2913408,Igaporã,3,RIACHO DE SANTANA; IGAPORA; GUANAMBI,9.62,3.43,1
2025,2913457,Igrapiúna,4,FUNIL - CHESF; GANDU; ITABEROE; MARAU I,26.98,7.23,4
2025,2913507,Iguaí,3,IPIAU; POCOES; PONTO DO ASTERIO,12.78,4.41,1
2025,2913606,Ilhéus,7,"DISTRITO INDUSTRIAL DE ILHEUS; FUNIL - CHESF; MARAU I; ITABUNA 13,8kV; ITABUNA 34,5kV; ITABUNA II 34,5kV; ILHEUS",18.27,6.78,6
2025,2913705,Inhambupe,5,INHAMBUPE; OLINDINA - CHESF; IRARA; SERRINHA; ALAGOINHAS,7.99,3.71,0
2025,2913804,Ipecaetá,1,"FEIRA DE SANTANA  II 34,5kV",8.2,5.43,0
2025,2913903,Ipiaú,1,IPIAU,18.9,6.06,1
2025,2914000,Ipirá,5,"FEIRA DE SANTANA  II 34,5kV; ITABERABA; MUNDO NOVO; RIACHAO DO JACUIPE; SAO MIGUEL",8.07,4.03,0
2025,2914109,Ipupiara,1,OLIVEIRA DOS BREJINHOS,14.92,7.68,0
2025,2914208,Irajuba,1,JAGUAQUARA,8.13,3.72,0
2025,2914307,Iramaia,3,KM 43; BARRA DA ESTIVA; IRAMAIA,8.41,3.47,0
2025,2914406,Iraquara,2,LENCOIS; MORRO DO CHAPEU,10.78,3.77,0
2025,2914505,Irará,2,IRARA; SANTA BARBARA,9.16,4.48,0
2025,2914604,Irecê,3,JOAO DOURADO; IRECE; IRECE ASA SUL,6.64,2.79,0
2025,2914653,Itabela,3,"EUNAPOLIS 34,5kV; ITAMARAJU; EUNAPOLIS 13,8kV",15.82,4.49,3
2025,2914703,Itaberaba,3,IACU; ITABERABA; SAO MIGUEL,6.24,2.53,0
2025,2914802,Itabuna,4,"ITABUNA 13,8kV; ITABUNA 34,5kV; ITABUNA II 34,5kV; ILHEUS",15.12,6.31,3
2025,2914901,Itacaré,2,"MARAU I; ITABUNA 34,5kV",31.15,9.9,2
2025,2915007,Itaeté,3,LENCOIS; IRAMAIA; SAO MIGUEL,10.41,3.53,0
2025,2915106,Itagi,1,IPIAU,18.9,6.06,1
2025,2915205,Itagibá,1,IPIAU,18.9,6.06,1
2025,2915304,Itagimirim,4,"EUNAPOLIS 34,5kV; ITAPEBI; EUNAPOLIS 13,8kV; EUNAPOLIS III",13.89,3.76,3
2025,2915353,Itaguaçu da Bahia,3,XIQUE-XIQUE; IRECE; SENTO SE,8.36,3.16,0
2025,2915403,Itaju do Colônia,4,"CAMACA; ITAPETINGA; PONTO DO ASTERIO; ITABUNA II 34,5kV",14.85,4.6,2
2025,2915502,Itajuípe,3,"ITABUNA 13,8kV; ITABUNA 34,5kV; ITABUNA II 34,5kV",15.27,5.77,2
2025,2915601,Itamaraju,4,"EUNAPOLIS 34,5kV; ITAMARAJU; MEDEIROS NETO; TEIXEIRA DE FREITAS",15.14,4.7,3
2025,2915700,Itamari,1,GANDU,20.74,4.54,1
2025,2915809,Itambé,5,"ITAPETINGA; PATAGONIA; PONTO DO ASTERIO; BARRA DO CHOCA; ITAMBE 13,8 kV",6.65,2.27,1
2025,2915908,Itanagra,4,CATU; SAUIPE; SUBAUMA; ALAGOINHAS,10.37,4.02,2
2025,2916005,Itanhém,1,MEDEIROS NETO,17.89,4.01,1
2025,2916104,Itaparica,1,BARRA GRANDE,10.64,4.14,0
2025,2916302,Itapebi,3,"ITAPEBI; MAIQUINIQUE; EUNAPOLIS 13,8kV",12.22,3.86,2
2025,2916401,Itapetinga,5,"CAMACA; ITAPETINGA; MAIQUINIQUE; PONTO DO ASTERIO; ITAMBE 13,8 kV",13.46,3.78,1
2025,2916500,Itapicuru,4,OLINDINA - CHESF; SAQUINHO - ENERGIPE; CICERO DANTAS; CIPO,10.69,4.76,0
2025,2916609,Itapitanga,2,"FUNIL - CHESF; ITABUNA 34,5kV",27.11,9.23,2
2025,2916203,Itapé,1,"ITABUNA II 34,5kV",14.85,5.43,1
2025,2916708,Itaquara,1,JAGUAQUARA,8.13,3.72,0
2025,2916807,Itarantim,2,ITAPETINGA; MAIQUINIQUE,7.33,3.05,0
2025,2916856,Itatim,4,"AMARGOSA; CASTRO ALVES; FEIRA DE SANTANA  II 34,5kV; MILAGRES",9.98,4.68,0
2025,2916906,Itiruçu,1,KM 43,6.19,2.72,0
2025,2917003,Itiúba,5,NUCLEO PILAR/MINERACAO CARAIBA; PONTO NOVO; QUEIMADAS II; ITIUBA; SENHOR DO BONFIM,7.7,2.53,0
2025,2917102,Itororó,1,PONTO DO ASTERIO,10.94,2.83,0
2025,2917201,Ituaçu,4,BRUMADO; LIVRAMENTO DE BRUMADO; TANHACU; BARRA DA ESTIVA,7.72,3.6,0
2025,2917300,Ituberá,3,GANDU; ITABEROE; MARAU I,27.94,7.37,3
2025,2917334,Iuiú,2,MALHADA; GUANAMBI,10.59,3.51,0
2025,2917359,Jaborandi,3,CARRANCA; RIO DAS EGUAS; CORRENTINA II,20.61,7.69,2
2025,2917409,Jacaraci,3,LICINIO DE ALMEIDA; RIO DO ANTONIO; GUANAMBI,9.32,3.13,0
2025,2917508,Jacobina,3,MIGUEL CALMOM; PONTO NOVO; JACOBINA,9.38,3.7,0
2025,2917607,Jaguaquara,2,JAGUAQUARA; KM 43,7.29,3.29,0
2025,2917706,Jaguarari,2,NUCLEO PILAR/MINERACAO CARAIBA; SENHOR DO BONFIM,6.88,2.44,0
2025,2917805,Jaguaripe,5,MATARANDIBA; NAZARE; VALENCA; MUTUIPE; SAO ROQUE,14.32,4.92,3
2025,2918001,Jequié,5,IPIAU; JAGUAQUARA; JEQUIE  I; JEQUIE  II; KM 43,9.41,3.78,1
2025,2918100,Jeremoabo,2,SANTA BRIGIDA; JEREMOABO,7.82,3.06,0
2025,2918209,Jiquiriçá,2,AMARGOSA; MUTUIPE,12.03,4.05,0
2025,2918308,Jitaúna,2,IPIAU; JEQUIE  II,11.96,4.18,1
2025,2918357,João Dourado,4,AMERICA DOURADA; JOAO DOURADO; IRECE; IRECE ASA SUL,6.82,2.76,0
2025,2918407,Juazeiro,10,BARRO VERMELHO; CURACA; JUNCO; MANICOBA; NUCLEO PILAR/MINERACAO CARAIBA; DISTRITO INDUSTRIAL DE JUAZEIRO; JUAZEIRO DA BAHIA; JUAZEIRO IV; MASSANGANO II; SENHOR DO BONFIM,7.11,2.71,2
2025,2918456,Jucuruçu,3,"EUNAPOLIS 34,5kV; ITAMARAJU; MEDEIROS NETO",18.23,4.73,3
2025,2918506,Jussara,1,IRECE,7.32,3.03,0
2025,2918555,Jussari,2,"CAMACA; ITABUNA II 34,5kV",18.86,5.89,2
2025,2918605,Jussiape,3,LIVRAMENTO DE BRUMADO; TANHACU; BARRA DA ESTIVA,8.87,4.14,0
2025,2918704,Lafaiete Coutinho,2,JEQUIE  II; KM 43,4.53,2.21,0
2025,2918753,Lagoa Real,4,BRUMADO; CAETITE; LIVRAMENTO DE BRUMADO; RIO DO ANTONIO,7.83,3.57,0
2025,2918803,Laje,5,AMARGOSA; MUTUIPE; PRESIDENTE TANCREDO NEVES; SANTO ANTONIO DE JESUS; SANTO ANTONIO DE JESUS III,10.83,3.55,2
2025,2919009,Lajedinho,3,LENCOIS; WAGNER; SAO MIGUEL,10.24,3.79,0
2025,2919058,Lajedo do Tabocal,3,JEQUIE  I; JEQUIE  II; KM 43,5.1,2.65,0
2025,2918902,Lajedão,1,MEDEIROS NETO,17.89,4.01,1
2025,2919108,Lamarão,2,SANTA BARBARA; SERRINHA,7.03,3.36,0
2025,2919157,Lapão,4,IBIPEBA; JOAO DOURADO; IRECE; IRECE ASA SUL,6.33,2.52,0
2025,2919207,Lauro de Freitas,5,CIA III; SAO CRISTOVAO; ITINGA; LAURO DE FREITAS; ABRANTES,6.17,3.37,1
2025,2919306,Lençóis,3,LENCOIS; WAGNER; MORRO DO CHAPEU,10.84,4.05,0
2025,2919405,Licínio de Almeida,3,LICINIO DE ALMEIDA; RIO DO ANTONIO; GUANAMBI,9.32,3.13,0
2025,2919504,Livramento de Nossa Senhora,6,BRUMADO; CAETITE; LIVRAMENTO DE BRUMADO; PARAMIRIM; RIO DO ANTONIO; IGAPORA,9.03,4.41,1
2025,2919553,Luís Eduardo Magalhães,3,CERRADO; RIO BRANCO; RIO DAS PEDRAS,12.05,5.49,0
2025,2919603,Macajuba,2,MUNDO NOVO; SAO MIGUEL,9.24,3.3,0
2025,2919702,Macarani,4,"ITAPETINGA; MAIQUINIQUE; ITAMBE 13,8 kV; ITAMBE 34,5 kV",8.19,3.12,0
2025,2919801,Macaúbas,3,BOQUIRA; PARAMIRIM; PARATINGA,10.92,5.44,0
2025,2919900,Macururé,3,MOXOTO - CHESF; RODELAS; JEREMOABO,7.44,2.89,0
2025,2919926,Madre de Deus,1,MATARIPE,6.87,3.17,0
2025,2919959,Maetinga,1,PRES JANIO QUADROS,14.37,4.12,0
2025,2920007,Maiquinique,1,MAIQUINIQUE,9.46,4.15,0
2025,2920106,Mairi,3,"FEIRA DE SANTANA  II 34,5kV; MUNDO NOVO; JACOBINA",9.29,4.21,0
2025,2920205,Malhada,3,MALHADA; SERRA DO RAMALHO; GUANAMBI,10.65,3.39,0
2025,2920304,Malhada de Pedras,2,BRUMADO; RIO DO ANTONIO,6.86,2.92,0
2025,2920403,Manoel Vitorino,6,IPIAU; JEQUIE  II; KM 43; POCOES; TANHACU; BARRA DA ESTIVA,9.31,3.69,1
2025,2920452,Mansidão,1,RIACHAO DAS NEVES,14.35,7.17,0
2025,2920502,Maracás,5,JEQUIE  I; JEQUIE  II; KM 43; BARRA DA ESTIVA; IRAMAIA,6.51,3.04,0
2025,2920601,Maragogipe,4,MURITIBA; SAO FELIPE; SAO ROQUE; MARAGOGIPE,13.2,4.2,2
2025,2920700,Maraú,2,FUNIL - CHESF; MARAU I,28.8,8.22,2
2025,2920809,Marcionílio Souza,3,IACU; KM 43; IRAMAIA,7.28,2.56,0
2025,2920908,Mascote,4,BETANIA; CAMACA; ITAPEBI; MAIQUINIQUE,26.8,7.47,3
2025,2921005,Mata de São João,7,CAMACARI  I; CATU; COPEC; GUARAJUBA; SAUIPE; SUBAUMA; ALAGOINHAS,9.75,4.21,3
2025,2921054,Matina,3,RIACHO DE SANTANA; IGAPORA; GUANAMBI,9.62,3.43,1
2025,2921104,Medeiros Neto,2,MEDEIROS NETO; TEIXEIRA DE FREITAS,12.73,4.36,1
2025,2921203,Miguel Calmon,4,MIGUEL CALMOM; MUNDO NOVO; JACOBINA; MORRO DO CHAPEU,9.67,3.76,0
2025,2921302,Milagres,2,AMARGOSA; MILAGRES,9.75,3.27,0
2025,2921401,Mirangaba,3,PEDRINHAS; SAUDE; JACOBINA,8.81,3.19,0
2025,2921450,Mirante,4,JEQUIE  II; POCOES; TANHACU; BARRA DA ESTIVA,6.43,3.03,0
2025,2921500,Monte Santo,6,NUCLEO PILAR/MINERACAO CARAIBA; QUEIMADAS II; ITIUBA; EUCLIDES DA CUNHA; MONTE SANTO; JEREMOABO,9.3,3.23,0
2025,2921609,Morpará,1,OLIVEIRA DOS BREJINHOS,14.92,7.68,0
2025,2921708,Morro do Chapéu,7,AMERICA DOURADA; MIGUEL CALMOM; WAGNER; IRECE; JACOBINA; MORRO DO CHAPEU; SAO MIGUEL,8.69,3.53,0
2025,2921807,Mortugaba,2,LICINIO DE ALMEIDA; PRES JANIO QUADROS,13.36,3.83,0
2025,2921906,Mucugê,4,LIVRAMENTO DE BRUMADO; MUCUGE; BARRA DA ESTIVA; IRAMAIA,9.95,4.38,0
2025,2922003,Mucuri,1,POSTO DA MATA,29.83,8.62,1
2025,2922052,Mulungu do Morro,2,LENCOIS; MORRO DO CHAPEU,10.78,3.77,0
2025,2922102,Mundo Novo,3,MUNDO NOVO; JACOBINA; SAO MIGUEL,9.29,3.53,0
2025,2922201,Muniz Ferreira,2,NAZARE; SAO FELIPE,15.14,5.37,0
2025,2922250,Muquém de São Francisco,3,ANGICAL; PARATINGA; FORMOSO,14.49,6.0,0
2025,2922300,Muritiba,2,CRUZ DAS ALMAS; MURITIBA,11.3,3.94,0
2025,2922409,Mutuípe,3,AMARGOSA; MUTUIPE; PRESIDENTE TANCREDO NEVES,14.06,4.26,1
2025,2922508,Nazaré,3,NAZARE; SAO FELIPE; MARAGOGIPE,15.98,5.73,1
2025,2922607,Nilo Peçanha,4,GANDU; PRESIDENTE TANCREDO NEVES; ITABEROE; MARAU I,27.21,7.08,4
2025,2922656,Nordestina,1,QUEIMADAS II,7.63,2.32,0
2025,2922706,Nova Canaã,3,ITAPETINGA; POCOES; PONTO DO ASTERIO,8.1,3.09,0
2025,2922730,Nova Fátima,2,RIACHAO DO JACUIPE; VALENTE,7.33,3.3,0
2025,2922755,Nova Ibiá,2,GANDU; IPIAU,19.58,5.5,2
2025,2922805,Nova Itarana,1,JAGUAQUARA,8.13,3.72,0
2025,2922854,Nova Redenção,3,LENCOIS; IRAMAIA; SAO MIGUEL,10.41,3.53,0
2025,2922904,Nova Soure,3,OLINDINA - CHESF; CIPO; SERRINHA II,10.46,5.41,0
2025,2923001,Nova Viçosa,2,MEDEIROS NETO; POSTO DA MATA,24.17,6.44,2
2025,2923035,Novo Horizonte,3,BOQUIRA; LENCOIS; BARRA DA ESTIVA,10.56,3.99,0
2025,2923050,Novo Triunfo,2,CICERO DANTAS; JEREMOABO,8.33,3.08,0
2025,2923100,Olindina,1,OLINDINA - CHESF,12.37,7.07,0
2025,2923209,Oliveira dos Brejinhos,2,OLIVEIRA DOS BREJINHOS; PARATINGA,13.17,6.58,0
2025,2923308,Ouriçangas,3,BURACICA; IRARA; SANTA BARBARA,10.12,4.52,0
2025,2923357,Ourolândia,1,JACOBINA,9.32,3.69,0
2025,2923407,Palmas de Monte Alto,3,MALHADA; RIACHO DE SANTANA; GUANAMBI,10.16,3.54,0
2025,2923506,Palmeiras,2,LENCOIS; MUCUGE,11.1,3.7,0
2025,2923605,Paramirim,2,LIVRAMENTO DE BRUMADO; PARAMIRIM,10.6,6.09,0
2025,2923704,Paratinga,2,BOM JESUS DA LAPA; PARATINGA,10.17,4.82,0
2025,2923803,Paripiranga,2,SIMAO DIAS - ENERGIPE; CICERO DANTAS III,8.22,3.21,0
2025,2923902,Pau Brasil,3,CAMACA; MAIQUINIQUE; PONTO DO ASTERIO,17.08,4.52,1
2025,2924009,Paulo Afonso,5,MODELO REDUZIDO - CHESF; MOXOTO - CHESF; MULUNGU - CHESF; ZEBU; SANTA BRIGIDA,4.82,2.15,0
2025,2924207,Pedro Alexandre,2,SANTA BRIGIDA; JEREMOABO,7.82,3.06,0
2025,2924108,Pedrão,2,BURACICA; IRARA,9.58,4.09,0
2025,2924306,Piatã,3,BOQUIRA; LENCOIS; BARRA DA ESTIVA,10.56,3.99,0
2025,2924405,Pilão Arcado,3,BARRA; REMANSO; SENTO SE,12.85,4.11,0
2025,2924504,Pindaí,2,CAETITE; GUANAMBI,8.75,2.95,0
2025,2924603,Pindobaçu,4,PEDRINHAS; PONTO NOVO; SAUDE; SENHOR DO BONFIM,7.11,2.29,0
2025,2924652,Pintadas,2,"FEIRA DE SANTANA  II 34,5kV; MUNDO NOVO",9.26,4.83,0
2025,2924678,Piraí do Norte,4,FUNIL - CHESF; GANDU; ITABEROE; MARAU I,26.98,7.23,4
2025,2924702,Piripá,1,PRES JANIO QUADROS,14.37,4.12,0
2025,2924801,Piritiba,4,MIGUEL CALMOM; MUNDO NOVO; JACOBINA; SAO MIGUEL,9.37,3.62,0
2025,2924900,Planaltino,2,JAGUAQUARA; KM 43,7.29,3.29,0
2025,2925006,Planalto,5,ITAPETINGA; PATAGONIA; POCOES; VITORIA DA CONQUISTA; BARRA DO CHOCA,5.31,2.19,1
2025,2925204,Pojuca,3,CAMACARI  I; CATU; ALAGOINHAS,7.61,3.24,0
2025,2925253,Ponto Novo,2,PONTO NOVO; SAUDE,8.91,2.44,0
2025,2925303,Porto Seguro,6,"COROA VERMELHA; EUNAPOLIS 34,5kV; ITAMARAJU; EUNAPOLIS 13,8kV; PORTO SEGURO; TRANCOSO",15.23,5.26,5
2025,2925402,Potiraguá,2,CAMACA; MAIQUINIQUE,22.27,5.95,1
2025,2925105,Poções,4,POCOES; PONTO DO ASTERIO; VITORIA DA CONQUISTA; BARRA DO CHOCA,6.55,2.39,1
2025,2925501,Prado,3,ITAMARAJU; PRADO; TEIXEIRA DE FREITAS,13.35,5.39,2
2025,2925600,Presidente Dutra,1,IRECE,7.32,3.03,0
2025,2925709,Presidente Jânio Quadros,2,PRES JANIO QUADROS; RIO DO ANTONIO,11.99,3.86,0
2025,2925758,Presidente Tancredo Neves,4,GANDU; VALENCA; MUTUIPE; PRESIDENTE TANCREDO NEVES,17.11,4.72,3
2025,2924058,Pé de Serra,4,"CONCEICAO DO COITE; FEIRA DE SANTANA  II 34,5kV; RIACHAO DO JACUIPE; VALENTE",7.45,4.03,0
2025,2925808,Queimadas,4,PONTO NOVO; VALENTE; QUEIMADAS II; JACOBINA,8.46,3.18,0
2025,2925907,Quijingue,4,TUCANO; RIBEIRA DO POMBAL; QUEIMADAS II; EUCLIDES DA CUNHA,9.52,3.05,0
2025,2925931,Quixabeira,1,JACOBINA,9.32,3.69,0
2025,2925956,Rafael Jambeiro,3,"CASTRO ALVES; CRUZ DAS ALMAS; FEIRA DE SANTANA  II 34,5kV",10.9,5.13,0
2025,2926004,Remanso,2,REMANSO; SENTO SE,10.85,3.54,0
2025,2926103,Retirolândia,2,CONCEICAO DO COITE; VALENTE,6.63,2.86,0
2025,2926400,Riacho de Santana,5,BOM JESUS DA LAPA; MALHADA; RIACHO DE SANTANA; IGAPORA; GUANAMBI,10.4,3.83,1
2025,2926202,Riachão das Neves,4,ANGICAL; BARREIRAS NORTE; RIACHAO DAS NEVES; RIO BRANCO,12.4,5.41,0
2025,2926301,Riachão do Jacuípe,4,"CONCEICAO DO COITE; FEIRA DE SANTANA  II 34,5kV; RIACHAO DO JACUIPE; VALENTE",7.45,4.03,0
2025,2926509,Ribeira do Amparo,2,RIBEIRA DO POMBAL; CIPO,7.1,2.18,0
2025,2926608,Ribeira do Pombal,3,CICERO DANTAS; RIBEIRA DO POMBAL; CIPO,7.39,2.21,0
2025,2926657,Ribeirão do Largo,3,"ITAPETINGA; ITAMBE 13,8 kV; ITAMBE 34,5 kV",7.74,2.75,0
2025,2926707,Rio de Contas,2,LIVRAMENTO DE BRUMADO; BARRA DA ESTIVA,9.52,4.75,0
2025,2926806,Rio do Antônio,2,BRUMADO; RIO DO ANTONIO,6.86,2.92,0
2025,2926905,Rio do Pires,4,BOQUIRA; LIVRAMENTO DE BRUMADO; PARAMIRIM; BARRA DA ESTIVA,10.15,5.1,0
2025,2927101,Rodelas,3,MOXOTO - CHESF; RODELAS; JEREMOABO,7.44,2.89,0
2025,2927200,Ruy Barbosa,4,ITABERABA; MUNDO NOVO; WAGNER; SAO MIGUEL,8.28,3.44,0
2025,2927309,Salinas da Margarida,1,SAO ROQUE,14.97,4.0,1
2025,2927408,Salvador,29,AGUAS CLARAS; AMARALINA; CAJAZEIRAS  I; CAJAZEIRAS II; CANDEAL; CENTRAL AEREO; CENTRAL SUBTERRANEO; CIA I; CIA II; CIA III; GRACA; MATARIPE; PARIPE; PERIPERI; PITUBA; PATAMARES; PITUACU II; SAO CRISTOVAO; RETIRO; LAPINHA; MATATU - CHESF; CENTRO ADMINISTRATIVO DA BAHIA; FEDERACAO; FONTE NOVA; IMBUI; ITAPAGIPE; ITINGA; LAURO DE FREITAS; LOBATO,4.59,2.67,3
2025,2927606,Santa Brígida,3,MULUNGU - CHESF; SANTA BRIGIDA; JEREMOABO,7.86,3.23,0
2025,2927507,Santa Bárbara,2,SANTA BARBARA; SERRINHA,7.03,3.36,0
2025,2927705,Santa Cruz Cabrália,4,"COROA VERMELHA; EUNAPOLIS 34,5kV; EUNAPOLIS 13,8kV; PORTO SEGURO",13.0,4.91,3
2025,2927804,Santa Cruz da Vitória,2,"PONTO DO ASTERIO; ITABUNA II 34,5kV",13.69,4.66,1
2025,2927903,Santa Inês,2,JAGUAQUARA; MUTUIPE,10.73,4.14,0
2025,2928059,Santa Luzia,3,ALCOBACA; BETANIA; CAMACA,30.77,8.32,3
2025,2928109,Santa Maria da Vitória,3,CARRANCA; CORRENTINA II; FORMOSO,17.44,7.02,1
2025,2928406,Santa Rita de Cássia,1,RIACHAO DAS NEVES,14.35,7.17,0
2025,2928505,Santa Teresinha,3,AMARGOSA; CASTRO ALVES; MILAGRES,11.72,3.95,0
2025,2928000,Santaluz,4,VALENTE; TEOFILANDIA; QUEIMADAS II; JACOBINA,7.78,2.98,0
2025,2928208,Santana,2,CARRANCA; FORMOSO,17.73,7.16,1
2025,2928307,Santanópolis,2,SANTA BARBARA; SERRINHA,7.03,3.36,0
2025,2928604,Santo Amaro,4,SANTO AMARO; CENTRO INDUSTRIAL DE FEIRA SANTANA; DOM JOAO; AMELIA RODRIGUES,9.83,5.16,0
2025,2928703,Santo Antônio de Jesus,4,NAZARE; MUTUIPE; SANTO ANTONIO DE JESUS; SANTO ANTONIO DE JESUS III,10.56,3.91,1
2025,2928802,Santo Estêvão,1,"FEIRA DE SANTANA  II 34,5kV",8.2,5.43,0
2025,2929602,Sapeaçu,3,CASTRO ALVES; CRUZ DAS ALMAS; SAO FELIPE,13.93,4.7,0
2025,2929750,Saubara,2,SANTO AMARO; SAO ROQUE,9.84,4.69,1
2025,2929800,Saúde,3,PONTO NOVO; SAUDE; JACOBINA,9.24,3.44,0
2025,2929909,Seabra,3,BOQUIRA; IBIPEBA; LENCOIS,9.79,3.48,0
2025,2930006,Sebastião Laranjeiras,2,MALHADA; GUANAMBI,10.59,3.51,0
2025,2930105,Senhor do Bonfim,2,PONTO NOVO; SENHOR DO BONFIM,6.93,2.54,0
2025,2930204,Sento Sé,4,IRECE; SENTO SE; JACOBINA; MASSANGANO II,8.45,3.35,0
2025,2930303,Serra Dourada,1,FORMOSO,14.75,6.33,0
2025,2930402,Serra Preta,1,"FEIRA DE SANTANA  II 34,5kV",8.2,5.43,0
2025,2930154,Serra do Ramalho,3,CARRANCA; SERRA DO RAMALHO; FORMOSO,16.22,6.21,1
2025,2930501,Serrinha,5,CONCEICAO DO COITE; TEOFILANDIA; SANTA BARBARA; SERRINHA; SERRINHA II,6.3,3.01,0
2025,2930600,Serrolândia,2,MIGUEL CALMOM; JACOBINA,9.44,3.8,0
2025,2930709,Simões Filho,6,CAMACARI  I; CIA I; CIA II; CIA III; PARIPE; CAMACARI III,6.34,3.75,2
2025,2930774,Sobradinho,1,MASSANGANO II,7.86,3.17,0
2025,2930808,Souto Soares,3,IBIPEBA; LENCOIS; MORRO DO CHAPEU,9.48,3.28,0
2025,2929701,Sátiro Dias,4,INHAMBUPE; OLINDINA - CHESF; SERRINHA; SERRINHA II,8.62,4.2,0
2025,2928901,São Desidério,6,ANGICAL; CERRADO; RODA VELHA; CORRENTINA II; BARREIRAS; SAO DESIDERIO,13.92,5.39,2
2025,2928950,São Domingos,2,VALENTE; JACOBINA,8.59,3.39,0
2025,2929107,São Felipe,3,CRUZ DAS ALMAS; SAO FELIPE; MARAGOGIPE,14.02,4.82,1
2025,2929206,São Francisco do Conde,3,CIA II; MATARIPE; DOM JOAO,8.17,3.63,1
2025,2929008,São Félix,4,CRUZ DAS ALMAS; MURITIBA; SAO FELIPE; MARAGOGIPE,12.75,4.35,1
2025,2929057,São Félix do Coribe,2,CARRANCA; FORMOSO,17.73,7.16,1
2025,2929255,São Gabriel,2,IRECE; JACOBINA,8.58,3.45,0
2025,2929305,São Gonçalo dos Campos,6,SAO GONCALO DOS CAMPOS; SERRA; CENTRO INDUSTRIAL DE FEIRA SANTANA; SUBAE; AMELIA RODRIGUES; ANGELICA,7.21,3.67,1
2025,2929354,São José da Vitória,1,"ITABUNA II 34,5kV",14.85,5.43,1
2025,2929370,São José do Jacuípe,2,VALENTE; JACOBINA,8.59,3.39,0
2025,2929404,São Miguel das Matas,4,AMARGOSA; MUTUIPE; SANTO ANTONIO DE JESUS; SANTO ANTONIO DE JESUS III,9.41,3.36,1
2025,2929503,São Sebastião do Passé,5,CAMACARI  I; CATU; CIA II; TAQUIPE; DOM JOAO,8.25,3.54,1
2025,2930758,Sítio do Mato,1,FORMOSO,14.75,6.33,0
2025,2930766,Sítio do Quinto,3,SIMAO DIAS - ENERGIPE; CICERO DANTAS III; JEREMOABO,8.32,3.28,0
2025,2930907,Tabocas do Brejo Velho,2,ANGICAL; FORMOSO,15.77,6.2,0
2025,2931004,Tanhaçu,1,TANHACU,6.51,1.95,0
2025,2931053,Tanque Novo,2,PARAMIRIM; IGAPORA,12.69,6.98,1
2025,2931103,Tanquinho,3,"CONCEICAO DO COITE; FEIRA DE SANTANA  II 34,5kV; SANTA BARBARA",8.23,4.66,0
2025,2931202,Taperoá,4,GANDU; VALENCA; PRESIDENTE TANCREDO NEVES; ITABEROE,20.37,5.37,4
2025,2931301,Tapiramutá,2,MUNDO NOVO; SAO MIGUEL,9.24,3.3,0
2025,2931350,Teixeira de Freitas,5,ALCOBACA; MEDEIROS NETO; POSTO DA MATA; TEIXEIRA DE FREITAS; CENTRO INDUSTRIAL TEIXEIRA DE FREITAS,15.81,5.21,3
2025,2931400,Teodoro Sampaio,4,TAQUIPE; BURACICA; IRARA; AMELIA RODRIGUES,9.93,4.82,0
2025,2931509,Teofilândia,3,CONCEICAO DO COITE; TEOFILANDIA; SERRINHA II,5.73,2.73,0
2025,2931608,Teolândia,4,GANDU; JAGUAQUARA; MUTUIPE; PRESIDENTE TANCREDO NEVES,14.84,4.37,2
2025,2931707,Terra Nova,4,TAQUIPE; BURACICA; DOM JOAO; AMELIA RODRIGUES,10.57,4.77,0
2025,2931806,Tremedal,3,ANAGE; PATAGONIA; PRES JANIO QUADROS,8.01,2.68,0
2025,2931905,Tucano,5,TUCANO; TEOFILANDIA; RIBEIRA DO POMBAL; CIPO; EUCLIDES DA CUNHA,8.61,2.86,0
2025,2932002,Uauá,3,BARRO VERMELHO; MONTE SANTO; JEREMOABO,8.27,3.23,0
2025,2932200,Ubaitaba,2,FUNIL - CHESF; MARAU I,28.8,8.22,2
2025,2932309,Ubatã,2,FUNIL - CHESF; IPIAU,20.05,6.22,2
2025,2932101,Ubaíra,3,AMARGOSA; JAGUAQUARA; MUTUIPE,10.36,3.91,0
2025,2932408,Uibaí,2,IBIPEBA; IRECE,6.68,2.59,0
2025,2932457,Umburanas,3,IRECE; SENTO SE; JACOBINA,8.5,3.37,0
2025,2932507,Una,3,"BETANIA; CAMACA; ITABUNA II 34,5kV",22.36,6.87,3
2025,2932606,Urandi,1,GUANAMBI,9.09,2.96,0
2025,2932705,Uruçuca,3,"DISTRITO INDUSTRIAL DE ILHEUS; MARAU I; ITABUNA 34,5kV",27.88,9.27,3
2025,2932804,Utinga,3,WAGNER; MORRO DO CHAPEU; SAO MIGUEL,8.68,3.67,0
2025,2933000,Valente,2,VALENTE; QUEIMADAS II,7.12,2.49,0
2025,2932903,Valença,5,GANDU; VALENCA; MUTUIPE; PRESIDENTE TANCREDO NEVES; ITABEROE,19.08,5.23,4
2025,2933174,Varzedo,5,AMARGOSA; CASTRO ALVES; SAO FELIPE; SANTO ANTONIO DE JESUS; SANTO ANTONIO DE JESUS III,9.91,3.47,1
2025,2933208,Vera Cruz,2,MATARANDIBA; BARRA GRANDE,11.09,4.22,1
2025,2933257,Vereda,3,ITAMARAJU; MEDEIROS NETO; TEIXEIRA DE FREITAS,13.81,4.62,2
2025,2933307,Vitória da Conquista,7,"ANAGE; PATAGONIA; POCOES; VITORIA DA CONQUISTA; BARRA DO CHOCA; ITAMBE 13,8 kV; ITAMBE 34,5 kV",5.9,2.31,1
2025,2933158,Várzea Nova,4,MIGUEL CALMOM; IRECE; JACOBINA; MORRO DO CHAPEU,8.76,3.55,0
2025,2933059,Várzea da Roça,2,MUNDO NOVO; JACOBINA,9.74,3.71,0
2025,2933109,Várzea do Poço,3,MIGUEL CALMOM; MUNDO NOVO; JACOBINA,9.79,3.79,0
2025,2933406,Wagner,3,WAGNER; MORRO DO CHAPEU; SAO MIGUEL,8.68,3.67,0
2025,2933455,Wanderley,2,ANGICAL; RIACHAO DAS NEVES,15.83,6.51,0
2025,2933505,Wenceslau Guimarães,3,GANDU; JAGUAQUARA; PRESIDENTE TANCREDO NEVES,14.92,4.24,2
2025,2933604,Xique-Xique,4,BARRA; OLIVEIRA DOS BREJINHOS; XIQUE-XIQUE; SENTO SE,13.53,5.2,0
2025,2900405,Água Fria,3,IRARA; SANTA BARBARA; SERRINHA,7.17,3.5,0
2025,2900504,Érico Cardoso,2,LIVRAMENTO DE BRUMADO; PARAMIRIM,10.6,6.09,0
