DatGeracaoConjuntoDados,IdeConjUnidConsumidoras,CodMunicipio,NomMunicipio,SigUF
2026-09-09,1,2929305,São Gonçalo dos Campos,BA
2026-09-09,28,2912806,Ibirapuã,BA
2026-09-09,28,2916005,Itanhém,BA
2026-09-09,28,2921104,Medeiros Neto,BA
2026-09-09,28,2933257,Vereda,BA
2026-09-09,38,2927903,Santa Inês,BA
2026-09-09,47,2902609,Baixa Grande,BA
2026-09-09,48,2919801,Macaúbas,BA
2026-09-09,57,2909505,Cravolândia,BA
2026-09-09,61,2932002,Uauá,BA
2026-09-09,73,2905800,Camamu,BA
2026-09-09,91,2902252,Arataca,BA
2026-09-09,91,2905602,Camacan,BA
2026-09-09,91,2918555,Jussari,BA
2026-09-09,91,2920908,Mascote,BA
2026-09-09,91,2923902,Pau Brasil,BA
2026-09-09,101,2914406,Iraquara,BA
2026-09-09,119,2913101,Ibititá,BA
2026-09-09,144,2904704,Buerarema,BA
2026-09-09,144,2929354,São José da Vitória,BA
2026-09-09,165,2909505,Cravolândia,BA
2026-09-09,183,2903607,Biritinga,BA
2026-09-09,183,2929701,Sátiro Dias,BA
2026-09-09,187,2928604,Santo Amaro,BA
2026-09-09,200,2929750,Saubara,BA
2026-09-09,231,2923209,Oliveira dos Brejinhos,BA
2026-09-09,260,2912400,Ibipeba,BA
2026-09-09,264,2930154,Serra do Ramalho,BA
2026-09-09,282,2910305,Elísio Medrado,BA
2026-09-09,289,2930154,Serra do Ramalho,BA
2026-09-09,298,2932101,Ubaíra,BA
2026-09-09,325,2902708,Barra,BA
2026-09-09,343,2933208,Vera Cruz,BA
2026-09-09,355,2912905,Ibirataia,BA
2026-09-09,370,2902807,Barra da Estiva,BA
2026-09-09,370,2912202,Ibicoara,BA
2026-09-09,374,2920106,Mairi,BA
2026-09-09,374,2933059,Várzea da Roça,BA
2026-09-09,386,2902401,Aurelino Leal,BA
2026-09-09,386,2932200,Ubaitaba,BA
2026-09-09,390,2918407,Juazeiro,BA
2026-09-09,399,2920007,Maiquinique,BA
2026-09-09,409,2901403,Angical,BA
2026-09-09,409,2909703,Cristópolis,BA
2026-09-09,411,2929503,São Sebastião do Passé,BA
2026-09-09,429,2921708,Morro do Chapéu,BA
2026-09-09,439,2918100,Jeremoabo,BA
2026-09-09,453,2924108,Pedrão,BA
2026-09-09,468,2912400,Ibipeba,BA
2026-09-09,480,2906824,Canudos,BA
2026-09-09,501,2914208,Irajuba,BA
2026-09-09,501,2916708,Itaquara,BA
2026-09-09,510,2902005,Aracatu,BA
2026-09-09,510,2904605,Brumado,BA
2026-09-09,513,2909109,Coribe,BA
2026-09-09,515,2917904,Jandaíra,BA
2026-09-09,526,2927002,Rio Real,BA
2026-09-09,559,2900504,Érico Cardoso,BA
2026-09-09,559,2923605,Paramirim,BA
2026-09-09,574,2916302,Itapebi,BA
2026-09-09,582,2909109,Coribe,BA
2026-09-09,583,2900108,Abaíra,BA
2026-09-09,583,2924306,Piatã,BA
2026-09-09,585,2923506,Palmeiras,BA
2026-09-09,586,2900900,Almadina,BA
2026-09-09,586,2908002,Coaraci,BA
2026-09-09,586,2916609,Itapitanga,BA
2026-09-09,664,2926608,Ribeira do Pombal,BA
2026-09-09,700,2930204,Sento Sé,BA
2026-09-09,711,2907103,Carinhanha,BA
2026-09-09,711,2910776,Feira da Mata,BA
2026-09-09,711,2917334,Iuiú,BA
2026-09-09,711,2920205,Malhada,BA
2026-09-09,716,2904001,Boninal,BA
2026-09-09,721,2912301,Ibicuí,BA
2026-09-09,721,2913507,Iguaí,BA
2026-09-09,721,2922706,Nova Canaã,BA
2026-09-09,749,2911105,Formosa do Rio Preto,BA
2026-09-09,749,2920452,Mansidão,BA
2026-09-09,749,2926202,Riachão das Neves,BA
2026-09-09,749,2928406,Santa Rita de Cássia,BA
2026-09-09,751,2921005,Mata de São João,BA
2026-09-09,753,2904209,Botuporã,BA
2026-09-09,753,2907558,Caturama,BA
2026-09-09,753,2926905,Rio do Pires,BA
2026-09-09,753,2931053,Tanque Novo,BA
2026-09-09,759,2904506,Brotas de Macaúbas,BA
2026-09-09,762,2928109,Santa Maria da Vitória,BA
2026-09-09,767,2928604,Santo Amaro,BA
2026-09-09,812,2923001,Nova Viçosa,BA
2026-09-09,875,2917003,Itiúba,BA
2026-09-09,882,2933604,Xique-Xique,BA
2026-09-09,884,2920601,Maragogipe,BA
2026-09-09,935,2911402,Glória,BA
2026-09-09,936,2911006,Floresta Azul,BA
2026-09-09,936,2912103,Ibicaraí,BA
2026-09-09,998,2900801,Alcobaça,BA
2026-09-09,998,2925501,Prado,BA
2026-09-09,999,2900207,Abaré,BA
2026-09-09,1017,2906402,Candeal,BA
2026-09-09,1021,2907905,Cipó,BA
2026-09-09,1028,2917706,Jaguarari,BA
2026-09-09,1052,2915502,Itajuípe,BA
2026-09-09,1052,2932705,Uruçuca,BA
2026-09-09,1058,2917706,Jaguarari,BA
2026-09-09,1106,2904753,Buritirama,BA
2026-09-09,1110,2911402,Glória,BA
2026-09-09,1120,2917300,Ituberá,BA
2026-09-09,1150,2922508,Nazaré,BA
2026-09-09,1153,2932002,Uauá,BA
2026-09-09,1156,2910057,Dias D'Ávila,BA
2026-09-09,1190,2928208,Santana,BA
2026-09-09,1213,2906501,Candeias,BA
2026-09-09,1223,2927903,Santa Inês,BA
2026-09-09,1230,2903102,Barra do Rocha,BA
2026-09-09,1230,2932309,Ubatã,BA
2026-09-09,1233,2903904,Bom Jesus da Lapa,BA
2026-09-09,1235,2930501,Serrinha,BA
2026-09-09,1244,2933307,Vitória da Conquista,BA
2026-09-09,1247,2915809,Itambé,BA
2026-09-09,1251,2918506,Jussara,BA
2026-09-09,1251,2929255,São Gabriel,BA
2026-09-09,1254,2903706,Boa Nova,BA
2026-09-09,1269,2914000,Ipirá,BA
2026-09-09,1269,2930402,Serra Preta,BA
2026-09-09,1272,2904902,Cachoeira,BA
2026-09-09,1295,2929909,Seabra,BA
2026-09-09,1303,2908101,Cocos,BA
2026-09-09,1350,2918100,Jeremoabo,BA
2026-09-09,1353,2922904,Nova Soure,BA
2026-09-09,1353,2923100,Olindina,BA
2026-09-09,1378,2922607,Nilo Peçanha,BA
2026-09-09,1378,2931202,Taperoá,BA
2026-09-09,1387,2909802,Cruz das Almas,BA
2026-09-09,1387,2929602,Sapeaçu,BA
2026-09-09,1395,2900207,Abaré,BA
2026-09-09,1395,2927101,Rodelas,BA
2026-09-09,1410,2923001,Nova Viçosa,BA
2026-09-09,1440,2907202,Casa Nova,BA
2026-09-09,1448,2911659,Guajeru,BA
2026-09-09,1448,2920304,Malhada de Pedras,BA
2026-09-09,1448,2926806,Rio do Antônio,BA
2026-09-09,1464,2901155,América Dourada,BA
2026-09-09,1466,2917607,Jaguaquara,BA
2026-09-09,1467,2926707,Rio de Contas,BA
2026-09-09,1481,2910602,Esplanada,BA
2026-09-09,1481,2927002,Rio Real,BA
2026-09-09,1507,2905305,Cafarnaum,BA
2026-09-09,1515,2914802,Itabuna,BA
2026-09-09,1520,2933307,Vitória da Conquista,BA
2026-09-09,1540,2914604,Irecê,BA
2026-09-09,1540,2919157,Lapão,BA
2026-09-09,1576,2911808,Guaratinga,BA
2026-09-09,1576,2914653,Itabela,BA
2026-09-09,1577,2913903,Ipiaú,BA
2026-09-09,1580,2908507,Conceição do Jacuípe,BA
2026-09-09,1589,2913705,Inhambupe,BA
2026-09-09,1590,2931400,Teodoro Sampaio,BA
2026-09-09,1590,2931707,Terra Nova,BA
2026-09-09,1628,2907509,Catu,BA
2026-09-09,1634,2906857,Capela do Alto Alegre,BA
2026-09-09,1645,2914307,Iramaia,BA
2026-09-09,1650,2921203,Miguel Calmon,BA
2026-09-09,1676,2909406,Cotegipe,BA
2026-09-09,1686,2911402,Glória,BA
2026-09-09,1717,2917201,Ituaçu,BA
2026-09-09,1728,2918407,Juazeiro,BA
2026-09-09,1737,2909901,Curaçá,BA
2026-09-09,1741,2900405,Água Fria,BA
2026-09-09,1741,2919108,Lamarão,BA
2026-09-09,1741,2923308,Ouriçangas,BA
2026-09-09,1775,2923803,Paripiranga,BA
2026-09-09,1787,2928208,Santana,BA
2026-09-09,1797,2924652,Pintadas,BA
2026-09-09,1798,2913200,Ibotirama,BA
2026-09-09,1814,2905701,Camaçari,BA
2026-09-09,1822,2901205,Anagé,BA
2026-09-09,1866,2907004,Cardeal da Silva,BA
2026-09-09,1873,2904407,Brejolândia,BA
2026-09-09,1873,2930303,Serra Dourada,BA
2026-09-09,1873,2930907,Tabocas do Brejo Velho,BA
2026-09-09,1884,2903508,Belo Campo,BA
2026-09-09,1884,2931806,Tremedal,BA
2026-09-09,1885,2922052,Mulungu do Morro,BA
2026-09-09,1887,2916906,Itiruçu,BA
2026-09-09,1894,2916104,Itaparica,BA
2026-09-09,1903,2908804,Contendas do Sincorá,BA
2026-09-09,1937,2933307,Vitória da Conquista,BA
2026-09-09,1938,2932200,Ubaitaba,BA
2026-09-09,1956,2910206,Dom Macedo Costa,BA
2026-09-09,1956,2928703,Santo Antônio de Jesus,BA
2026-09-09,1956,2933174,Varzedo,BA
2026-09-09,1979,2930600,Serrolândia,BA
2026-09-09,1979,2933109,Várzea do Poço,BA
2026-09-09,1997,2929057,São Félix do Coribe,BA
2026-09-09,2002,2922300,Muritiba,BA
2026-09-09,2002,2929008,São Félix,BA
2026-09-09,2035,2912707,Ibirapitanga,BA
2026-09-09,2049,2902708,Barra,BA
2026-09-09,2053,2901304,Andaraí,BA
2026-09-09,2053,2922854,Nova Redenção,BA
2026-09-09,2055,2905404,Cairu,BA
2026-09-09,2062,2922052,Mulungu do Morro,BA
2026-09-09,2107,2903904,Bom Jesus da Lapa,BA
2026-09-09,2125,2922607,Nilo Peçanha,BA
2026-09-09,2130,2905800,Camamu,BA
2026-09-09,2137,2918704,Lafaiete Coutinho,BA
2026-09-09,2190,2919926,Madre de Deus,BA
2026-09-09,2213,2918605,Jussiape,BA
2026-09-09,2213,2919504,Livramento de Nossa Senhora,BA
2026-09-09,2223,2904803,Caatiba,BA
2026-09-09,2223,2916401,Itapetinga,BA
2026-09-09,2225,2915601,Itamaraju,BA
2026-09-09,2250,2926004,Remanso,BA
2026-09-09,2270,2921708,Morro do Chapéu,BA
2026-09-09,2316,2916856,Itatim,BA
2026-09-09,2352,2902906,Barra do Choça,BA
2026-09-09,2359,2933208,Vera Cruz,BA
2026-09-09,2371,2902658,Banzaê,BA
2026-09-09,2391,2909307,Correntina,BA
2026-09-09,2398,2912400,Ibipeba,BA
2026-09-09,2406,2929107,São Felipe,BA
2026-09-09,2413,2900702,Alagoinhas,BA
2026-09-09,2423,2910404,Encruzilhada,BA
2026-09-09,2423,2926657,Ribeirão do Largo,BA
2026-09-09,2439,2905800,Camamu,BA
2026-09-09,2441,2903904,Bom Jesus da Lapa,BA
2026-09-09,2443,2927606,Santa Brígida,BA
2026-09-09,2477,2902302,Aratuípe,BA
2026-09-09,2477,2917805,Jaguaripe,BA
2026-09-09,2496,2905800,Camamu,BA
2026-09-09,2501,2908903,Coração de Maria,BA
2026-09-09,2505,2914901,Itacaré,BA
2026-09-09,2521,2910503,Entre Rios,BA
2026-09-09,2558,2903201,Barreiras,BA
2026-09-09,2558,2907400,Catolândia,BA
2026-09-09,2558,2928901,São Desidério,BA
2026-09-09,2568,2901700,Antônio Cardoso,BA
2026-09-09,2568,2913804,Ipecaetá,BA
2026-09-09,2568,2928802,Santo Estêvão,BA
2026-09-09,2575,2911402,Glória,BA
2026-09-09,2576,2925907,Quijingue,BA
2026-09-09,2595,2911501,Gongogi,BA
2026-09-09,2600,2900603,Aiquara,BA
2026-09-09,2600,2915106,Itagi,BA
2026-09-09,2600,2918308,Jitaúna,BA
2026-09-09,2627,2906105,Canápolis,BA
2026-09-09,2630,2930808,Souto Soares,BA
2026-09-09,2646,2901502,Anguera,BA
2026-09-09,2646,2910800,Feira de Santana,BA
2026-09-09,2663,2926608,Ribeira do Pombal,BA
2026-09-09,2670,2921500,Monte Santo,BA
2026-09-09,2677,2904902,Cachoeira,BA
2026-09-09,2691,2911907,Iaçu,BA
2026-09-09,2691,2920809,Marcionílio Souza,BA
2026-09-09,2692,2927507,Santa Bárbara,BA
2026-09-09,2703,2917409,Jacaraci,BA
2026-09-09,2703,2919405,Licínio de Almeida,BA
2026-09-09,2703,2921807,Mortugaba,BA
2026-09-09,2703,2932606,Urandi,BA
2026-09-09,2711,2906006,Campo Formoso,BA
2026-09-09,2714,2928109,Santa Maria da Vitória,BA
2026-09-09,2714,2929057,São Félix do Coribe,BA
2026-09-09,2719,2929404,São Miguel das Matas,BA
2026-09-09,2723,2904100,Boquira,BA
2026-09-09,2755,2913606,Ilhéus,BA
2026-09-09,2775,2912004,Ibiassucê,BA
2026-09-09,2778,2901106,Amélia Rodrigues,BA
2026-09-09,2780,2912608,Ibiquera,BA
2026-09-09,2806,2905909,Campo Alegre de Lourdes,BA
2026-09-09,2809,2930758,Sítio do Mato,BA
2026-09-09,2822,2925303,Porto Seguro,BA
2026-09-09,2847,2933307,Vitória da Conquista,BA
2026-09-09,2861,2901601,Antas,BA
2026-09-09,2879,2930105,Senhor do Bonfim,BA
2026-09-09,2905,2910909,Firmino Alves,BA
2026-09-09,2905,2917102,Itororó,BA
2026-09-09,2906,2922409,Mutuípe,BA
2026-09-09,2914,2922201,Muniz Ferreira,BA
2026-09-09,2919,2933307,Vitória da Conquista,BA
2026-09-09,2960,2906808,Cansanção,BA
2026-09-09,2960,2922656,Nordestina,BA
2026-09-09,2985,2901957,Apuarema,BA
2026-09-09,2985,2911204,Gandu,BA
2026-09-09,2985,2915700,Itamari,BA
2026-09-09,2985,2922755,Nova Ibiá,BA
2026-09-09,2985,2925758,Presidente Tancredo Neves,BA
2026-09-09,2985,2931608,Teolândia,BA
2026-09-09,2985,2933505,Wenceslau Guimarães,BA
2026-09-09,2988,2905701,Camaçari,BA
2026-09-09,2991,2906303,Canavieiras,BA
2026-09-09,3014,2915353,Itaguaçu da Bahia,BA
2026-09-09,3019,2908408,Conceição do Coité,BA
2026-09-09,3024,2917003,Itiúba,BA
2026-09-09,3053,2921609,Morpará,BA
2026-09-09,3066,2908309,Conceição do Almeida,BA
2026-09-09,3092,2903409,Belmonte,BA
2026-09-09,3126,2922003,Mucuri,BA
2026-09-09,3136,2924009,Paulo Afonso,BA
2026-09-09,3164,2910107,Dom Basílio,BA
2026-09-09,3168,2931301,Tapiramutá,BA
2026-09-09,3171,2932903,Valença,BA
2026-09-09,3200,2913606,Ilhéus,BA
2026-09-09,3207,2903003,Barra do Mendes,BA
2026-09-09,3221,2926103,Retirolândia,BA
2026-09-09,3252,2901007,Amargosa,BA
2026-09-09,3253,2908101,Cocos,BA
2026-09-09,3258,2923704,Paratinga,BA
2026-09-09,3273,2915908,Itanagra,BA
2026-09-09,3287,2902054,Araças,BA
2026-09-09,3287,2925204,Pojuca,BA
2026-09-09,3308,2911303,Gentio do Ouro,BA
2026-09-09,3312,2930758,Sítio do Mato,BA
2026-09-09,3321,2910701,Euclides da Cunha,BA
2026-09-09,3340,2913408,Igaporã,BA
2026-09-09,3340,2921054,Matina,BA
2026-09-09,3340,2926400,Riacho de Santana,BA
2026-09-09,3348,2931004,Tanhaçu,BA
2026-09-09,3359,2918100,Jeremoabo,BA
2026-09-09,3372,2929107,São Felipe,BA
2026-09-09,3438,2921302,Milagres,BA
2026-09-09,3492,2921203,Miguel Calmon,BA
2026-09-09,3517,2925808,Queimadas,BA
2026-09-09,3519,2907608,Central,BA
2026-09-09,3519,2925600,Presidente Dutra,BA
2026-09-09,3519,2932408,Uibaí,BA
2026-09-09,3534,2932507,Una,BA
2026-09-09,3545,2906907,Caravelas,BA
2026-09-09,3551,2907202,Casa Nova,BA
2026-09-09,3559,2925105,Poções,BA
2026-09-09,3585,2900355,Adustina,BA
2026-09-09,3636,2910008,Dário Meira,BA
2026-09-09,3636,2915205,Itagibá,BA
2026-09-09,3637,2918001,Jequié,BA
2026-09-09,3637,2920403,Manoel Vitorino,BA
2026-09-09,3647,2933208,Vera Cruz,BA
2026-09-09,3651,2906600,Candiba,BA
2026-09-09,3651,2911709,Guanambi,BA
2026-09-09,3651,2923407,Palmas de Monte Alto,BA
2026-09-09,3651,2924504,Pindaí,BA
2026-09-09,3652,2905107,Caém,BA
2026-09-09,3652,2905503,Caldeirão Grande,BA
2026-09-09,3652,2906873,Capim Grosso,BA
2026-09-09,3652,2917508,Jacobina,BA
2026-09-09,3652,2921401,Mirangaba,BA
2026-09-09,3652,2923357,Ourolândia,BA
2026-09-09,3652,2925931,Quixabeira,BA
2026-09-09,3652,2929370,São José do Jacuípe,BA
2026-09-09,3652,2929800,Saúde,BA
2026-09-09,3652,2932457,Umburanas,BA
2026-09-09,3652,2933158,Várzea Nova,BA
2026-09-09,3662,2919207,Lauro de Freitas,BA
2026-09-09,3662,2927408,Salvador,BA
2026-09-09,3662,2930709,Simões Filho,BA
2026-09-09,3676,2903201,Barreiras,BA
2026-09-09,3718,2924405,Pilão Arcado,BA
2026-09-09,3758,2933208,Vera Cruz,BA
2026-09-09,3759,2910503,Entre Rios,BA
2026-09-09,3793,2907202,Casa Nova,BA
2026-09-09,3797,2907806,Cícero Dantas,BA
2026-09-09,3797,2911857,Heliópolis,BA
2026-09-09,3799,2900306,Acajutiba,BA
2026-09-09,3800,2919306,Lençóis,BA
2026-09-09,3800,2921906,Mucugê,BA
2026-09-09,3800,2930808,Souto Soares,BA
2026-09-09,3820,2929503,São Sebastião do Passé,BA
2026-09-09,3846,2907707,Chorrochó,BA
2026-09-09,3846,2919900,Macururé,BA
2026-09-09,3862,2925006,Planalto,BA
2026-09-09,3879,2932200,Ubaitaba,BA
2026-09-09,3884,2911600,Governador Mangabeira,BA
2026-09-09,3889,2930774,Sobradinho,BA
2026-09-09,3909,2909901,Curaçá,BA
2026-09-09,3981,2913457,Igrapiúna,BA
2026-09-09,3981,2917300,Ituberá,BA
2026-09-09,3998,2922102,Mundo Novo,BA
2026-09-09,4004,2924207,Pedro Alexandre,BA
2026-09-09,4007,2923803,Paripiranga,BA
2026-09-09,4015,2919702,Macarani,BA
2026-09-09,4022,2919603,Macajuba,BA
2026-09-09,4027,2924678,Piraí do Norte,BA
2026-09-09,4057,2900306,Acajutiba,BA
2026-09-09,4057,2909604,Crisópolis,BA
2026-09-09,4091,2902104,Araci,BA
2026-09-09,4104,2915403,Itaju do Colônia,BA
2026-09-09,4104,2927804,Santa Cruz da Vitória,BA
2026-09-09,4107,2917359,Jaborandi,BA
2026-09-09,4150,2922409,Mutuípe,BA
2026-09-09,4158,2920502,Maracás,BA
2026-09-09,4232,2903805,Boa Vista do Tupim,BA
2026-09-09,4232,2914703,Itaberaba,BA
2026-09-09,4232,2927200,Ruy Barbosa,BA
2026-09-09,4265,2903201,Barreiras,BA
2026-09-09,4282,2905206,Caetité,BA
2026-09-09,4282,2918753,Lagoa Real,BA
2026-09-09,4284,2911402,Glória,BA
2026-09-09,4294,2917904,Jandaíra,BA
2026-09-09,4297,2919959,Maetinga,BA
2026-09-09,4297,2925709,Presidente Jânio Quadros,BA
2026-09-09,4305,2904308,Brejões,BA
2026-09-09,4305,2922805,Nova Itarana,BA
2026-09-09,4312,2927309,Salinas da Margarida,BA
2026-09-09,4395,2916500,Itapicuru,BA
2026-09-09,4398,2912905,Ibirataia,BA
2026-09-09,4399,2924801,Piritiba,BA
2026-09-09,4402,2918407,Juazeiro,BA
2026-09-09,4417,2922730,Nova Fátima,BA
2026-09-09,4417,2924058,Pé de Serra,BA
2026-09-09,4417,2926301,Riachão do Jacuípe,BA
2026-09-09,4440,2933000,Valente,BA
2026-09-09,4453,2907301,Castro Alves,BA
2026-09-09,4455,2916807,Itarantim,BA
2026-09-09,4455,2925402,Potiraguá,BA
2026-09-09,4488,2908705,Condeúba,BA
2026-09-09,4488,2909000,Cordeiros,BA
2026-09-09,4488,2924702,Piripá,BA
2026-09-09,4491,2933000,Valente,BA
2026-09-09,4523,2905701,Camaçari,BA
2026-09-09,4525,2904050,Bonito,BA
2026-09-09,4525,2932804,Utinga,BA
2026-09-09,4525,2933406,Wagner,BA
2026-09-09,4545,2906204,Canarana,BA
2026-09-09,4551,2913606,Ilhéus,BA
2026-09-09,4553,2905404,Cairu,BA
2026-09-09,4604,2912400,Ibipeba,BA
2026-09-09,4607,2924009,Paulo Afonso,BA
2026-09-09,4610,2901908,Aporá,BA
2026-09-09,4620,2913002,Ibitiara,BA
2026-09-09,4626,2910727,Eunápolis,BA
2026-09-09,4648,2929206,São Francisco do Conde,BA
2026-09-09,4658,2931301,Tapiramutá,BA
2026-09-09,4660,2920700,Maraú,BA
2026-09-09,4670,2931103,Tanquinho,BA
2026-09-09,4677,2920502,Maracás,BA
2026-09-09,4677,2924900,Planaltino,BA
2026-09-09,4689,2931905,Tucano,BA
2026-09-09,4705,2915353,Itaguaçu da Bahia,BA
2026-09-09,4741,2914505,Irará,BA
2026-09-09,4744,2900702,Alagoinhas,BA
2026-09-09,4744,2902203,Aramari,BA
2026-09-09,4749,2905008,Caculé,BA
2026-09-09,4786,2905800,Camamu,BA
2026-09-09,4789,2901353,Andorinha,BA
2026-09-09,4820,2906709,Cândido Sales,BA
2026-09-09,4840,2933158,Várzea Nova,BA
2026-09-09,4863,2931509,Teofilândia,BA
2026-09-09,4865,2931350,Teixeira de Freitas,BA
2026-09-09,5007,2905909,Campo Alegre de Lourdes,BA
2026-09-09,5044,2901809,Antônio Gonçalves,BA
2026-09-09,5044,2924603,Pindobaçu,BA
2026-09-09,5995,2924009,Paulo Afonso,BA
2026-09-09,5996,2908606,Conde,BA
2026-09-09,5997,2927705,Santa Cruz Cabrália,BA
2026-09-09,5998,2924009,Paulo Afonso,BA
2026-09-09,5999,2910859,Filadélfia,BA
2026-09-09,6049,2900207,Abaré,BA
2026-09-09,6072,2907202,Casa Nova,BA
2026-09-09,6227,2906006,Campo Formoso,BA
2026-09-09,6746,2900801,Alcobaça,BA
2026-09-09,7354,2932606,Urandi,BA
2026-09-09,10202,2917904,Jandaíra,BA
2026-09-09,10223,2927002,Rio Real,BA
2026-09-09,10224,2927002,Rio Real,BA
2026-09-09,10225,2917904,Jandaíra,BA
2026-09-09,10605,2927408,Salvador,BA
2026-09-09,10606,2927408,Salvador,BA
2026-09-09,10607,2927408,Salvador,BA
2026-09-09,10608,2927408,Salvador,BA
2026-09-09,10609,2927408,Salvador,BA
2026-09-09,10610,2919207,Lauro de Freitas,BA
2026-09-09,10611,2930709,Simões Filho,BA
2026-09-09,10612,2910800,Feira de Santana,BA
2026-09-09,10613,2901502,Anguera,BA
2026-09-09,10614,2914000,Ipirá,BA
2026-09-09,10615,2930402,Serra Preta,BA
2026-09-09,10616,2928802,Santo Estêvão,BA
2026-09-09,10617,2913804,Ipecaetá,BA
2026-09-09,10618,2901700,Antônio Cardoso,BA
2026-09-09,10619,2901106,Amélia Rodrigues,BA
2026-09-09,10620,2928604,Santo Amaro,BA
2026-09-09,10621,2904902,Cachoeira,BA
2026-09-09,10622,2922300,Muritiba,BA
2026-09-09,10623,2929008,São Félix,BA
2026-09-09,10624,2920601,Maragogipe,BA
2026-09-09,10625,2909802,Cruz das Almas,BA
2026-09-09,10626,2904852,Cabaceiras do Paraguaçu,BA
2026-09-09,10627,2929602,Sapeaçu,BA
2026-09-09,10628,2931707,Terra Nova,BA
2026-09-09,10629,2931400,Teodoro Sampaio,BA
2026-09-09,10630,2929305,São Gonçalo dos Campos,BA
2026-09-09,10631,2908200,Conceição da Feira,BA
2026-09-09,10632,2921104,Medeiros Neto,BA
2026-09-09,10633,2918902,Lajedão,BA
2026-09-09,10634,2933257,Vereda,BA
2026-09-09,10635,2912806,Ibirapuã,BA
2026-09-09,10636,2916005,Itanhém,BA
2026-09-09,10637,2927903,Santa Inês,BA
2026-09-09,10638,2913606,Ilhéus,BA
2026-09-09,10639,2920908,Mascote,BA
2026-09-09,10640,2923902,Pau Brasil,BA
2026-09-09,10641,2928059,Santa Luzia,BA
2026-09-09,10642,2902252,Arataca,BA
2026-09-09,10643,2905602,Camacan,BA
2026-09-09,10644,2918555,Jussari,BA
2026-09-09,10645,2912103,Ibicaraí,BA
2026-09-09,10646,2903300,Barro Preto,BA
2026-09-09,10647,2916203,Itapé,BA
2026-09-09,10648,2911006,Floresta Azul,BA
2026-09-09,10649,2904704,Buerarema,BA
2026-09-09,10650,2929354,São José da Vitória,BA
2026-09-09,10651,2932507,Una,BA
2026-09-09,10652,2915502,Itajuípe,BA
2026-09-09,10653,2932705,Uruçuca,BA
2026-09-09,10654,2908002,Coaraci,BA
2026-09-09,10655,2916609,Itapitanga,BA
2026-09-09,10656,2900900,Almadina,BA
2026-09-09,10657,2927804,Santa Cruz da Vitória,BA
2026-09-09,10658,2915403,Itaju do Colônia,BA
2026-09-09,10659,2918001,Jequié,BA
2026-09-09,10660,2920403,Manoel Vitorino,BA
2026-09-09,10661,2918704,Lafaiete Coutinho,BA
2026-09-09,10662,2919058,Lajedo do Tabocal,BA
2026-09-09,10663,2916906,Itiruçu,BA
2026-09-09,10664,2914208,Irajuba,BA
2026-09-09,10665,2916708,Itaquara,BA
2026-09-09,10666,2922805,Nova Itarana,BA
2026-09-09,10667,2904308,Brejões,BA
2026-09-09,10668,2909505,Cravolândia,BA
2026-09-09,10669,2900702,Alagoinhas,BA
2026-09-09,10670,2902203,Aramari,BA
2026-09-09,10671,2924108,Pedrão,BA
2026-09-09,10672,2902054,Araças,BA
2026-09-09,10673,2925204,Pojuca,BA
2026-09-09,10674,2910503,Entre Rios,BA
2026-09-09,10675,2924603,Pindobaçu,BA
2026-09-09,10676,2901809,Antônio Gonçalves,BA
2026-09-09,10677,2906006,Campo Formoso,BA
2026-09-09,10678,2906808,Cansanção,BA
2026-09-09,10679,2922656,Nordestina,BA
2026-09-09,10680,2917003,Itiúba,BA
2026-09-09,10681,2925253,Ponto Novo,BA
2026-09-09,10682,2910859,Filadélfia,BA
2026-09-09,10683,2917706,Jaguarari,BA
2026-09-09,10684,2903201,Barreiras,BA
2026-09-09,10685,2907400,Catolândia,BA
2026-09-09,10686,2928901,São Desidério,BA
2026-09-09,10687,2901403,Angical,BA
2026-09-09,10688,2902500,Baianópolis,BA
2026-09-09,10689,2909703,Cristópolis,BA
2026-09-09,10690,2909406,Cotegipe,BA
2026-09-09,10691,2933455,Wanderley,BA
2026-09-09,10692,2928406,Santa Rita de Cássia,BA
2026-09-09,10693,2920452,Mansidão,BA
2026-09-09,10694,2911105,Formosa do Rio Preto,BA
2026-09-09,10695,2926202,Riachão das Neves,BA
2026-09-09,10696,2904803,Caatiba,BA
2026-09-09,10697,2916401,Itapetinga,BA
2026-09-09,10698,2917102,Itororó,BA
2026-09-09,10699,2910909,Firmino Alves,BA
2026-09-09,10700,2933307,Vitória da Conquista,BA
2026-09-09,10701,2903953,Bom Jesus da Serra,BA
2026-09-09,10702,2905156,Caetanos,BA
2026-09-09,10703,2921450,Mirante,BA
2026-09-09,10704,2925006,Planalto,BA
2026-09-09,10705,2903508,Belo Campo,BA
2026-09-09,10706,2931806,Tremedal,BA
2026-09-09,10707,2908705,Condeúba,BA
2026-09-09,10708,2924702,Piripá,BA
2026-09-09,10709,2909000,Cordeiros,BA
2026-09-09,10710,2919959,Maetinga,BA
2026-09-09,10711,2925709,Presidente Jânio Quadros,BA
2026-09-09,10712,2910404,Encruzilhada,BA
2026-09-09,10713,2926657,Ribeirão do Largo,BA
2026-09-09,10714,2901205,Anagé,BA
2026-09-09,10715,2906899,Caraíbas,BA
2026-09-09,10716,2913507,Iguaí,BA
2026-09-09,10717,2922706,Nova Canaã,BA
2026-09-09,10718,2912301,Ibicuí,BA
2026-09-09,10719,2916807,Itarantim,BA
2026-09-09,10720,2925402,Potiraguá,BA
2026-09-09,10721,2911709,Guanambi,BA
2026-09-09,10722,2930006,Sebastião Laranjeiras,BA
2026-09-09,10723,2924504,Pindaí,BA
2026-09-09,10724,2923407,Palmas de Monte Alto,BA
2026-09-09,10725,2906600,Candiba,BA
2026-09-09,10726,2905206,Caetité,BA
2026-09-09,10727,2918753,Lagoa Real,BA
2026-09-09,10728,2913408,Igaporã,BA
2026-09-09,10729,2926400,Riacho de Santana,BA
2026-09-09,10730,2921054,Matina,BA
2026-09-09,10731,2919405,Licínio de Almeida,BA
2026-09-09,10732,2921807,Mortugaba,BA
2026-09-09,10733,2917409,Jacaraci,BA
2026-09-09,10734,2932606,Urandi,BA
2026-09-09,10735,2907103,Carinhanha,BA
2026-09-09,10736,2917334,Iuiú,BA
2026-09-09,10737,2910776,Feira da Mata,BA
2026-09-09,10738,2920205,Malhada,BA
2026-09-09,10739,2928703,Santo Antônio de Jesus,BA
2026-09-09,10740,2933174,Varzedo,BA
2026-09-09,10741,2910206,Dom Macedo Costa,BA
2026-09-09,10742,2929404,São Miguel das Matas,BA
2026-09-09,10743,2918803,Laje,BA
2026-09-09,10744,2922409,Mutuípe,BA
2026-09-09,10745,2902302,Aratuípe,BA
2026-09-09,10746,2917805,Jaguaripe,BA
2026-09-09,10747,2933208,Vera Cruz,BA
2026-09-09,10748,2907301,Castro Alves,BA
2026-09-09,10749,2928505,Santa Teresinha,BA
2026-09-09,10750,2925956,Rafael Jambeiro,BA
2026-09-09,10751,2932101,Ubaíra,BA
2026-09-09,10752,2918209,Jiquiriçá,BA
2026-09-09,10753,2932002,Uauá,BA
2026-09-09,10754,2907202,Casa Nova,BA
2026-09-09,10755,2918407,Juazeiro,BA
2026-09-09,10756,2905909,Campo Alegre de Lourdes,BA
2026-09-09,10757,2905701,Camaçari,BA
2026-09-09,10758,2929503,São Sebastião do Passé,BA
2026-09-09,10759,2912608,Ibiquera,BA
2026-09-09,10760,2919009,Lajedinho,BA
2026-09-09,10761,2903805,Boa Vista do Tupim,BA
2026-09-09,10762,2915007,Itaeté,BA
2026-09-09,10763,2927200,Ruy Barbosa,BA
2026-09-09,10764,2914703,Itaberaba,BA
2026-09-09,10765,2911907,Iaçu,BA
2026-09-09,10766,2920809,Marcionílio Souza,BA
2026-09-09,10767,2933406,Wagner,BA
2026-09-09,10768,2932804,Utinga,BA
2026-09-09,10769,2904050,Bonito,BA
2026-09-09,10770,2901304,Andaraí,BA
2026-09-09,10771,2922854,Nova Redenção,BA
2026-09-09,10772,2914653,Itabela,BA
2026-09-09,10773,2911808,Guaratinga,BA
2026-09-09,10774,2916302,Itapebi,BA
2026-09-09,10775,2915304,Itagimirim,BA
2026-09-09,10776,2927705,Santa Cruz Cabrália,BA
2026-09-09,10777,2915601,Itamaraju,BA
2026-09-09,10778,2918456,Jucuruçu,BA
2026-09-09,10779,2923001,Nova Viçosa,BA
2026-09-09,10780,2910008,Dário Meira,BA
2026-09-09,10781,2915205,Itagibá,BA
2026-09-09,10782,2932309,Ubatã,BA
2026-09-09,10783,2903102,Barra do Rocha,BA
2026-09-09,10784,2920502,Maracás,BA
2026-09-09,10785,2924900,Planaltino,BA
2026-09-09,10786,2900306,Acajutiba,BA
2026-09-09,10787,2909604,Crisópolis,BA
2026-09-09,10788,2903201,Barreiras,BA
2026-09-09,10789,2919306,Lençóis,BA
2026-09-09,10790,2930808,Souto Soares,BA
2026-09-09,10791,2921906,Mucugê,BA
2026-09-09,10792,2900801,Alcobaça,BA
2026-09-09,10793,2906907,Caravelas,BA
2026-09-09,10794,2915106,Itagi,BA
2026-09-09,10795,2918308,Jitaúna,BA
2026-09-09,10796,2900603,Aiquara,BA
2026-09-09,10797,2932200,Ubaitaba,BA
2026-09-09,10798,2902401,Aurelino Leal,BA
2026-09-09,10799,2924009,Paulo Afonso,BA
2026-09-09,10800,2911402,Glória,BA
2026-09-09,10801,2900207,Abaré,BA
2026-09-09,10802,2927101,Rodelas,BA
2026-09-09,10803,2918100,Jeremoabo,BA
2026-09-09,10804,2924207,Pedro Alexandre,BA
2026-09-09,10805,2909208,Coronel João Sá,BA
2026-09-09,10806,2919900,Macururé,BA
2026-09-09,10807,2907707,Chorrochó,BA
2026-09-09,10808,2926608,Ribeira do Pombal,BA
2026-09-09,10809,2907905,Cipó,BA
2026-09-09,10810,2926509,Ribeira do Amparo,BA
2026-09-09,10811,2923803,Paripiranga,BA
2026-09-09,10814,2907806,Cícero Dantas,BA
2026-09-09,10815,2911857,Heliópolis,BA
2026-09-09,10816,2900355,Adustina,BA
2026-09-09,10817,2910750,Fátima,BA
2026-09-09,10818,2901601,Antas,BA
2026-09-09,10819,2930766,Sítio do Quinto,BA
2026-09-09,10820,2923050,Novo Triunfo,BA
2026-09-09,10821,2916500,Itapicuru,BA
2026-09-09,10822,2922904,Nova Soure,BA
2026-09-09,10823,2923100,Olindina,BA
2026-09-09,10824,2918506,Jussara,BA
2026-09-09,10825,2929255,São Gabriel,BA
2026-09-09,10826,2922102,Mundo Novo,BA
2026-09-09,10827,2924801,Piritiba,BA
2026-09-09,10828,2921203,Miguel Calmon,BA
2026-09-09,10829,2933109,Várzea do Poço,BA
2026-09-09,10830,2930600,Serrolândia,BA
2026-09-09,10831,2923357,Ourolândia,BA
2026-09-09,10832,2929800,Saúde,BA
2026-09-09,10833,2905503,Caldeirão Grande,BA
2026-09-09,10834,2929370,São José do Jacuípe,BA
2026-09-09,10835,2905107,Caém,BA
2026-09-09,10836,2921401,Mirangaba,BA
2026-09-09,10837,2932457,Umburanas,BA
2026-09-09,10838,2925931,Quixabeira,BA
2026-09-09,10839,2906873,Capim Grosso,BA
2026-09-09,10840,2917508,Jacobina,BA
2026-09-09,10841,2915353,Itaguaçu da Bahia,BA
2026-09-09,10842,2901155,América Dourada,BA
2026-09-09,10843,2918357,João Dourado,BA
2026-09-09,10844,2921708,Morro do Chapéu,BA
2026-09-09,10845,2914604,Irecê,BA
2026-09-09,10846,2919157,Lapão,BA
2026-09-09,10847,2907608,Central,BA
2026-09-09,10848,2925600,Presidente Dutra,BA
2026-09-09,10849,2932408,Uibaí,BA
2026-09-09,10850,2912400,Ibipeba,BA
2026-09-09,10851,2903003,Barra do Mendes,BA
2026-09-09,10852,2903235,Barro Alto,BA
2026-09-09,10853,2922052,Mulungu do Morro,BA
2026-09-09,10854,2932101,Ubaíra,BA
2026-09-09,10855,2924306,Piatã,BA
2026-09-09,10856,2902807,Barra da Estiva,BA
2026-09-09,10857,2912202,Ibicoara,BA
2026-09-09,10858,2923605,Paramirim,BA
2026-09-09,10859,2900504,Érico Cardoso,BA
2026-09-09,10860,2911659,Guajeru,BA
2026-09-09,10861,2920304,Malhada de Pedras,BA
2026-09-09,10862,2926806,Rio do Antônio,BA
2026-09-09,10863,2904605,Brumado,BA
2026-09-09,10864,2902005,Aracatu,BA
2026-09-09,10865,2931301,Tapiramutá,BA
2026-09-09,10866,2902609,Baixa Grande,BA
2026-09-09,10867,2920106,Mairi,BA
2026-09-09,10868,2933059,Várzea da Roça,BA
2026-09-09,10869,2905404,Cairu,BA
2026-09-09,10870,2922607,Nilo Peçanha,BA
2026-09-09,10871,2931202,Taperoá,BA
2026-09-09,10872,2905800,Camamu,BA
2026-09-09,10873,2913457,Igrapiúna,BA
2026-09-09,10874,2917300,Ituberá,BA
2026-09-09,10875,2933505,Wenceslau Guimarães,BA
2026-09-09,10876,2922755,Nova Ibiá,BA
2026-09-09,10877,2901957,Apuarema,BA
2026-09-09,10878,2915700,Itamari,BA
2026-09-09,10879,2925758,Presidente Tancredo Neves,BA
2026-09-09,10880,2931608,Teolândia,BA
2026-09-09,10881,2911204,Gandu,BA
2026-09-09,10882,2930303,Serra Dourada,BA
2026-09-09,10883,2930907,Tabocas do Brejo Velho,BA
2026-09-09,10884,2904407,Brejolândia,BA
2026-09-09,10885,2930758,Sítio do Mato,BA
2026-09-09,10886,2909307,Correntina,BA
2026-09-09,10887,2930154,Serra do Ramalho,BA
2026-09-09,10888,2909109,Coribe,BA
2026-09-09,10889,2928208,Santana,BA
2026-09-09,10890,2929057,São Félix do Coribe,BA
2026-09-09,10891,2928109,Santa Maria da Vitória,BA
2026-09-09,10892,2903904,Bom Jesus da Lapa,BA
2026-09-09,10893,2926707,Rio de Contas,BA
2026-09-09,10894,2918605,Jussiape,BA
2026-09-09,10895,2907558,Caturama,BA
2026-09-09,10896,2931053,Tanque Novo,BA
2026-09-09,10897,2904209,Botuporã,BA
2026-09-09,10898,2926905,Rio do Pires,BA
2026-09-09,10899,2929701,Sátiro Dias,BA
2026-09-09,10900,2903607,Biritinga,BA
2026-09-09,10901,2928307,Santanópolis,BA
2026-09-09,10902,2914505,Irará,BA
2026-09-09,10903,2924058,Pé de Serra,BA
2026-09-09,10904,2922730,Nova Fátima,BA
2026-09-09,10905,2926301,Riachão do Jacuípe,BA
2026-09-09,10906,2906402,Candeal,BA
2026-09-09,10907,2913309,Ichu,BA
2026-09-09,10908,2906857,Capela do Alto Alegre,BA
2026-09-09,10909,2911253,Gavião,BA
2026-09-09,10910,2928950,São Domingos,BA
2026-09-09,10911,2913002,Ibitiara,BA
2026-09-09,10912,2912509,Ibipitanga,BA
2026-09-09,10913,2923704,Paratinga,BA
2026-09-09,10914,2922250,Muquém de São Francisco,BA
2026-09-09,10915,2904506,Brotas de Macaúbas,BA
2026-09-09,10916,2914109,Ipupiara,BA
2026-09-09,10917,2923035,Novo Horizonte,BA
2026-09-09,10918,2902708,Barra,BA
2026-09-09,10978,2919108,Lamarão,BA
2026-09-09,10979,2900405,Água Fria,BA
2026-09-09,10980,2923308,Ouriçangas,BA
2026-09-09,11166,2909901,Curaçá,BA
2026-09-09,11796,2917904,Jandaíra,BA
2026-09-09,11806,2927002,Rio Real,BA
2026-09-09,12730,2917904,Jandaíra,BA
2026-09-09,12743,2917904,Jandaíra,BA
2026-09-09,12743,2927002,Rio Real,BA
2026-09-09,14240,2927408,Salvador,BA
2026-09-09,14241,2900702,Alagoinhas,BA
2026-09-09,14241,2902054,Araças,BA
2026-09-09,14241,2902203,Aramari,BA
2026-09-09,14241,2910503,Entre Rios,BA
2026-09-09,14241,2913705,Inhambupe,BA
2026-09-09,14242,2900801,Alcobaça,BA
2026-09-09,14242,2906907,Caravelas,BA
2026-09-09,14242,2928059,Santa Luzia,BA
2026-09-09,14242,2931350,Teixeira de Freitas,BA
2026-09-09,14243,2927408,Salvador,BA
2026-09-09,14244,2901007,Amargosa,BA
2026-09-09,14244,2910305,Elísio Medrado,BA
2026-09-09,14244,2916856,Itatim,BA
2026-09-09,14244,2918209,Jiquiriçá,BA
2026-09-09,14244,2918803,Laje,BA
2026-09-09,14244,2921302,Milagres,BA
2026-09-09,14244,2922409,Mutuípe,BA
2026-09-09,14244,2928505,Santa Teresinha,BA
2026-09-09,14244,2929404,São Miguel das Matas,BA
2026-09-09,14244,2932101,Ubaíra,BA
2026-09-09,14244,2933174,Varzedo,BA
2026-09-09,14245,2901106,Amélia Rodrigues,BA
2026-09-09,14245,2908200,Conceição da Feira,BA
2026-09-09,14245,2908507,Conceição do Jacuípe,BA
2026-09-09,14245,2908903,Coração de Maria,BA
2026-09-09,14245,2910800,Feira de Santana,BA
2026-09-09,14245,2928604,Santo Amaro,BA
2026-09-09,14245,2929305,São Gonçalo dos Campos,BA
2026-09-09,14245,2931400,Teodoro Sampaio,BA
2026-09-09,14246,2901155,América Dourada,BA
2026-09-09,14246,2918357,João Dourado,BA
2026-09-09,14246,2921708,Morro do Chapéu,BA
2026-09-09,14247,2901205,Anagé,BA
2026-09-09,14247,2902005,Aracatu,BA
2026-09-09,14247,2903508,Belo Campo,BA
2026-09-09,14247,2905156,Caetanos,BA
2026-09-09,14247,2906899,Caraíbas,BA
2026-09-09,14247,2931806,Tremedal,BA
2026-09-09,14247,2933307,Vitória da Conquista,BA
2026-09-09,14248,2910800,Feira de Santana,BA
2026-09-09,14248,2929305,São Gonçalo dos Campos,BA
2026-09-09,14249,2901403,Angical,BA
2026-09-09,14249,2902500,Baianópolis,BA
2026-09-09,14249,2903201,Barreiras,BA
2026-09-09,14249,2907400,Catolândia,BA
2026-09-09,14249,2909406,Cotegipe,BA
2026-09-09,14249,2909703,Cristópolis,BA
2026-09-09,14249,2922250,Muquém de São Francisco,BA
2026-09-09,14249,2926202,Riachão das Neves,BA
2026-09-09,14249,2928901,São Desidério,BA
2026-09-09,14249,2930907,Tabocas do Brejo Velho,BA
2026-09-09,14249,2933455,Wanderley,BA
2026-09-09,14250,2911402,Glória,BA
2026-09-09,14250,2927101,Rodelas,BA
2026-09-09,14251,2905701,Camaçari,BA
2026-09-09,14252,2902708,Barra,BA
2026-09-09,14252,2904753,Buritirama,BA
2026-09-09,14252,2924405,Pilão Arcado,BA
2026-09-09,14252,2933604,Xique-Xique,BA
2026-09-09,14253,2900108,Abaíra,BA
2026-09-09,14253,2902807,Barra da Estiva,BA
2026-09-09,14253,2903805,Boa Vista do Tupim,BA
2026-09-09,14253,2904605,Brumado,BA
2026-09-09,14253,2908804,Contendas do Sincorá,BA
2026-09-09,14253,2912202,Ibicoara,BA
2026-09-09,14253,2914307,Iramaia,BA
2026-09-09,14253,2915007,Itaeté,BA
2026-09-09,14253,2917201,Ituaçu,BA
2026-09-09,14253,2918605,Jussiape,BA
2026-09-09,14253,2920809,Marcionílio Souza,BA
2026-09-09,14253,2921906,Mucugê,BA
2026-09-09,14253,2922854,Nova Redenção,BA
2026-09-09,14253,2923035,Novo Horizonte,BA
2026-09-09,14253,2924306,Piatã,BA
2026-09-09,14253,2926905,Rio do Pires,BA
2026-09-09,14253,2931004,Tanhaçu,BA
2026-09-09,14254,2933208,Vera Cruz,BA
2026-09-09,14255,2902500,Baianópolis,BA
2026-09-09,14255,2903201,Barreiras,BA
2026-09-09,14255,2907400,Catolândia,BA
2026-09-09,14255,2909307,Correntina,BA
2026-09-09,14255,2928901,São Desidério,BA
2026-09-09,14256,2901403,Angical,BA
2026-09-09,14256,2903201,Barreiras,BA
2026-09-09,14256,2926202,Riachão das Neves,BA
2026-09-09,14257,2909901,Curaçá,BA
2026-09-09,14257,2918407,Juazeiro,BA
2026-09-09,14257,2932002,Uauá,BA
2026-09-09,14258,2916104,Itaparica,BA
2026-09-09,14258,2933208,Vera Cruz,BA
2026-09-09,14259,2903409,Belmonte,BA
2026-09-09,14259,2906303,Canavieiras,BA
2026-09-09,14259,2920908,Mascote,BA
2026-09-09,14259,2928059,Santa Luzia,BA
2026-09-09,14259,2932507,Una,BA
2026-09-09,14260,2903904,Bom Jesus da Lapa,BA
2026-09-09,14260,2923704,Paratinga,BA
2026-09-09,14260,2926400,Riacho de Santana,BA
2026-09-09,14261,2904050,Bonito,BA
2026-09-09,14261,2914406,Iraquara,BA
2026-09-09,14261,2921708,Morro do Chapéu,BA
2026-09-09,14261,2922052,Mulungu do Morro,BA
2026-09-09,14262,2904001,Boninal,BA
2026-09-09,14262,2904100,Boquira,BA
2026-09-09,14262,2904209,Botuporã,BA
2026-09-09,14262,2904506,Brotas de Macaúbas,BA
2026-09-09,14262,2912509,Ibipitanga,BA
2026-09-09,14262,2913002,Ibitiara,BA
2026-09-09,14262,2919801,Macaúbas,BA
2026-09-09,14262,2923035,Novo Horizonte,BA
2026-09-09,14262,2924306,Piatã,BA
2026-09-09,14262,2926905,Rio do Pires,BA
2026-09-09,14262,2929909,Seabra,BA
2026-09-09,14263,2902005,Aracatu,BA
2026-09-09,14263,2904605,Brumado,BA
2026-09-09,14263,2906899,Caraíbas,BA
2026-09-09,14263,2910107,Dom Basílio,BA
2026-09-09,14263,2917201,Ituaçu,BA
2026-09-09,14263,2918753,Lagoa Real,BA
2026-09-09,14263,2919504,Livramento de Nossa Senhora,BA
2026-09-09,14263,2920304,Malhada de Pedras,BA
2026-09-09,14263,2926806,Rio do Antônio,BA
2026-09-09,14264,2900702,Alagoinhas,BA
2026-09-09,14264,2902203,Aramari,BA
2026-09-09,14264,2907509,Catu,BA
2026-09-09,14264,2908903,Coração de Maria,BA
2026-09-09,14264,2914505,Irará,BA
2026-09-09,14264,2923308,Ouriçangas,BA
2026-09-09,14264,2924108,Pedrão,BA
2026-09-09,14264,2931400,Teodoro Sampaio,BA
2026-09-09,14265,2900207,Abaré,BA
2026-09-09,14266,2905206,Caetité,BA
2026-09-09,14266,2912004,Ibiassucê,BA
2026-09-09,14266,2918753,Lagoa Real,BA
2026-09-09,14266,2919504,Livramento de Nossa Senhora,BA
2026-09-09,14266,2924504,Pindaí,BA
2026-09-09,14267,2927408,Salvador,BA
2026-09-09,14268,2927408,Salvador,BA
2026-09-09,14269,2902252,Arataca,BA
2026-09-09,14269,2903409,Belmonte,BA
2026-09-09,14269,2905602,Camacan,BA
2026-09-09,14269,2906303,Canavieiras,BA
2026-09-09,14269,2915403,Itaju do Colônia,BA
2026-09-09,14269,2916401,Itapetinga,BA
2026-09-09,14269,2918555,Jussari,BA
2026-09-09,14269,2920908,Mascote,BA
2026-09-09,14269,2923902,Pau Brasil,BA
2026-09-09,14269,2925402,Potiraguá,BA
2026-09-09,14269,2928059,Santa Luzia,BA
2026-09-09,14269,2932507,Una,BA
2026-09-09,14270,2905701,Camaçari,BA
2026-09-09,14270,2906501,Candeias,BA
2026-09-09,14270,2910057,Dias D'Ávila,BA
2026-09-09,14270,2921005,Mata de São João,BA
2026-09-09,14270,2925204,Pojuca,BA
2026-09-09,14270,2929503,São Sebastião do Passé,BA
2026-09-09,14270,2930709,Simões Filho,BA
2026-09-09,14271,2905701,Camaçari,BA
2026-09-09,14272,2927408,Salvador,BA
2026-09-09,14273,2906105,Canápolis,BA
2026-09-09,14273,2907103,Carinhanha,BA
2026-09-09,14273,2908101,Cocos,BA
2026-09-09,14273,2909109,Coribe,BA
2026-09-09,14273,2909307,Correntina,BA
2026-09-09,14273,2910776,Feira da Mata,BA
2026-09-09,14273,2917359,Jaborandi,BA
2026-09-09,14273,2928109,Santa Maria da Vitória,BA
2026-09-09,14273,2928208,Santana,BA
2026-09-09,14273,2929057,São Félix do Coribe,BA
2026-09-09,14273,2930154,Serra do Ramalho,BA
2026-09-09,14274,2907202,Casa Nova,BA
2026-09-09,14275,2904852,Cabaceiras do Paraguaçu,BA
2026-09-09,14275,2907301,Castro Alves,BA
2026-09-09,14275,2916856,Itatim,BA
2026-09-09,14275,2925956,Rafael Jambeiro,BA
2026-09-09,14275,2928505,Santa Teresinha,BA
2026-09-09,14275,2929602,Sapeaçu,BA
2026-09-09,14275,2933174,Varzedo,BA
2026-09-09,14276,2900702,Alagoinhas,BA
2026-09-09,14276,2902054,Araças,BA
2026-09-09,14276,2907509,Catu,BA
2026-09-09,14276,2915908,Itanagra,BA
2026-09-09,14276,2921005,Mata de São João,BA
2026-09-09,14276,2925204,Pojuca,BA
2026-09-09,14276,2929503,São Sebastião do Passé,BA
2026-09-09,14277,2927408,Salvador,BA
2026-09-09,14278,2927408,Salvador,BA
2026-09-09,14279,2927408,Salvador,BA
2026-09-09,14280,2903201,Barreiras,BA
2026-09-09,14280,2919553,Luís Eduardo Magalhães,BA
2026-09-09,14280,2928901,São Desidério,BA
2026-09-09,14281,2927408,Salvador,BA
2026-09-09,14281,2930709,Simões Filho,BA
2026-09-09,14282,2906501,Candeias,BA
2026-09-09,14282,2927408,Salvador,BA
2026-09-09,14282,2929206,São Francisco do Conde,BA
2026-09-09,14282,2929503,São Sebastião do Passé,BA
2026-09-09,14282,2930709,Simões Filho,BA
2026-09-09,14283,2905701,Camaçari,BA
2026-09-09,14283,2919207,Lauro de Freitas,BA
2026-09-09,14283,2927408,Salvador,BA
2026-09-09,14283,2930709,Simões Filho,BA
2026-09-09,14284,2907806,Cícero Dantas,BA
2026-09-09,14284,2910750,Fátima,BA
2026-09-09,14284,2911857,Heliópolis,BA
2026-09-09,14284,2916500,Itapicuru,BA
2026-09-09,14284,2926509,Ribeira do Amparo,BA
2026-09-09,14284,2926608,Ribeira do Pombal,BA
2026-09-09,14285,2902104,Araci,BA
2026-09-09,14285,2903276,Barrocas,BA
2026-09-09,14285,2906402,Candeal,BA
2026-09-09,14285,2908408,Conceição do Coité,BA
2026-09-09,14285,2913309,Ichu,BA
2026-09-09,14285,2924058,Pé de Serra,BA
2026-09-09,14285,2926103,Retirolândia,BA
2026-09-09,14285,2926301,Riachão do Jacuípe,BA
2026-09-09,14285,2930501,Serrinha,BA
2026-09-09,14285,2931103,Tanquinho,BA
2026-09-09,14285,2931509,Teofilândia,BA
2026-09-09,14286,2908606,Conde,BA
2026-09-09,14286,2910602,Esplanada,BA
2026-09-09,14287,2905701,Camaçari,BA
2026-09-09,14287,2910057,Dias D'Ávila,BA
2026-09-09,14287,2921005,Mata de São João,BA
2026-09-09,14288,2903409,Belmonte,BA
2026-09-09,14288,2925303,Porto Seguro,BA
2026-09-09,14288,2927705,Santa Cruz Cabrália,BA
2026-09-09,14289,2905206,Caetité,BA
2026-09-09,14289,2909307,Correntina,BA
2026-09-09,14289,2917359,Jaborandi,BA
2026-09-09,14289,2928109,Santa Maria da Vitória,BA
2026-09-09,14289,2928901,São Desidério,BA
2026-09-09,14290,2909307,Correntina,BA
2026-09-09,14290,2917359,Jaborandi,BA
2026-09-09,14291,2904852,Cabaceiras do Paraguaçu,BA
2026-09-09,14291,2907301,Castro Alves,BA
2026-09-09,14291,2908309,Conceição do Almeida,BA
2026-09-09,14291,2909802,Cruz das Almas,BA
2026-09-09,14291,2911600,Governador Mangabeira,BA
2026-09-09,14291,2922300,Muritiba,BA
2026-09-09,14291,2925956,Rafael Jambeiro,BA
2026-09-09,14291,2929008,São Félix,BA
2026-09-09,14291,2929107,São Felipe,BA
2026-09-09,14291,2929602,Sapeaçu,BA
2026-09-09,14292,2909901,Curaçá,BA
2026-09-09,14292,2918407,Juazeiro,BA
2026-09-09,14293,2913606,Ilhéus,BA
2026-09-09,14293,2932705,Uruçuca,BA
2026-09-09,14294,2929206,São Francisco do Conde,BA
2026-09-09,14295,2900306,Acajutiba,BA
2026-09-09,14295,2901908,Aporá,BA
2026-09-09,14295,2902054,Araças,BA
2026-09-09,14295,2907004,Cardeal da Silva,BA
2026-09-09,14295,2910503,Entre Rios,BA
2026-09-09,14295,2910602,Esplanada,BA
2026-09-09,14296,2900306,Acajutiba,BA
2026-09-09,14296,2901908,Aporá,BA
2026-09-09,14296,2908606,Conde,BA
2026-09-09,14296,2909604,Crisópolis,BA
2026-09-09,14296,2910602,Esplanada,BA
2026-09-09,14297,2902658,Banzaê,BA
2026-09-09,14297,2906808,Cansanção,BA
2026-09-09,14297,2906824,Canudos,BA
2026-09-09,14297,2910701,Euclides da Cunha,BA
2026-09-09,14297,2921500,Monte Santo,BA
2026-09-09,14297,2925907,Quijingue,BA
2026-09-09,14297,2932002,Uauá,BA
2026-09-09,14298,2910727,Eunápolis,BA
2026-09-09,14298,2911808,Guaratinga,BA
2026-09-09,14298,2925303,Porto Seguro,BA
2026-09-09,14298,2927705,Santa Cruz Cabrália,BA
2026-09-09,14299,2903409,Belmonte,BA
2026-09-09,14299,2910727,Eunápolis,BA
2026-09-09,14299,2911808,Guaratinga,BA
2026-09-09,14299,2914653,Itabela,BA
2026-09-09,14299,2915304,Itagimirim,BA
2026-09-09,14299,2915601,Itamaraju,BA
2026-09-09,14299,2918456,Jucuruçu,BA
2026-09-09,14299,2925303,Porto Seguro,BA
2026-09-09,14299,2927705,Santa Cruz Cabrália,BA
2026-09-09,14300,2927408,Salvador,BA
2026-09-09,14301,2910800,Feira de Santana,BA
2026-09-09,14302,2908903,Coração de Maria,BA
2026-09-09,14302,2910800,Feira de Santana,BA
2026-09-09,14302,2928307,Santanópolis,BA
2026-09-09,14303,2901502,Anguera,BA
2026-09-09,14303,2901700,Antônio Cardoso,BA
2026-09-09,14303,2906402,Candeal,BA
2026-09-09,14303,2906857,Capela do Alto Alegre,BA
2026-09-09,14303,2910800,Feira de Santana,BA
2026-09-09,14303,2911907,Iaçu,BA
2026-09-09,14303,2913804,Ipecaetá,BA
2026-09-09,14303,2914000,Ipirá,BA
2026-09-09,14303,2916856,Itatim,BA
2026-09-09,14303,2920106,Mairi,BA
2026-09-09,14303,2924058,Pé de Serra,BA
2026-09-09,14303,2924652,Pintadas,BA
2026-09-09,14303,2925956,Rafael Jambeiro,BA
2026-09-09,14303,2926301,Riachão do Jacuípe,BA
2026-09-09,14303,2928802,Santo Estêvão,BA
2026-09-09,14303,2930402,Serra Preta,BA
2026-09-09,14303,2931103,Tanquinho,BA
2026-09-09,14304,2903904,Bom Jesus da Lapa,BA
2026-09-09,14304,2928208,Santana,BA
2026-09-09,14304,2930154,Serra do Ramalho,BA
2026-09-09,14305,2902401,Aurelino Leal,BA
2026-09-09,14305,2903102,Barra do Rocha,BA
2026-09-09,14305,2905800,Camamu,BA
2026-09-09,14305,2911204,Gandu,BA
2026-09-09,14305,2911501,Gongogi,BA
2026-09-09,14305,2912301,Ibicuí,BA
2026-09-09,14305,2912707,Ibirapitanga,BA
2026-09-09,14305,2913457,Igrapiúna,BA
2026-09-09,14305,2913606,Ilhéus,BA
2026-09-09,14305,2916609,Itapitanga,BA
2026-09-09,14305,2920700,Maraú,BA
2026-09-09,14305,2924678,Piraí do Norte,BA
2026-09-09,14305,2932200,Ubaitaba,BA
2026-09-09,14305,2932309,Ubatã,BA
2026-09-09,14306,2901957,Apuarema,BA
2026-09-09,14306,2911204,Gandu,BA
2026-09-09,14306,2912905,Ibirataia,BA
2026-09-09,14306,2913457,Igrapiúna,BA
2026-09-09,14306,2915700,Itamari,BA
2026-09-09,14306,2917300,Ituberá,BA
2026-09-09,14306,2922607,Nilo Peçanha,BA
2026-09-09,14306,2922755,Nova Ibiá,BA
2026-09-09,14306,2924678,Piraí do Norte,BA
2026-09-09,14306,2925758,Presidente Tancredo Neves,BA
2026-09-09,14306,2931202,Taperoá,BA
2026-09-09,14306,2931608,Teolândia,BA
2026-09-09,14306,2932903,Valença,BA
2026-09-09,14306,2933505,Wenceslau Guimarães,BA
2026-09-09,14307,2927408,Salvador,BA
2026-09-09,14308,2905206,Caetité,BA
2026-09-09,14308,2906600,Candiba,BA
2026-09-09,14308,2911709,Guanambi,BA
2026-09-09,14308,2917334,Iuiú,BA
2026-09-09,14308,2919405,Licínio de Almeida,BA
2026-09-09,14308,2923407,Palmas de Monte Alto,BA
2026-09-09,14308,2924504,Pindaí,BA
2026-09-09,14308,2926400,Riacho de Santana,BA
2026-09-09,14308,2930006,Sebastião Laranjeiras,BA
2026-09-09,14309,2905701,Camaçari,BA
2026-09-09,14309,2910057,Dias D'Ávila,BA
2026-09-09,14309,2921005,Mata de São João,BA
2026-09-09,14310,2903805,Boa Vista do Tupim,BA
2026-09-09,14310,2911907,Iaçu,BA
2026-09-09,14310,2914703,Itaberaba,BA
2026-09-09,14310,2920809,Marcionílio Souza,BA
2026-09-09,14311,2901155,América Dourada,BA
2026-09-09,14311,2903003,Barra do Mendes,BA
2026-09-09,14311,2903235,Barro Alto,BA
2026-09-09,14311,2904506,Brotas de Macaúbas,BA
2026-09-09,14311,2905305,Cafarnaum,BA
2026-09-09,14311,2906204,Canarana,BA
2026-09-09,14311,2912400,Ibipeba,BA
2026-09-09,14311,2913101,Ibititá,BA
2026-09-09,14311,2919157,Lapão,BA
2026-09-09,14311,2929909,Seabra,BA
2026-09-09,14311,2930808,Souto Soares,BA
2026-09-09,14311,2932408,Uibaí,BA
2026-09-09,14312,2905206,Caetité,BA
2026-09-09,14312,2911709,Guanambi,BA
2026-09-09,14312,2913408,Igaporã,BA
2026-09-09,14312,2919801,Macaúbas,BA
2026-09-09,14312,2921054,Matina,BA
2026-09-09,14312,2926400,Riacho de Santana,BA
2026-09-09,14312,2931053,Tanque Novo,BA
2026-09-09,14313,2913606,Ilhéus,BA
2026-09-09,14313,2932507,Una,BA
2026-09-09,14314,2900702,Alagoinhas,BA
2026-09-09,14314,2901908,Aporá,BA
2026-09-09,14314,2910503,Entre Rios,BA
2026-09-09,14314,2913705,Inhambupe,BA
2026-09-09,14314,2929701,Sátiro Dias,BA
2026-09-09,14315,2900603,Aiquara,BA
2026-09-09,14315,2901957,Apuarema,BA
2026-09-09,14315,2902401,Aurelino Leal,BA
2026-09-09,14315,2903102,Barra do Rocha,BA
2026-09-09,14315,2903706,Boa Nova,BA
2026-09-09,14315,2910008,Dário Meira,BA
2026-09-09,14315,2911501,Gongogi,BA
2026-09-09,14315,2912301,Ibicuí,BA
2026-09-09,14315,2912707,Ibirapitanga,BA
2026-09-09,14315,2912905,Ibirataia,BA
2026-09-09,14315,2913507,Iguaí,BA
2026-09-09,14315,2913903,Ipiaú,BA
2026-09-09,14315,2915106,Itagi,BA
2026-09-09,14315,2915205,Itagibá,BA
2026-09-09,14315,2918001,Jequié,BA
2026-09-09,14315,2918308,Jitaúna,BA
2026-09-09,14315,2920403,Manoel Vitorino,BA
2026-09-09,14315,2922755,Nova Ibiá,BA
2026-09-09,14315,2932309,Ubatã,BA
2026-09-09,14316,2901155,América Dourada,BA
2026-09-09,14316,2907608,Central,BA
2026-09-09,14316,2913101,Ibititá,BA
2026-09-09,14316,2914604,Irecê,BA
2026-09-09,14316,2915353,Itaguaçu da Bahia,BA
2026-09-09,14316,2918357,João Dourado,BA
2026-09-09,14316,2918506,Jussara,BA
2026-09-09,14316,2919157,Lapão,BA
2026-09-09,14316,2921708,Morro do Chapéu,BA
2026-09-09,14316,2925600,Presidente Dutra,BA
2026-09-09,14316,2929255,São Gabriel,BA
2026-09-09,14316,2932408,Uibaí,BA
2026-09-09,14317,2903805,Boa Vista do Tupim,BA
2026-09-09,14317,2912608,Ibiquera,BA
2026-09-09,14317,2914000,Ipirá,BA
2026-09-09,14317,2914703,Itaberaba,BA
2026-09-09,14317,2927200,Ruy Barbosa,BA
2026-09-09,14318,2905404,Cairu,BA
2026-09-09,14318,2905800,Camamu,BA
2026-09-09,14318,2913457,Igrapiúna,BA
2026-09-09,14318,2917300,Ituberá,BA
2026-09-09,14318,2922607,Nilo Peçanha,BA
2026-09-09,14318,2924678,Piraí do Norte,BA
2026-09-09,14318,2931202,Taperoá,BA
2026-09-09,14318,2931608,Teolândia,BA
2026-09-09,14318,2932903,Valença,BA
2026-09-09,14319,2902401,Aurelino Leal,BA
2026-09-09,14319,2903300,Barro Preto,BA
2026-09-09,14319,2913606,Ilhéus,BA
2026-09-09,14319,2914802,Itabuna,BA
2026-09-09,14319,2914901,Itacaré,BA
2026-09-09,14319,2915502,Itajuípe,BA
2026-09-09,14319,2916203,Itapé,BA
2026-09-09,14319,2918555,Jussari,BA
2026-09-09,14319,2920700,Maraú,BA
2026-09-09,14319,2927705,Santa Cruz Cabrália,BA
2026-09-09,14319,2932200,Ubaitaba,BA
2026-09-09,14319,2932705,Uruçuca,BA
2026-09-09,14320,2913606,Ilhéus,BA
2026-09-09,14320,2914802,Itabuna,BA
2026-09-09,14321,2900900,Almadina,BA
2026-09-09,14321,2902252,Arataca,BA
2026-09-09,14321,2903300,Barro Preto,BA
2026-09-09,14321,2904704,Buerarema,BA
2026-09-09,14321,2908002,Coaraci,BA
2026-09-09,14321,2911006,Floresta Azul,BA
2026-09-09,14321,2912103,Ibicaraí,BA
2026-09-09,14321,2912301,Ibicuí,BA
2026-09-09,14321,2913606,Ilhéus,BA
2026-09-09,14321,2914802,Itabuna,BA
2026-09-09,14321,2914901,Itacaré,BA
2026-09-09,14321,2915403,Itaju do Colônia,BA
2026-09-09,14321,2915502,Itajuípe,BA
2026-09-09,14321,2916203,Itapé,BA
2026-09-09,14321,2916609,Itapitanga,BA
2026-09-09,14321,2918555,Jussari,BA
2026-09-09,14321,2927804,Santa Cruz da Vitória,BA
2026-09-09,14321,2929354,São José da Vitória,BA
2026-09-09,14321,2932507,Una,BA
2026-09-09,14321,2932705,Uruçuca,BA
2026-09-09,14322,2900801,Alcobaça,BA
2026-09-09,14322,2914653,Itabela,BA
2026-09-09,14322,2915601,Itamaraju,BA
2026-09-09,14322,2918456,Jucuruçu,BA
2026-09-09,14322,2925303,Porto Seguro,BA
2026-09-09,14322,2925501,Prado,BA
2026-09-09,14322,2933257,Vereda,BA
2026-09-09,14323,2906709,Cândido Sales,BA
2026-09-09,14323,2910404,Encruzilhada,BA
2026-09-09,14323,2915809,Itambé,BA
2026-09-09,14323,2916401,Itapetinga,BA
2026-09-09,14323,2919702,Macarani,BA
2026-09-09,14323,2926657,Ribeirão do Largo,BA
2026-09-09,14323,2933307,Vitória da Conquista,BA
2026-09-09,14324,2907202,Casa Nova,BA
2026-09-09,14325,2902054,Araças,BA
2026-09-09,14325,2910503,Entre Rios,BA
2026-09-09,14325,2915908,Itanagra,BA
2026-09-09,14325,2921005,Mata de São João,BA
2026-09-09,14326,2927408,Salvador,BA
2026-09-09,14327,2903409,Belmonte,BA
2026-09-09,14327,2910727,Eunápolis,BA
2026-09-09,14327,2915304,Itagimirim,BA
2026-09-09,14327,2916302,Itapebi,BA
2026-09-09,14327,2920908,Mascote,BA
2026-09-09,14328,2902906,Barra do Choça,BA
2026-09-09,14328,2904803,Caatiba,BA
2026-09-09,14328,2910404,Encruzilhada,BA
2026-09-09,14328,2915403,Itaju do Colônia,BA
2026-09-09,14328,2915809,Itambé,BA
2026-09-09,14328,2916401,Itapetinga,BA
2026-09-09,14328,2916807,Itarantim,BA
2026-09-09,14328,2919702,Macarani,BA
2026-09-09,14328,2922706,Nova Canaã,BA
2026-09-09,14328,2925006,Planalto,BA
2026-09-09,14328,2926657,Ribeirão do Largo,BA
2026-09-09,14329,2901353,Andorinha,BA
2026-09-09,14329,2902104,Araci,BA
2026-09-09,14329,2906808,Cansanção,BA
2026-09-09,14329,2917003,Itiúba,BA
2026-09-09,14329,2921500,Monte Santo,BA
2026-09-09,14329,2922656,Nordestina,BA
2026-09-09,14329,2925808,Queimadas,BA
2026-09-09,14329,2928000,Santaluz,BA
2026-09-09,14330,2905107,Caém,BA
2026-09-09,14330,2905503,Caldeirão Grande,BA
2026-09-09,14330,2906006,Campo Formoso,BA
2026-09-09,14330,2906857,Capela do Alto Alegre,BA
2026-09-09,14330,2906873,Capim Grosso,BA
2026-09-09,14330,2917508,Jacobina,BA
2026-09-09,14330,2920106,Mairi,BA
2026-09-09,14330,2921203,Miguel Calmon,BA
2026-09-09,14330,2921401,Mirangaba,BA
2026-09-09,14330,2921708,Morro do Chapéu,BA
2026-09-09,14330,2923357,Ourolândia,BA
2026-09-09,14330,2925808,Queimadas,BA
2026-09-09,14330,2925931,Quixabeira,BA
2026-09-09,14330,2928000,Santaluz,BA
2026-09-09,14330,2929370,São José do Jacuípe,BA
2026-09-09,14330,2929800,Saúde,BA
2026-09-09,14330,2930204,Sento Sé,BA
2026-09-09,14330,2930600,Serrolândia,BA
2026-09-09,14330,2932457,Umburanas,BA
2026-09-09,14330,2933059,Várzea da Roça,BA
2026-09-09,14330,2933109,Várzea do Poço,BA
2026-09-09,14330,2933158,Várzea Nova,BA
2026-09-09,14331,2901007,Amargosa,BA
2026-09-09,14331,2901957,Apuarema,BA
2026-09-09,14331,2904308,Brejões,BA
2026-09-09,14331,2909505,Cravolândia,BA
2026-09-09,14331,2911907,Iaçu,BA
2026-09-09,14331,2914208,Irajuba,BA
2026-09-09,14331,2916708,Itaquara,BA
2026-09-09,14331,2917607,Jaguaquara,BA
2026-09-09,14331,2918001,Jequié,BA
2026-09-09,14331,2922805,Nova Itarana,BA
2026-09-09,14331,2924900,Planaltino,BA
2026-09-09,14331,2927903,Santa Inês,BA
2026-09-09,14331,2931608,Teolândia,BA
2026-09-09,14331,2932101,Ubaíra,BA
2026-09-09,14331,2933505,Wenceslau Guimarães,BA
2026-09-09,14332,2918001,Jequié,BA
2026-09-09,14332,2919058,Lajedo do Tabocal,BA
2026-09-09,14332,2920502,Maracás,BA
2026-09-09,14333,2901957,Apuarema,BA
2026-09-09,14333,2903706,Boa Nova,BA
2026-09-09,14333,2918001,Jequié,BA
2026-09-09,14333,2918308,Jitaúna,BA
2026-09-09,14333,2918704,Lafaiete Coutinho,BA
2026-09-09,14333,2919058,Lajedo do Tabocal,BA
2026-09-09,14333,2920403,Manoel Vitorino,BA
2026-09-09,14333,2920502,Maracás,BA
2026-09-09,14333,2921450,Mirante,BA
2026-09-09,14334,2900355,Adustina,BA
2026-09-09,14334,2901601,Antas,BA
2026-09-09,14334,2906824,Canudos,BA
2026-09-09,14334,2907806,Cícero Dantas,BA
2026-09-09,14334,2909208,Coronel João Sá,BA
2026-09-09,14334,2910701,Euclides da Cunha,BA
2026-09-09,14334,2910750,Fátima,BA
2026-09-09,14334,2918100,Jeremoabo,BA
2026-09-09,14334,2921500,Monte Santo,BA
2026-09-09,14334,2923050,Novo Triunfo,BA
2026-09-09,14334,2924009,Paulo Afonso,BA
2026-09-09,14334,2924207,Pedro Alexandre,BA
2026-09-09,14334,2930766,Sítio do Quinto,BA
2026-09-09,14334,2932002,Uauá,BA
2026-09-09,14335,2901155,América Dourada,BA
2026-09-09,14335,2905305,Cafarnaum,BA
2026-09-09,14335,2906204,Canarana,BA
2026-09-09,14335,2914604,Irecê,BA
2026-09-09,14335,2918357,João Dourado,BA
2026-09-09,14335,2919157,Lapão,BA
2026-09-09,14336,2918407,Juazeiro,BA
2026-09-09,14337,2906006,Campo Formoso,BA
2026-09-09,14337,2918407,Juazeiro,BA
2026-09-09,14338,2902807,Barra da Estiva,BA
2026-09-09,14338,2914307,Iramaia,BA
2026-09-09,14338,2916906,Itiruçu,BA
2026-09-09,14338,2917607,Jaguaquara,BA
2026-09-09,14338,2918001,Jequié,BA
2026-09-09,14338,2918704,Lafaiete Coutinho,BA
2026-09-09,14338,2919058,Lajedo do Tabocal,BA
2026-09-09,14338,2920403,Manoel Vitorino,BA
2026-09-09,14338,2920502,Maracás,BA
2026-09-09,14338,2920809,Marcionílio Souza,BA
2026-09-09,14338,2924900,Planaltino,BA
2026-09-09,14339,2927408,Salvador,BA
2026-09-09,14340,2905701,Camaçari,BA
2026-09-09,14340,2919207,Lauro de Freitas,BA
2026-09-09,14340,2927408,Salvador,BA
2026-09-09,14341,2901304,Andaraí,BA
2026-09-09,14341,2903003,Barra do Mendes,BA
2026-09-09,14341,2903235,Barro Alto,BA
2026-09-09,14341,2903805,Boa Vista do Tupim,BA
2026-09-09,14341,2904001,Boninal,BA
2026-09-09,14341,2905305,Cafarnaum,BA
2026-09-09,14341,2906204,Canarana,BA
2026-09-09,14341,2913002,Ibitiara,BA
2026-09-09,14341,2914406,Iraquara,BA
2026-09-09,14341,2915007,Itaeté,BA
2026-09-09,14341,2919009,Lajedinho,BA
2026-09-09,14341,2919306,Lençóis,BA
2026-09-09,14341,2922052,Mulungu do Morro,BA
2026-09-09,14341,2922854,Nova Redenção,BA
2026-09-09,14341,2923035,Novo Horizonte,BA
2026-09-09,14341,2923506,Palmeiras,BA
2026-09-09,14341,2924306,Piatã,BA
2026-09-09,14341,2929909,Seabra,BA
2026-09-09,14341,2930808,Souto Soares,BA
2026-09-09,14342,2905008,Caculé,BA
2026-09-09,14342,2905206,Caetité,BA
2026-09-09,14342,2908705,Condeúba,BA
2026-09-09,14342,2911659,Guajeru,BA
2026-09-09,14342,2917409,Jacaraci,BA
2026-09-09,14342,2919405,Licínio de Almeida,BA
2026-09-09,14342,2921807,Mortugaba,BA
2026-09-09,14343,2900108,Abaíra,BA
2026-09-09,14343,2900504,Érico Cardoso,BA
2026-09-09,14343,2902807,Barra da Estiva,BA
2026-09-09,14343,2904605,Brumado,BA
2026-09-09,14343,2905206,Caetité,BA
2026-09-09,14343,2910107,Dom Basílio,BA
2026-09-09,14343,2912202,Ibicoara,BA
2026-09-09,14343,2917201,Ituaçu,BA
2026-09-09,14343,2918605,Jussiape,BA
2026-09-09,14343,2918753,Lagoa Real,BA
2026-09-09,14343,2919504,Livramento de Nossa Senhora,BA
2026-09-09,14343,2921906,Mucugê,BA
2026-09-09,14343,2923605,Paramirim,BA
2026-09-09,14343,2926707,Rio de Contas,BA
2026-09-09,14343,2926905,Rio do Pires,BA
2026-09-09,14344,2907707,Chorrochó,BA
2026-09-09,14344,2919900,Macururé,BA
2026-09-09,14345,2916302,Itapebi,BA
2026-09-09,14345,2916401,Itapetinga,BA
2026-09-09,14345,2916807,Itarantim,BA
2026-09-09,14345,2919702,Macarani,BA
2026-09-09,14345,2920007,Maiquinique,BA
2026-09-09,14345,2920908,Mascote,BA
2026-09-09,14345,2923902,Pau Brasil,BA
2026-09-09,14345,2925402,Potiraguá,BA
2026-09-09,14346,2903904,Bom Jesus da Lapa,BA
2026-09-09,14346,2907103,Carinhanha,BA
2026-09-09,14346,2917334,Iuiú,BA
2026-09-09,14346,2920205,Malhada,BA
2026-09-09,14346,2923407,Palmas de Monte Alto,BA
2026-09-09,14346,2926400,Riacho de Santana,BA
2026-09-09,14346,2930006,Sebastião Laranjeiras,BA
2026-09-09,14347,2918407,Juazeiro,BA
2026-09-09,14348,2905800,Camamu,BA
2026-09-09,14348,2913457,Igrapiúna,BA
2026-09-09,14348,2914901,Itacaré,BA
2026-09-09,14348,2920700,Maraú,BA
2026-09-09,14348,2932705,Uruçuca,BA
2026-09-09,14349,2917805,Jaguaripe,BA
2026-09-09,14349,2933208,Vera Cruz,BA
2026-09-09,14350,2906501,Candeias,BA
2026-09-09,14350,2919926,Madre de Deus,BA
2026-09-09,14350,2927408,Salvador,BA
2026-09-09,14350,2929206,São Francisco do Conde,BA
2026-09-09,14351,2927408,Salvador,BA
2026-09-09,14352,2906907,Caravelas,BA
2026-09-09,14352,2912806,Ibirapuã,BA
2026-09-09,14352,2915601,Itamaraju,BA
2026-09-09,14352,2916005,Itanhém,BA
2026-09-09,14352,2918456,Jucuruçu,BA
2026-09-09,14352,2918902,Lajedão,BA
2026-09-09,14352,2921104,Medeiros Neto,BA
2026-09-09,14352,2923001,Nova Viçosa,BA
2026-09-09,14352,2931350,Teixeira de Freitas,BA
2026-09-09,14352,2933257,Vereda,BA
2026-09-09,14353,2917508,Jacobina,BA
2026-09-09,14353,2921203,Miguel Calmon,BA
2026-09-09,14353,2921708,Morro do Chapéu,BA
2026-09-09,14353,2924801,Piritiba,BA
2026-09-09,14353,2930600,Serrolândia,BA
2026-09-09,14353,2933109,Várzea do Poço,BA
2026-09-09,14353,2933158,Várzea Nova,BA
2026-09-09,14354,2901007,Amargosa,BA
2026-09-09,14354,2911907,Iaçu,BA
2026-09-09,14354,2916856,Itatim,BA
2026-09-09,14354,2921302,Milagres,BA
2026-09-09,14354,2928505,Santa Teresinha,BA
2026-09-09,14355,2911303,Gentio do Ouro,BA
2026-09-09,14355,2912400,Ibipeba,BA
2026-09-09,14356,2924009,Paulo Afonso,BA
2026-09-09,14357,2921708,Morro do Chapéu,BA
2026-09-09,14357,2933158,Várzea Nova,BA
2026-09-09,14358,2911402,Glória,BA
2026-09-09,14358,2919900,Macururé,BA
2026-09-09,14358,2924009,Paulo Afonso,BA
2026-09-09,14358,2927101,Rodelas,BA
2026-09-09,14359,2901304,Andaraí,BA
2026-09-09,14359,2904001,Boninal,BA
2026-09-09,14359,2912202,Ibicoara,BA
2026-09-09,14359,2921906,Mucugê,BA
2026-09-09,14359,2923506,Palmeiras,BA
2026-09-09,14360,2924009,Paulo Afonso,BA
2026-09-09,14360,2927606,Santa Brígida,BA
2026-09-09,14361,2902609,Baixa Grande,BA
2026-09-09,14361,2906857,Capela do Alto Alegre,BA
2026-09-09,14361,2914000,Ipirá,BA
2026-09-09,14361,2919603,Macajuba,BA
2026-09-09,14361,2920106,Mairi,BA
2026-09-09,14361,2921203,Miguel Calmon,BA
2026-09-09,14361,2922102,Mundo Novo,BA
2026-09-09,14361,2924652,Pintadas,BA
2026-09-09,14361,2924801,Piritiba,BA
2026-09-09,14361,2927200,Ruy Barbosa,BA
2026-09-09,14361,2931301,Tapiramutá,BA
2026-09-09,14361,2933059,Várzea da Roça,BA
2026-09-09,14361,2933109,Várzea do Poço,BA
2026-09-09,14362,2904852,Cabaceiras do Paraguaçu,BA
2026-09-09,14362,2904902,Cachoeira,BA
2026-09-09,14362,2911600,Governador Mangabeira,BA
2026-09-09,14362,2920601,Maragogipe,BA
2026-09-09,14362,2922300,Muritiba,BA
2026-09-09,14362,2929008,São Félix,BA
2026-09-09,14363,2917805,Jaguaripe,BA
2026-09-09,14363,2918209,Jiquiriçá,BA
2026-09-09,14363,2918803,Laje,BA
2026-09-09,14363,2922409,Mutuípe,BA
2026-09-09,14363,2925758,Presidente Tancredo Neves,BA
2026-09-09,14363,2927903,Santa Inês,BA
2026-09-09,14363,2929404,São Miguel das Matas,BA
2026-09-09,14363,2931608,Teolândia,BA
2026-09-09,14363,2932101,Ubaíra,BA
2026-09-09,14363,2932903,Valença,BA
2026-09-09,14364,2902302,Aratuípe,BA
2026-09-09,14364,2910206,Dom Macedo Costa,BA
2026-09-09,14364,2917805,Jaguaripe,BA
2026-09-09,14364,2922201,Muniz Ferreira,BA
2026-09-09,14364,2922508,Nazaré,BA
2026-09-09,14364,2928703,Santo Antônio de Jesus,BA
2026-09-09,14365,2901353,Andorinha,BA
2026-09-09,14365,2917003,Itiúba,BA
2026-09-09,14365,2917706,Jaguarari,BA
2026-09-09,14365,2918407,Juazeiro,BA
2026-09-09,14365,2921500,Monte Santo,BA
2026-09-09,14366,2901908,Aporá,BA
2026-09-09,14366,2907905,Cipó,BA
2026-09-09,14366,2909604,Crisópolis,BA
2026-09-09,14366,2913705,Inhambupe,BA
2026-09-09,14366,2916500,Itapicuru,BA
2026-09-09,14366,2922904,Nova Soure,BA
2026-09-09,14366,2923100,Olindina,BA
2026-09-09,14366,2929701,Sátiro Dias,BA
2026-09-09,14367,2904100,Boquira,BA
2026-09-09,14367,2904506,Brotas de Macaúbas,BA
2026-09-09,14367,2911303,Gentio do Ouro,BA
2026-09-09,14367,2913002,Ibitiara,BA
2026-09-09,14367,2913200,Ibotirama,BA
2026-09-09,14367,2914109,Ipupiara,BA
2026-09-09,14367,2921609,Morpará,BA
2026-09-09,14367,2923209,Oliveira dos Brejinhos,BA
2026-09-09,14367,2933604,Xique-Xique,BA
2026-09-09,14368,2900504,Érico Cardoso,BA
2026-09-09,14368,2904209,Botuporã,BA
2026-09-09,14368,2905206,Caetité,BA
2026-09-09,14368,2907558,Caturama,BA
2026-09-09,14368,2912509,Ibipitanga,BA
2026-09-09,14368,2919504,Livramento de Nossa Senhora,BA
2026-09-09,14368,2919801,Macaúbas,BA
2026-09-09,14368,2923605,Paramirim,BA
2026-09-09,14368,2926905,Rio do Pires,BA
2026-09-09,14368,2931053,Tanque Novo,BA
2026-09-09,14369,2903904,Bom Jesus da Lapa,BA
2026-09-09,14369,2904100,Boquira,BA
2026-09-09,14369,2904407,Brejolândia,BA
2026-09-09,14369,2913200,Ibotirama,BA
2026-09-09,14369,2919801,Macaúbas,BA
2026-09-09,14369,2922250,Muquém de São Francisco,BA
2026-09-09,14369,2923209,Oliveira dos Brejinhos,BA
2026-09-09,14369,2923704,Paratinga,BA
2026-09-09,14370,2924009,Paulo Afonso,BA
2026-09-09,14371,2927408,Salvador,BA
2026-09-09,14371,2930709,Simões Filho,BA
2026-09-09,14372,2901205,Anagé,BA
2026-09-09,14372,2902906,Barra do Choça,BA
2026-09-09,14372,2903508,Belo Campo,BA
2026-09-09,14372,2906709,Cândido Sales,BA
2026-09-09,14372,2915809,Itambé,BA
2026-09-09,14372,2925006,Planalto,BA
2026-09-09,14372,2931806,Tremedal,BA
2026-09-09,14372,2933307,Vitória da Conquista,BA
2026-09-09,14373,2902708,Barra,BA
2026-09-09,14373,2911303,Gentio do Ouro,BA
2026-09-09,14373,2915353,Itaguaçu da Bahia,BA
2026-09-09,14373,2933604,Xique-Xique,BA
2026-09-09,14374,2900207,Abaré,BA
2026-09-09,14374,2909901,Curaçá,BA
2026-09-09,14375,2901809,Antônio Gonçalves,BA
2026-09-09,14375,2906006,Campo Formoso,BA
2026-09-09,14375,2921401,Mirangaba,BA
2026-09-09,14375,2924603,Pindobaçu,BA
2026-09-09,14376,2927408,Salvador,BA
2026-09-09,14377,2927408,Salvador,BA
2026-09-09,14378,2927408,Salvador,BA
2026-09-09,14379,2900355,Adustina,BA
2026-09-09,14379,2907806,Cícero Dantas,BA
2026-09-09,14379,2910750,Fátima,BA
2026-09-09,14380,2901205,Anagé,BA
2026-09-09,14380,2903706,Boa Nova,BA
2026-09-09,14380,2903953,Bom Jesus da Serra,BA
2026-09-09,14380,2905156,Caetanos,BA
2026-09-09,14380,2910008,Dário Meira,BA
2026-09-09,14380,2913507,Iguaí,BA
2026-09-09,14380,2920403,Manoel Vitorino,BA
2026-09-09,14380,2921450,Mirante,BA
2026-09-09,14380,2922706,Nova Canaã,BA
2026-09-09,14380,2925006,Planalto,BA
2026-09-09,14380,2925105,Poções,BA
2026-09-09,14380,2933307,Vitória da Conquista,BA
2026-09-09,14381,2903706,Boa Nova,BA
2026-09-09,14381,2904803,Caatiba,BA
2026-09-09,14381,2910008,Dário Meira,BA
2026-09-09,14381,2910909,Firmino Alves,BA
2026-09-09,14381,2911006,Floresta Azul,BA
2026-09-09,14381,2912301,Ibicuí,BA
2026-09-09,14381,2913507,Iguaí,BA
2026-09-09,14381,2915403,Itaju do Colônia,BA
2026-09-09,14381,2915809,Itambé,BA
2026-09-09,14381,2916401,Itapetinga,BA
2026-09-09,14381,2917102,Itororó,BA
2026-09-09,14381,2922706,Nova Canaã,BA
2026-09-09,14381,2923902,Pau Brasil,BA
2026-09-09,14381,2925105,Poções,BA
2026-09-09,14381,2927804,Santa Cruz da Vitória,BA
2026-09-09,14382,2905107,Caém,BA
2026-09-09,14382,2905503,Caldeirão Grande,BA
2026-09-09,14382,2906873,Capim Grosso,BA
2026-09-09,14382,2910859,Filadélfia,BA
2026-09-09,14382,2917003,Itiúba,BA
2026-09-09,14382,2917508,Jacobina,BA
2026-09-09,14382,2924603,Pindobaçu,BA
2026-09-09,14382,2925253,Ponto Novo,BA
2026-09-09,14382,2925808,Queimadas,BA
2026-09-09,14382,2929800,Saúde,BA
2026-09-09,14382,2930105,Senhor do Bonfim,BA
2026-09-09,14383,2925303,Porto Seguro,BA
2026-09-09,14384,2906907,Caravelas,BA
2026-09-09,14384,2912806,Ibirapuã,BA
2026-09-09,14384,2922003,Mucuri,BA
2026-09-09,14384,2923001,Nova Viçosa,BA
2026-09-09,14384,2931350,Teixeira de Freitas,BA
2026-09-09,14385,2900801,Alcobaça,BA
2026-09-09,14385,2925501,Prado,BA
2026-09-09,14386,2903508,Belo Campo,BA
2026-09-09,14386,2906709,Cândido Sales,BA
2026-09-09,14386,2906899,Caraíbas,BA
2026-09-09,14386,2908705,Condeúba,BA
2026-09-09,14386,2909000,Cordeiros,BA
2026-09-09,14386,2919959,Maetinga,BA
2026-09-09,14386,2921807,Mortugaba,BA
2026-09-09,14386,2924702,Piripá,BA
2026-09-09,14386,2925709,Presidente Jânio Quadros,BA
2026-09-09,14386,2931806,Tremedal,BA
2026-09-09,14387,2904753,Buritirama,BA
2026-09-09,14387,2905909,Campo Alegre de Lourdes,BA
2026-09-09,14387,2907202,Casa Nova,BA
2026-09-09,14387,2924405,Pilão Arcado,BA
2026-09-09,14387,2926004,Remanso,BA
2026-09-09,14388,2909406,Cotegipe,BA
2026-09-09,14388,2911105,Formosa do Rio Preto,BA
2026-09-09,14388,2920452,Mansidão,BA
2026-09-09,14388,2926202,Riachão das Neves,BA
2026-09-09,14388,2928406,Santa Rita de Cássia,BA
2026-09-09,14388,2933455,Wanderley,BA
2026-09-09,14389,2906857,Capela do Alto Alegre,BA
2026-09-09,14389,2908408,Conceição do Coité,BA
2026-09-09,14389,2914000,Ipirá,BA
2026-09-09,14389,2922730,Nova Fátima,BA
2026-09-09,14389,2924058,Pé de Serra,BA
2026-09-09,14389,2926301,Riachão do Jacuípe,BA
2026-09-09,14390,2904050,Bonito,BA
2026-09-09,14390,2919009,Lajedinho,BA
2026-09-09,14390,2919306,Lençóis,BA
2026-09-09,14390,2921708,Morro do Chapéu,BA
2026-09-09,14390,2927200,Ruy Barbosa,BA
2026-09-09,14390,2932804,Utinga,BA
2026-09-09,14390,2933406,Wagner,BA
2026-09-09,14391,2901205,Anagé,BA
2026-09-09,14391,2902906,Barra do Choça,BA
2026-09-09,14391,2915809,Itambé,BA
2026-09-09,14391,2925006,Planalto,BA
2026-09-09,14391,2933307,Vitória da Conquista,BA
2026-09-09,14392,2906857,Capela do Alto Alegre,BA
2026-09-09,14392,2908408,Conceição do Coité,BA
2026-09-09,14392,2911253,Gavião,BA
2026-09-09,14392,2922730,Nova Fátima,BA
2026-09-09,14392,2924058,Pé de Serra,BA
2026-09-09,14392,2925808,Queimadas,BA
2026-09-09,14392,2926103,Retirolândia,BA
2026-09-09,14392,2926301,Riachão do Jacuípe,BA
2026-09-09,14392,2928000,Santaluz,BA
2026-09-09,14392,2928950,São Domingos,BA
2026-09-09,14392,2929370,São José do Jacuípe,BA
2026-09-09,14392,2933000,Valente,BA
2026-09-09,14393,2917805,Jaguaripe,BA
2026-09-09,14393,2925758,Presidente Tancredo Neves,BA
2026-09-09,14393,2931202,Taperoá,BA
2026-09-09,14393,2932903,Valença,BA
2026-09-09,14394,2917409,Jacaraci,BA
2026-09-09,14394,2919405,Licínio de Almeida,BA
2026-09-09,14394,2921807,Mortugaba,BA
2026-09-09,14394,2924504,Pindaí,BA
2026-09-09,14394,2930006,Sebastião Laranjeiras,BA
2026-09-09,14394,2932606,Urandi,BA
2026-09-09,14395,2903904,Bom Jesus da Lapa,BA
2026-09-09,14395,2913408,Igaporã,BA
2026-09-09,14395,2921054,Matina,BA
2026-09-09,14395,2926400,Riacho de Santana,BA
2026-09-09,14396,2902658,Banzaê,BA
2026-09-09,14396,2906824,Canudos,BA
2026-09-09,14396,2907806,Cícero Dantas,BA
2026-09-09,14396,2907905,Cipó,BA
2026-09-09,14396,2910701,Euclides da Cunha,BA
2026-09-09,14396,2911857,Heliópolis,BA
2026-09-09,14396,2916500,Itapicuru,BA
2026-09-09,14396,2922904,Nova Soure,BA
2026-09-09,14396,2923050,Novo Triunfo,BA
2026-09-09,14396,2925907,Quijingue,BA
2026-09-09,14396,2926509,Ribeira do Amparo,BA
2026-09-09,14396,2926608,Ribeira do Pombal,BA
2026-09-09,14396,2931905,Tucano,BA
2026-09-09,14397,2903201,Barreiras,BA
2026-09-09,14397,2911105,Formosa do Rio Preto,BA
2026-09-09,14397,2919553,Luís Eduardo Magalhães,BA
2026-09-09,14397,2926202,Riachão das Neves,BA
2026-09-09,14398,2902104,Araci,BA
2026-09-09,14398,2925907,Quijingue,BA
2026-09-09,14398,2931905,Tucano,BA
2026-09-09,14399,2902500,Baianópolis,BA
2026-09-09,14399,2903904,Bom Jesus da Lapa,BA
2026-09-09,14399,2904407,Brejolândia,BA
2026-09-09,14399,2906105,Canápolis,BA
2026-09-09,14399,2909109,Coribe,BA
2026-09-09,14399,2928109,Santa Maria da Vitória,BA
2026-09-09,14399,2928208,Santana,BA
2026-09-09,14399,2929057,São Félix do Coribe,BA
2026-09-09,14399,2930154,Serra do Ramalho,BA
2026-09-09,14399,2930303,Serra Dourada,BA
2026-09-09,14399,2930758,Sítio do Mato,BA
2026-09-09,14399,2930907,Tabocas do Brejo Velho,BA
2026-09-09,14400,2908101,Cocos,BA
2026-09-09,14400,2909307,Correntina,BA
2026-09-09,14400,2917359,Jaborandi,BA
2026-09-09,14401,2919553,Luís Eduardo Magalhães,BA
2026-09-09,14402,2925303,Porto Seguro,BA
2026-09-09,14403,2904605,Brumado,BA
2026-09-09,14403,2905008,Caculé,BA
2026-09-09,14403,2908705,Condeúba,BA
2026-09-09,14403,2911659,Guajeru,BA
2026-09-09,14403,2912004,Ibiassucê,BA
2026-09-09,14403,2917409,Jacaraci,BA
2026-09-09,14403,2918753,Lagoa Real,BA
2026-09-09,14403,2919405,Licínio de Almeida,BA
2026-09-09,14403,2919504,Livramento de Nossa Senhora,BA
2026-09-09,14403,2920304,Malhada de Pedras,BA
2026-09-09,14403,2925709,Presidente Jânio Quadros,BA
2026-09-09,14403,2926806,Rio do Antônio,BA
2026-09-09,14404,2901106,Amélia Rodrigues,BA
2026-09-09,14404,2908507,Conceição do Jacuípe,BA
2026-09-09,14404,2928604,Santo Amaro,BA
2026-09-09,14404,2929503,São Sebastião do Passé,BA
2026-09-09,14404,2931400,Teodoro Sampaio,BA
2026-09-09,14404,2931707,Terra Nova,BA
2026-09-09,14405,2915353,Itaguaçu da Bahia,BA
2026-09-09,14406,2928901,São Desidério,BA
2026-09-09,14407,2900207,Abaré,BA
2026-09-09,14407,2907707,Chorrochó,BA
2026-09-09,14407,2927101,Rodelas,BA
2026-09-09,14408,2900405,Água Fria,BA
2026-09-09,14408,2902203,Aramari,BA
2026-09-09,14408,2906402,Candeal,BA
2026-09-09,14408,2908903,Coração de Maria,BA
2026-09-09,14408,2910800,Feira de Santana,BA
2026-09-09,14408,2914505,Irará,BA
2026-09-09,14408,2919108,Lamarão,BA
2026-09-09,14408,2923308,Ouriçangas,BA
2026-09-09,14408,2924108,Pedrão,BA
2026-09-09,14408,2927507,Santa Bárbara,BA
2026-09-09,14408,2928307,Santanópolis,BA
2026-09-09,14408,2931103,Tanquinho,BA
2026-09-09,14409,2918100,Jeremoabo,BA
2026-09-09,14409,2924009,Paulo Afonso,BA
2026-09-09,14409,2924207,Pedro Alexandre,BA
2026-09-09,14409,2927606,Santa Brígida,BA
2026-09-09,14410,2918407,Juazeiro,BA
2026-09-09,14411,2904902,Cachoeira,BA
2026-09-09,14411,2908200,Conceição da Feira,BA
2026-09-09,14411,2928604,Santo Amaro,BA
2026-09-09,14411,2929750,Saubara,BA
2026-09-09,14412,2902302,Aratuípe,BA
2026-09-09,14412,2907301,Castro Alves,BA
2026-09-09,14412,2908309,Conceição do Almeida,BA
2026-09-09,14412,2910206,Dom Macedo Costa,BA
2026-09-09,14412,2918803,Laje,BA
2026-09-09,14412,2928703,Santo Antônio de Jesus,BA
2026-09-09,14412,2929107,São Felipe,BA
2026-09-09,14412,2929404,São Miguel das Matas,BA
2026-09-09,14412,2933174,Varzedo,BA
2026-09-09,14413,2901700,Antônio Cardoso,BA
2026-09-09,14413,2910800,Feira de Santana,BA
2026-09-09,14413,2929305,São Gonçalo dos Campos,BA
2026-09-09,14414,2919207,Lauro de Freitas,BA
2026-09-09,14414,2927408,Salvador,BA
2026-09-09,14415,2904902,Cachoeira,BA
2026-09-09,14415,2907301,Castro Alves,BA
2026-09-09,14415,2908309,Conceição do Almeida,BA
2026-09-09,14415,2909802,Cruz das Almas,BA
2026-09-09,14415,2910206,Dom Macedo Costa,BA
2026-09-09,14415,2920601,Maragogipe,BA
2026-09-09,14415,2922201,Muniz Ferreira,BA
2026-09-09,14415,2922508,Nazaré,BA
2026-09-09,14415,2929008,São Félix,BA
2026-09-09,14415,2929107,São Felipe,BA
2026-09-09,14415,2929602,Sapeaçu,BA
2026-09-09,14415,2933174,Varzedo,BA
2026-09-09,14416,2908200,Conceição da Feira,BA
2026-09-09,14416,2910800,Feira de Santana,BA
2026-09-09,14416,2929305,São Gonçalo dos Campos,BA
2026-09-09,14417,2902104,Araci,BA
2026-09-09,14417,2903276,Barrocas,BA
2026-09-09,14417,2903607,Biritinga,BA
2026-09-09,14417,2908408,Conceição do Coité,BA
2026-09-09,14417,2928000,Santaluz,BA
2026-09-09,14417,2930501,Serrinha,BA
2026-09-09,14417,2931509,Teofilândia,BA
2026-09-09,14417,2931905,Tucano,BA
2026-09-09,14418,2901304,Andaraí,BA
2026-09-09,14418,2903805,Boa Vista do Tupim,BA
2026-09-09,14418,2912608,Ibiquera,BA
2026-09-09,14418,2914703,Itaberaba,BA
2026-09-09,14418,2915007,Itaeté,BA
2026-09-09,14418,2919009,Lajedinho,BA
2026-09-09,14418,2919603,Macajuba,BA
2026-09-09,14418,2922102,Mundo Novo,BA
2026-09-09,14418,2922854,Nova Redenção,BA
2026-09-09,14418,2927200,Ruy Barbosa,BA
2026-09-09,14418,2932804,Utinga,BA
2026-09-09,14419,2917805,Jaguaripe,BA
2026-09-09,14419,2920601,Maragogipe,BA
2026-09-09,14419,2927309,Salinas da Margarida,BA
2026-09-09,14420,2900801,Alcobaça,BA
2026-09-09,14420,2906907,Caravelas,BA
2026-09-09,14420,2931350,Teixeira de Freitas,BA
2026-09-09,14420,2933257,Vereda,BA
2026-09-09,14421,2916500,Itapicuru,BA
2026-09-09,14422,2910503,Entre Rios,BA
2026-09-09,14422,2910602,Esplanada,BA
2026-09-09,14422,2915908,Itanagra,BA
2026-09-09,14422,2921005,Mata de São João,BA
2026-09-09,14423,2900702,Alagoinhas,BA
2026-09-09,14423,2907509,Catu,BA
2026-09-09,14423,2929503,São Sebastião do Passé,BA
2026-09-09,14423,2931400,Teodoro Sampaio,BA
2026-09-09,14423,2931707,Terra Nova,BA
2026-09-09,14424,2901353,Andorinha,BA
2026-09-09,14424,2901809,Antônio Gonçalves,BA
2026-09-09,14424,2906006,Campo Formoso,BA
2026-09-09,14424,2910859,Filadélfia,BA
2026-09-09,14424,2917706,Jaguarari,BA
2026-09-09,14424,2918407,Juazeiro,BA
2026-09-09,14424,2921500,Monte Santo,BA
2026-09-09,14424,2924603,Pindobaçu,BA
2026-09-09,14424,2930105,Senhor do Bonfim,BA
2026-09-09,14425,2906006,Campo Formoso,BA
2026-09-09,14425,2930204,Sento Sé,BA
2026-09-09,14426,2904902,Cachoeira,BA
2026-09-09,14426,2908200,Conceição da Feira,BA
2026-09-09,14426,2929305,São Gonçalo dos Campos,BA
2026-09-09,14427,2903904,Bom Jesus da Lapa,BA
2026-09-09,14427,2907103,Carinhanha,BA
2026-09-09,14427,2920205,Malhada,BA
2026-09-09,14427,2930154,Serra do Ramalho,BA
2026-09-09,14428,2921708,Morro do Chapéu,BA
2026-09-09,14428,2922102,Mundo Novo,BA
2026-09-09,14428,2924801,Piritiba,BA
2026-09-09,14428,2931301,Tapiramutá,BA
2026-09-09,14429,2900405,Água Fria,BA
2026-09-09,14429,2903276,Barrocas,BA
2026-09-09,14429,2903607,Biritinga,BA
2026-09-09,14429,2906402,Candeal,BA
2026-09-09,14429,2913309,Ichu,BA
2026-09-09,14429,2913705,Inhambupe,BA
2026-09-09,14429,2919108,Lamarão,BA
2026-09-09,14429,2927507,Santa Bárbara,BA
2026-09-09,14429,2929701,Sátiro Dias,BA
2026-09-09,14429,2930501,Serrinha,BA
2026-09-09,14429,2931509,Teofilândia,BA
2026-09-09,14430,2902005,Aracatu,BA
2026-09-09,14430,2902807,Barra da Estiva,BA
2026-09-09,14430,2904605,Brumado,BA
2026-09-09,14430,2905156,Caetanos,BA
2026-09-09,14430,2908804,Contendas do Sincorá,BA
2026-09-09,14430,2917201,Ituaçu,BA
2026-09-09,14430,2918605,Jussiape,BA
2026-09-09,14430,2920403,Manoel Vitorino,BA
2026-09-09,14430,2921450,Mirante,BA
2026-09-09,14430,2931004,Tanhaçu,BA
2026-09-09,14431,2908507,Conceição do Jacuípe,BA
2026-09-09,14431,2908903,Coração de Maria,BA
2026-09-09,14431,2910800,Feira de Santana,BA
2026-09-09,14431,2929305,São Gonçalo dos Campos,BA
2026-09-09,14432,2918407,Juazeiro,BA
2026-09-09,14432,2930204,Sento Sé,BA
2026-09-09,14432,2930774,Sobradinho,BA
2026-09-09,14433,2900355,Adustina,BA
2026-09-09,14433,2909208,Coronel João Sá,BA
2026-09-09,14433,2923803,Paripiranga,BA
2026-09-09,15701,2901601,Antas,BA
2026-09-09,15701,2902658,Banzaê,BA
2026-09-09,15701,2906824,Canudos,BA
2026-09-09,15701,2907806,Cícero Dantas,BA
2026-09-09,15701,2910701,Euclides da Cunha,BA
2026-09-09,15701,2910750,Fátima,BA
2026-09-09,15701,2911857,Heliópolis,BA
2026-09-09,15701,2916500,Itapicuru,BA
2026-09-09,15701,2923050,Novo Triunfo,BA
2026-09-09,15701,2926608,Ribeira do Pombal,BA
2026-09-09,15702,2900355,Adustina,BA
2026-09-09,15702,2901601,Antas,BA
2026-09-09,15702,2906824,Canudos,BA
2026-09-09,15702,2907707,Chorrochó,BA
2026-09-09,15702,2907806,Cícero Dantas,BA
2026-09-09,15702,2909208,Coronel João Sá,BA
2026-09-09,15702,2910701,Euclides da Cunha,BA
2026-09-09,15702,2910750,Fátima,BA
2026-09-09,15702,2918100,Jeremoabo,BA
2026-09-09,15702,2919900,Macururé,BA
2026-09-09,15702,2921500,Monte Santo,BA
2026-09-09,15702,2923050,Novo Triunfo,BA
2026-09-09,15702,2924009,Paulo Afonso,BA
2026-09-09,15702,2924207,Pedro Alexandre,BA
2026-09-09,15702,2927101,Rodelas,BA
2026-09-09,15702,2927606,Santa Brígida,BA
2026-09-09,15702,2930766,Sítio do Quinto,BA
2026-09-09,15702,2932002,Uauá,BA
2026-09-09,15703,2900355,Adustina,BA
2026-09-09,15703,2910750,Fátima,BA
2026-09-09,15704,2902658,Banzaê,BA
2026-09-09,15704,2907806,Cícero Dantas,BA
2026-09-09,15704,2911857,Heliópolis,BA
2026-09-09,15704,2925907,Quijingue,BA
2026-09-09,15704,2926509,Ribeira do Amparo,BA
2026-09-09,15704,2926608,Ribeira do Pombal,BA
2026-09-09,15704,2931905,Tucano,BA
2026-09-09,15705,2900355,Adustina,BA
2026-09-09,15705,2909208,Coronel João Sá,BA
2026-09-09,15705,2923803,Paripiranga,BA
2026-09-09,15705,2930766,Sítio do Quinto,BA
2026-09-09,15706,2900355,Adustina,BA
2026-09-09,15706,2901601,Antas,BA
2026-09-09,15706,2907806,Cícero Dantas,BA
2026-09-09,15706,2910750,Fátima,BA
2026-09-09,15706,2923803,Paripiranga,BA
2026-09-09,15706,2930766,Sítio do Quinto,BA
2026-09-09,15707,2907905,Cipó,BA
2026-09-09,15707,2916500,Itapicuru,BA
2026-09-09,15707,2922904,Nova Soure,BA
2026-09-09,15707,2926509,Ribeira do Amparo,BA
2026-09-09,15707,2926608,Ribeira do Pombal,BA
2026-09-09,15707,2931905,Tucano,BA
2026-09-09,15708,2908507,Conceição do Jacuípe,BA
2026-09-09,15708,2908903,Coração de Maria,BA
2026-09-09,15708,2910800,Feira de Santana,BA
2026-09-09,15708,2928604,Santo Amaro,BA
2026-09-09,15708,2929305,São Gonçalo dos Campos,BA
2026-09-09,15709,2910800,Feira de Santana,BA
2026-09-09,15709,2929305,São Gonçalo dos Campos,BA
2026-09-09,15710,2918407,Juazeiro,BA
2026-09-09,15711,2918407,Juazeiro,BA
2026-09-09,15712,2918407,Juazeiro,BA
2026-09-09,15713,2927408,Salvador,BA
2026-09-09,15714,2927408,Salvador,BA
2026-09-09,15715,2919207,Lauro de Freitas,BA
2026-09-09,15715,2927408,Salvador,BA
2026-09-09,15716,2927408,Salvador,BA
2026-09-09,15717,2927408,Salvador,BA
2026-09-09,15718,2927408,Salvador,BA
2026-09-09,15719,2927408,Salvador,BA
2026-09-09,15720,2927408,Salvador,BA
2026-09-09,15721,2901106,Amélia Rodrigues,BA
2026-09-09,15721,2928604,Santo Amaro,BA
2026-09-09,15721,2929206,São Francisco do Conde,BA
2026-09-09,15721,2929503,São Sebastião do Passé,BA
2026-09-09,15721,2931707,Terra Nova,BA
2026-09-09,15722,2901106,Amélia Rodrigues,BA
2026-09-09,15722,2908507,Conceição do Jacuípe,BA
2026-09-09,15722,2908903,Coração de Maria,BA
2026-09-09,15722,2928604,Santo Amaro,BA
2026-09-09,15722,2931400,Teodoro Sampaio,BA
2026-09-09,15722,2931707,Terra Nova,BA
2026-09-09,16342,2901106,Amélia Rodrigues,BA
2026-09-09,16342,2908200,Conceição da Feira,BA
2026-09-09,16342,2908507,Conceição do Jacuípe,BA
2026-09-09,16342,2908903,Coração de Maria,BA
2026-09-09,16342,2910800,Feira de Santana,BA
2026-09-09,16342,2928604,Santo Amaro,BA
2026-09-09,16342,2929305,São Gonçalo dos Campos,BA
2026-09-09,16342,2931400,Teodoro Sampaio,BA
2026-09-09,16342,2931707,Terra Nova,BA
2026-09-09,16343,2910800,Feira de Santana,BA
2026-09-09,16344,2900702,Alagoinhas,BA
2026-09-09,16344,2902203,Aramari,BA
2026-09-09,16344,2907509,Catu,BA
2026-09-09,16344,2923308,Ouriçangas,BA
2026-09-09,16344,2924108,Pedrão,BA
2026-09-09,16344,2931400,Teodoro Sampaio,BA
2026-09-09,16344,2931707,Terra Nova,BA
2026-09-09,16345,2927408,Salvador,BA
2026-09-09,16346,2902500,Baianópolis,BA
2026-09-09,16346,2909307,Correntina,BA
2026-09-09,16346,2917359,Jaborandi,BA
2026-09-09,16346,2928109,Santa Maria da Vitória,BA
2026-09-09,16346,2928901,São Desidério,BA
2026-09-09,16347,2901106,Amélia Rodrigues,BA
2026-09-09,16347,2928604,Santo Amaro,BA
2026-09-09,16347,2929206,São Francisco do Conde,BA
2026-09-09,16347,2929503,São Sebastião do Passé,BA
2026-09-09,16347,2931707,Terra Nova,BA
2026-09-09,16348,2927408,Salvador,BA
2026-09-09,16349,2908903,Coração de Maria,BA
2026-09-09,16349,2910800,Feira de Santana,BA
2026-09-09,16350,2927408,Salvador,BA
2026-09-09,16351,2927408,Salvador,BA
2026-09-09,16352,2900405,Água Fria,BA
2026-09-09,16352,2902203,Aramari,BA
2026-09-09,16352,2908507,Conceição do Jacuípe,BA
2026-09-09,16352,2908903,Coração de Maria,BA
2026-09-09,16352,2910800,Feira de Santana,BA
2026-09-09,16352,2913705,Inhambupe,BA
2026-09-09,16352,2914505,Irará,BA
2026-09-09,16352,2923308,Ouriçangas,BA
2026-09-09,16352,2924108,Pedrão,BA
2026-09-09,16352,2931400,Teodoro Sampaio,BA
2026-09-09,16353,2901155,América Dourada,BA
2026-09-09,16353,2907608,Central,BA
2026-09-09,16353,2912400,Ibipeba,BA
2026-09-09,16353,2913101,Ibititá,BA
2026-09-09,16353,2914604,Irecê,BA
2026-09-09,16353,2915353,Itaguaçu da Bahia,BA
2026-09-09,16353,2918357,João Dourado,BA
2026-09-09,16353,2918506,Jussara,BA
2026-09-09,16353,2919157,Lapão,BA
2026-09-09,16353,2921708,Morro do Chapéu,BA
2026-09-09,16353,2925600,Presidente Dutra,BA
2026-09-09,16353,2929255,São Gabriel,BA
2026-09-09,16353,2930204,Sento Sé,BA
2026-09-09,16353,2932408,Uibaí,BA
2026-09-09,16353,2932457,Umburanas,BA
2026-09-09,16353,2933158,Várzea Nova,BA
2026-09-09,16354,2913101,Ibititá,BA
2026-09-09,16354,2914604,Irecê,BA
2026-09-09,16354,2918357,João Dourado,BA
2026-09-09,16354,2919157,Lapão,BA
2026-09-09,16355,2927408,Salvador,BA
2026-09-09,16356,2919207,Lauro de Freitas,BA
2026-09-09,16356,2927408,Salvador,BA
2026-09-09,16357,2905701,Camaçari,BA
2026-09-09,16357,2919207,Lauro de Freitas,BA
2026-09-09,16357,2927408,Salvador,BA
2026-09-09,16358,2927408,Salvador,BA
2026-09-09,16359,2925303,Porto Seguro,BA
2026-09-09,16360,2903904,Bom Jesus da Lapa,BA
2026-09-09,16360,2905206,Caetité,BA
2026-09-09,16360,2911709,Guanambi,BA
2026-09-09,16360,2913408,Igaporã,BA
2026-09-09,16360,2919801,Macaúbas,BA
2026-09-09,16360,2921054,Matina,BA
2026-09-09,16360,2923407,Palmas de Monte Alto,BA
2026-09-09,16360,2923704,Paratinga,BA
2026-09-09,16360,2926400,Riacho de Santana,BA
2026-09-09,16360,2931053,Tanque Novo,BA
2026-09-09,16361,2900207,Abaré,BA
2026-09-09,16361,2907707,Chorrochó,BA
2026-09-09,16361,2911402,Glória,BA
2026-09-09,16361,2919900,Macururé,BA
2026-09-09,16361,2927101,Rodelas,BA
2026-09-09,16362,2900405,Água Fria,BA
2026-09-09,16362,2906402,Candeal,BA
2026-09-09,16362,2908903,Coração de Maria,BA
2026-09-09,16362,2910800,Feira de Santana,BA
2026-09-09,16362,2914505,Irará,BA
2026-09-09,16362,2919108,Lamarão,BA
2026-09-09,16362,2923308,Ouriçangas,BA
2026-09-09,16362,2927507,Santa Bárbara,BA
2026-09-09,16362,2928307,Santanópolis,BA
2026-09-09,16362,2930501,Serrinha,BA
2026-09-09,16362,2931103,Tanquinho,BA
2026-09-09,16363,2908903,Coração de Maria,BA
2026-09-09,16363,2910800,Feira de Santana,BA
2026-09-09,16364,2906006,Campo Formoso,BA
2026-09-09,16364,2907202,Casa Nova,BA
2026-09-09,16364,2907608,Central,BA
2026-09-09,16364,2911303,Gentio do Ouro,BA
2026-09-09,16364,2915353,Itaguaçu da Bahia,BA
2026-09-09,16364,2924405,Pilão Arcado,BA
2026-09-09,16364,2926004,Remanso,BA
2026-09-09,16364,2930204,Sento Sé,BA
2026-09-09,16364,2932457,Umburanas,BA
2026-09-09,16364,2933604,Xique-Xique,BA
2026-09-09,17129,2905701,Camaçari,BA
2026-09-09,17129,2910503,Entre Rios,BA
2026-09-09,17129,2915908,Itanagra,BA
2026-09-09,17129,2921005,Mata de São João,BA
2026-09-09,17130,2907004,Cardeal da Silva,BA
2026-09-09,17130,2910503,Entre Rios,BA
2026-09-09,17130,2910602,Esplanada,BA
2026-09-09,17130,2915908,Itanagra,BA
2026-09-09,17130,2921005,Mata de São João,BA
2026-09-09,17131,2902302,Aratuípe,BA
2026-09-09,17131,2909505,Cravolândia,BA
2026-09-09,17131,2917805,Jaguaripe,BA
2026-09-09,17131,2918209,Jiquiriçá,BA
2026-09-09,17131,2918803,Laje,BA
2026-09-09,17131,2922409,Mutuípe,BA
2026-09-09,17131,2925758,Presidente Tancredo Neves,BA
2026-09-09,17131,2927903,Santa Inês,BA
2026-09-09,17131,2928703,Santo Antônio de Jesus,BA
2026-09-09,17131,2929404,São Miguel das Matas,BA
2026-09-09,17131,2931608,Teolândia,BA
2026-09-09,17131,2932101,Ubaíra,BA
2026-09-09,17131,2932903,Valença,BA
2026-09-09,17132,2918803,Laje,BA
2026-09-09,17132,2922409,Mutuípe,BA
2026-09-09,17132,2922607,Nilo Peçanha,BA
2026-09-09,17132,2925758,Presidente Tancredo Neves,BA
2026-09-09,17132,2931202,Taperoá,BA
2026-09-09,17132,2931608,Teolândia,BA
2026-09-09,17132,2932903,Valença,BA
2026-09-09,17132,2933505,Wenceslau Guimarães,BA
2026-09-09,17133,2905701,Camaçari,BA
2026-09-09,17134,2905701,Camaçari,BA
2026-09-09,17134,2919207,Lauro de Freitas,BA
2026-09-09,17135,2900108,Abaíra,BA
2026-09-09,17135,2902807,Barra da Estiva,BA
2026-09-09,17135,2904001,Boninal,BA
2026-09-09,17135,2908804,Contendas do Sincorá,BA
2026-09-09,17135,2912202,Ibicoara,BA
2026-09-09,17135,2914307,Iramaia,BA
2026-09-09,17135,2917201,Ituaçu,BA
2026-09-09,17135,2918605,Jussiape,BA
2026-09-09,17135,2920403,Manoel Vitorino,BA
2026-09-09,17135,2920502,Maracás,BA
2026-09-09,17135,2921450,Mirante,BA
2026-09-09,17135,2921906,Mucugê,BA
2026-09-09,17135,2923035,Novo Horizonte,BA
2026-09-09,17135,2924306,Piatã,BA
2026-09-09,17135,2926707,Rio de Contas,BA
2026-09-09,17135,2926905,Rio do Pires,BA
2026-09-09,17136,2901304,Andaraí,BA
2026-09-09,17136,2902807,Barra da Estiva,BA
2026-09-09,17136,2903805,Boa Vista do Tupim,BA
2026-09-09,17136,2912202,Ibicoara,BA
2026-09-09,17136,2914307,Iramaia,BA
2026-09-09,17136,2915007,Itaeté,BA
2026-09-09,17136,2920502,Maracás,BA
2026-09-09,17136,2920809,Marcionílio Souza,BA
2026-09-09,17136,2921906,Mucugê,BA
2026-09-09,17136,2922854,Nova Redenção,BA
2026-09-09,17137,2901403,Angical,BA
2026-09-09,17137,2903201,Barreiras,BA
2026-09-09,17137,2907400,Catolândia,BA
2026-09-09,17137,2928901,São Desidério,BA
2026-09-09,17138,2902500,Baianópolis,BA
2026-09-09,17138,2903201,Barreiras,BA
2026-09-09,17138,2907400,Catolândia,BA
2026-09-09,17138,2909307,Correntina,BA
2026-09-09,17138,2928901,São Desidério,BA
2026-09-09,17139,2905701,Camaçari,BA
2026-09-09,17139,2930709,Simões Filho,BA
2026-09-09,17140,2905701,Camaçari,BA
2026-09-09,17141,2903409,Belmonte,BA
2026-09-09,17141,2910727,Eunápolis,BA
2026-09-09,17141,2911808,Guaratinga,BA
2026-09-09,17141,2914653,Itabela,BA
2026-09-09,17141,2915304,Itagimirim,BA
2026-09-09,17141,2916302,Itapebi,BA
2026-09-09,17141,2925303,Porto Seguro,BA
2026-09-09,17141,2927705,Santa Cruz Cabrália,BA
2026-09-09,17142,2910727,Eunápolis,BA
2026-09-09,17142,2911808,Guaratinga,BA
2026-09-09,17142,2915304,Itagimirim,BA
2026-09-09,17143,2902104,Araci,BA
2026-09-09,17143,2906808,Cansanção,BA
2026-09-09,17143,2906873,Capim Grosso,BA
2026-09-09,17143,2917003,Itiúba,BA
2026-09-09,17143,2921500,Monte Santo,BA
2026-09-09,17143,2922656,Nordestina,BA
2026-09-09,17143,2925808,Queimadas,BA
2026-09-09,17143,2925907,Quijingue,BA
2026-09-09,17143,2928000,Santaluz,BA
2026-09-09,17143,2933000,Valente,BA
2026-09-09,17144,2901353,Andorinha,BA
2026-09-09,17144,2906808,Cansanção,BA
2026-09-09,17144,2917003,Itiúba,BA
2026-09-09,17144,2921500,Monte Santo,BA
2026-09-09,17145,2901809,Antônio Gonçalves,BA
2026-09-09,17145,2905107,Caém,BA
2026-09-09,17145,2905503,Caldeirão Grande,BA
2026-09-09,17145,2910859,Filadélfia,BA
2026-09-09,17145,2921401,Mirangaba,BA
2026-09-09,17145,2924603,Pindobaçu,BA
2026-09-09,17145,2925253,Ponto Novo,BA
2026-09-09,17145,2929800,Saúde,BA
2026-09-09,17146,2905107,Caém,BA
2026-09-09,17146,2905503,Caldeirão Grande,BA
2026-09-09,17146,2906006,Campo Formoso,BA
2026-09-09,17146,2906857,Capela do Alto Alegre,BA
2026-09-09,17146,2906873,Capim Grosso,BA
2026-09-09,17146,2911253,Gavião,BA
2026-09-09,17146,2917508,Jacobina,BA
2026-09-09,17146,2920106,Mairi,BA
2026-09-09,17146,2921203,Miguel Calmon,BA
2026-09-09,17146,2921401,Mirangaba,BA
2026-09-09,17146,2921708,Morro do Chapéu,BA
2026-09-09,17146,2922102,Mundo Novo,BA
2026-09-09,17146,2923357,Ourolândia,BA
2026-09-09,17146,2924801,Piritiba,BA
2026-09-09,17146,2925808,Queimadas,BA
2026-09-09,17146,2925931,Quixabeira,BA
2026-09-09,17146,2928000,Santaluz,BA
2026-09-09,17146,2928950,São Domingos,BA
2026-09-09,17146,2929255,São Gabriel,BA
2026-09-09,17146,2929370,São José do Jacuípe,BA
2026-09-09,17146,2929800,Saúde,BA
2026-09-09,17146,2930204,Sento Sé,BA
2026-09-09,17146,2930600,Serrolândia,BA
2026-09-09,17146,2932457,Umburanas,BA
2026-09-09,17146,2933059,Várzea da Roça,BA
2026-09-09,17146,2933109,Várzea do Poço,BA
2026-09-09,17146,2933158,Várzea Nova,BA
2026-09-09,17147,2918407,Juazeiro,BA
2026-09-09,17148,2918407,Juazeiro,BA
2026-09-09,17149,2925303,Porto Seguro,BA
2026-09-09,17149,2927705,Santa Cruz Cabrália,BA
2026-09-09,17150,2925303,Porto Seguro,BA
2026-09-09,17151,2903904,Bom Jesus da Lapa,BA
2026-09-09,17151,2905206,Caetité,BA
2026-09-09,17151,2911709,Guanambi,BA
2026-09-09,17151,2913408,Igaporã,BA
2026-09-09,17151,2921054,Matina,BA
2026-09-09,17151,2923407,Palmas de Monte Alto,BA
2026-09-09,17151,2926400,Riacho de Santana,BA
2026-09-09,17152,2905206,Caetité,BA
2026-09-09,17152,2911709,Guanambi,BA
2026-09-09,17152,2913408,Igaporã,BA
2026-09-09,17152,2919504,Livramento de Nossa Senhora,BA
2026-09-09,17152,2921054,Matina,BA
2026-09-09,17152,2926400,Riacho de Santana,BA
2026-09-09,17152,2931053,Tanque Novo,BA
2026-09-09,17153,2902302,Aratuípe,BA
2026-09-09,17153,2907301,Castro Alves,BA
2026-09-09,17153,2908309,Conceição do Almeida,BA
2026-09-09,17153,2910206,Dom Macedo Costa,BA
2026-09-09,17153,2918803,Laje,BA
2026-09-09,17153,2928703,Santo Antônio de Jesus,BA
2026-09-09,17153,2929404,São Miguel das Matas,BA
2026-09-09,17153,2933174,Varzedo,BA
2026-09-09,17154,2907301,Castro Alves,BA
2026-09-09,17154,2908309,Conceição do Almeida,BA
2026-09-09,17154,2910305,Elísio Medrado,BA
2026-09-09,17154,2918803,Laje,BA
2026-09-09,17154,2928703,Santo Antônio de Jesus,BA
2026-09-09,17154,2929404,São Miguel das Matas,BA
2026-09-09,17154,2933174,Varzedo,BA
2026-09-09,17155,2900405,Água Fria,BA
2026-09-09,17155,2903276,Barrocas,BA
2026-09-09,17155,2903607,Biritinga,BA
2026-09-09,17155,2906402,Candeal,BA
2026-09-09,17155,2908408,Conceição do Coité,BA
2026-09-09,17155,2913309,Ichu,BA
2026-09-09,17155,2913705,Inhambupe,BA
2026-09-09,17155,2919108,Lamarão,BA
2026-09-09,17155,2927507,Santa Bárbara,BA
2026-09-09,17155,2928307,Santanópolis,BA
2026-09-09,17155,2929701,Sátiro Dias,BA
2026-09-09,17155,2930501,Serrinha,BA
2026-09-09,17156,2903276,Barrocas,BA
2026-09-09,17156,2903607,Biritinga,BA
2026-09-09,17156,2922904,Nova Soure,BA
2026-09-09,17156,2929701,Sátiro Dias,BA
2026-09-09,17156,2930501,Serrinha,BA
2026-09-09,17156,2931509,Teofilândia,BA
2026-09-09,17157,2900801,Alcobaça,BA
2026-09-09,17157,2906907,Caravelas,BA
2026-09-09,17157,2915601,Itamaraju,BA
2026-09-09,17157,2921104,Medeiros Neto,BA
2026-09-09,17157,2925501,Prado,BA
2026-09-09,17157,2931350,Teixeira de Freitas,BA
2026-09-09,17157,2933257,Vereda,BA
2026-09-09,17158,2906907,Caravelas,BA
2026-09-09,17158,2931350,Teixeira de Freitas,BA
2026-09-09,17159,2901205,Anagé,BA
2026-09-09,17159,2925006,Planalto,BA
2026-09-09,17159,2925105,Poções,BA
2026-09-09,17159,2933307,Vitória da Conquista,BA
2026-09-09,17160,2902906,Barra do Choça,BA
2026-09-09,17160,2904803,Caatiba,BA
2026-09-09,17160,2915809,Itambé,BA
2026-09-09,17160,2925006,Planalto,BA
2026-09-09,17160,2925105,Poções,BA
2026-09-09,17160,2933307,Vitória da Conquista,BA
2026-09-09,17161,2906808,Cansanção,BA
2026-09-09,17161,2906824,Canudos,BA
2026-09-09,17161,2910701,Euclides da Cunha,BA
2026-09-09,17161,2921500,Monte Santo,BA
2026-09-09,17161,2925907,Quijingue,BA
2026-09-09,17161,2931905,Tucano,BA
2026-09-09,17162,2901353,Andorinha,BA
2026-09-09,17162,2906808,Cansanção,BA
2026-09-09,17162,2906824,Canudos,BA
2026-09-09,17162,2910701,Euclides da Cunha,BA
2026-09-09,17162,2921500,Monte Santo,BA
2026-09-09,17162,2932002,Uauá,BA
2026-09-09,17163,2905404,Cairu,BA
2026-09-09,17163,2905800,Camamu,BA
2026-09-09,17163,2913457,Igrapiúna,BA
2026-09-09,17163,2917300,Ituberá,BA
2026-09-09,17163,2922607,Nilo Peçanha,BA
2026-09-09,17163,2924678,Piraí do Norte,BA
2026-09-09,17163,2931202,Taperoá,BA
2026-09-09,17163,2932903,Valença,BA
2026-09-09,17164,2902401,Aurelino Leal,BA
2026-09-09,17164,2905800,Camamu,BA
2026-09-09,17164,2913457,Igrapiúna,BA
2026-09-09,17164,2913606,Ilhéus,BA
2026-09-09,17164,2914901,Itacaré,BA
2026-09-09,17164,2917300,Ituberá,BA
2026-09-09,17164,2920700,Maraú,BA
2026-09-09,17164,2922607,Nilo Peçanha,BA
2026-09-09,17164,2924678,Piraí do Norte,BA
2026-09-09,17164,2932200,Ubaitaba,BA
2026-09-09,17164,2932705,Uruçuca,BA
2026-09-09,17165,2903300,Barro Preto,BA
2026-09-09,17165,2913606,Ilhéus,BA
2026-09-09,17165,2914802,Itabuna,BA
2026-09-09,17165,2915502,Itajuípe,BA
2026-09-09,17166,2900900,Almadina,BA
2026-09-09,17166,2902401,Aurelino Leal,BA
2026-09-09,17166,2903300,Barro Preto,BA
2026-09-09,17166,2908002,Coaraci,BA
2026-09-09,17166,2911006,Floresta Azul,BA
2026-09-09,17166,2912301,Ibicuí,BA
2026-09-09,17166,2913606,Ilhéus,BA
2026-09-09,17166,2914802,Itabuna,BA
2026-09-09,17166,2914901,Itacaré,BA
2026-09-09,17166,2915502,Itajuípe,BA
2026-09-09,17166,2916609,Itapitanga,BA
2026-09-09,17166,2932705,Uruçuca,BA
2026-09-09,17167,2900900,Almadina,BA
2026-09-09,17167,2902252,Arataca,BA
2026-09-09,17167,2903300,Barro Preto,BA
2026-09-09,17167,2904704,Buerarema,BA
2026-09-09,17167,2905602,Camacan,BA
2026-09-09,17167,2908002,Coaraci,BA
2026-09-09,17167,2910909,Firmino Alves,BA
2026-09-09,17167,2911006,Floresta Azul,BA
2026-09-09,17167,2912103,Ibicaraí,BA
2026-09-09,17167,2912301,Ibicuí,BA
2026-09-09,17167,2913606,Ilhéus,BA
2026-09-09,17167,2914802,Itabuna,BA
2026-09-09,17167,2915403,Itaju do Colônia,BA
2026-09-09,17167,2915502,Itajuípe,BA
2026-09-09,17167,2916203,Itapé,BA
2026-09-09,17167,2918555,Jussari,BA
2026-09-09,17167,2927804,Santa Cruz da Vitória,BA
2026-09-09,17167,2929354,São José da Vitória,BA
2026-09-09,17167,2932507,Una,BA
2026-09-09,17168,2913606,Ilhéus,BA
2026-09-09,17168,2914802,Itabuna,BA
2026-09-09,17169,2900702,Alagoinhas,BA
2026-09-09,17169,2902054,Araças,BA
2026-09-09,17169,2902203,Aramari,BA
2026-09-09,17169,2910503,Entre Rios,BA
2026-09-09,17169,2913705,Inhambupe,BA
2026-09-09,17169,2915908,Itanagra,BA
2026-09-09,17169,2921005,Mata de São João,BA
2026-09-09,17169,2925204,Pojuca,BA
2026-09-09,17170,2901106,Amélia Rodrigues,BA
2026-09-09,17170,2908200,Conceição da Feira,BA
2026-09-09,17170,2908507,Conceição do Jacuípe,BA
2026-09-09,17170,2908903,Coração de Maria,BA
2026-09-09,17170,2910800,Feira de Santana,BA
2026-09-09,17170,2928604,Santo Amaro,BA
2026-09-09,17170,2929305,São Gonçalo dos Campos,BA
2026-09-09,17170,2931400,Teodoro Sampaio,BA
2026-09-09,17170,2931707,Terra Nova,BA
2026-09-09,17171,2901700,Antônio Cardoso,BA
2026-09-09,17171,2910800,Feira de Santana,BA
2026-09-09,17171,2929305,São Gonçalo dos Campos,BA
2026-09-09,17172,2916104,Itaparica,BA
2026-09-09,17172,2933208,Vera Cruz,BA
2026-09-09,17173,2904050,Bonito,BA
2026-09-09,17173,2905305,Cafarnaum,BA
2026-09-09,17173,2914406,Iraquara,BA
2026-09-09,17173,2919306,Lençóis,BA
2026-09-09,17173,2921203,Miguel Calmon,BA
2026-09-09,17173,2921708,Morro do Chapéu,BA
2026-09-09,17173,2922052,Mulungu do Morro,BA
2026-09-09,17173,2930808,Souto Soares,BA
2026-09-09,17173,2932804,Utinga,BA
2026-09-09,17173,2933158,Várzea Nova,BA
2026-09-09,17173,2933406,Wagner,BA
2026-09-09,17174,2902500,Baianópolis,BA
2026-09-09,17174,2903904,Bom Jesus da Lapa,BA
2026-09-09,17174,2904407,Brejolândia,BA
2026-09-09,17174,2906105,Canápolis,BA
2026-09-09,17174,2922250,Muquém de São Francisco,BA
2026-09-09,17174,2928109,Santa Maria da Vitória,BA
2026-09-09,17174,2928208,Santana,BA
2026-09-09,17174,2929057,São Félix do Coribe,BA
2026-09-09,17174,2930154,Serra do Ramalho,BA
2026-09-09,17174,2930303,Serra Dourada,BA
2026-09-09,17174,2930758,Sítio do Mato,BA
2026-09-09,17174,2930907,Tabocas do Brejo Velho,BA
2026-09-09,17175,2905206,Caetité,BA
2026-09-09,17175,2906600,Candiba,BA
2026-09-09,17175,2911709,Guanambi,BA
2026-09-09,17175,2913408,Igaporã,BA
2026-09-09,17175,2917334,Iuiú,BA
2026-09-09,17175,2917409,Jacaraci,BA
2026-09-09,17175,2919405,Licínio de Almeida,BA
2026-09-09,17175,2920205,Malhada,BA
2026-09-09,17175,2921054,Matina,BA
2026-09-09,17175,2923407,Palmas de Monte Alto,BA
2026-09-09,17175,2924504,Pindaí,BA
2026-09-09,17175,2926400,Riacho de Santana,BA
2026-09-09,17175,2930006,Sebastião Laranjeiras,BA
2026-09-09,17175,2932606,Urandi,BA
2026-09-09,17176,2900207,Abaré,BA
2026-09-09,17176,2900355,Adustina,BA
2026-09-09,17176,2901353,Andorinha,BA
2026-09-09,17176,2901601,Antas,BA
2026-09-09,17176,2906824,Canudos,BA
2026-09-09,17176,2907707,Chorrochó,BA
2026-09-09,17176,2907806,Cícero Dantas,BA
2026-09-09,17176,2909208,Coronel João Sá,BA
2026-09-09,17176,2909901,Curaçá,BA
2026-09-09,17176,2910750,Fátima,BA
2026-09-09,17176,2918100,Jeremoabo,BA
2026-09-09,17176,2919900,Macururé,BA
2026-09-09,17176,2921500,Monte Santo,BA
2026-09-09,17176,2923050,Novo Triunfo,BA
2026-09-09,17176,2924207,Pedro Alexandre,BA
2026-09-09,17176,2927101,Rodelas,BA
2026-09-09,17176,2927606,Santa Brígida,BA
2026-09-09,17176,2930766,Sítio do Quinto,BA
2026-09-09,17176,2932002,Uauá,BA
2026-09-09,17177,2906006,Campo Formoso,BA
2026-09-09,17177,2907202,Casa Nova,BA
2026-09-09,17177,2918407,Juazeiro,BA
2026-09-09,17177,2930204,Sento Sé,BA
2026-09-09,17177,2930774,Sobradinho,BA
2026-09-09,17178,2904902,Cachoeira,BA
2026-09-09,17178,2917805,Jaguaripe,BA
2026-09-09,17178,2920601,Maragogipe,BA
2026-09-09,17178,2927309,Salinas da Margarida,BA
2026-09-09,17178,2929750,Saubara,BA
2026-09-09,17179,2904902,Cachoeira,BA
2026-09-09,17179,2920601,Maragogipe,BA
2026-09-09,17179,2922508,Nazaré,BA
2026-09-09,17179,2929008,São Félix,BA
2026-09-09,17179,2929107,São Felipe,BA
2026-09-09,17180,2901304,Andaraí,BA
2026-09-09,17180,2903805,Boa Vista do Tupim,BA
2026-09-09,17180,2912608,Ibiquera,BA
2026-09-09,17180,2914000,Ipirá,BA
2026-09-09,17180,2914703,Itaberaba,BA
2026-09-09,17180,2915007,Itaeté,BA
2026-09-09,17180,2919009,Lajedinho,BA
2026-09-09,17180,2919603,Macajuba,BA
2026-09-09,17180,2921708,Morro do Chapéu,BA
2026-09-09,17180,2922102,Mundo Novo,BA
2026-09-09,17180,2922854,Nova Redenção,BA
2026-09-09,17180,2924801,Piritiba,BA
2026-09-09,17180,2927200,Ruy Barbosa,BA
2026-09-09,17180,2931301,Tapiramutá,BA
2026-09-09,17180,2932804,Utinga,BA
2026-09-09,17180,2933406,Wagner,BA
2026-09-09,17181,2901353,Andorinha,BA
2026-09-09,17181,2901809,Antônio Gonçalves,BA
2026-09-09,17181,2906006,Campo Formoso,BA
2026-09-09,17181,2910859,Filadélfia,BA
2026-09-09,17181,2917003,Itiúba,BA
2026-09-09,17181,2917706,Jaguarari,BA
2026-09-09,17181,2918407,Juazeiro,BA
2026-09-09,17181,2924603,Pindobaçu,BA
2026-09-09,17181,2930105,Senhor do Bonfim,BA
2026-09-09,17182,2906709,Cândido Sales,BA
2026-09-09,17182,2910404,Encruzilhada,BA
2026-09-09,17182,2915809,Itambé,BA
2026-09-09,17182,2916401,Itapetinga,BA
2026-09-09,17182,2919702,Macarani,BA
2026-09-09,17182,2926657,Ribeirão do Largo,BA
2026-09-09,17182,2933307,Vitória da Conquista,BA
2026-09-09,17183,2906709,Cândido Sales,BA
2026-09-09,17183,2910404,Encruzilhada,BA
2026-09-09,17183,2919702,Macarani,BA
2026-09-09,17183,2926657,Ribeirão do Largo,BA
2026-09-09,17183,2933307,Vitória da Conquista,BA
