municipio_codigo,municipio,ano,operacoes,valor_contratado,valor_desembolsado
2927408,SALVADOR,2026,20,23693800.0,8832300.0
2903201,BARREIRAS,2026,11,10006008.0,7618000.0
2919553,LUIS EDUARDO MAGALHAES,2026,10,7415400.0,6632400.0
2919207,LAURO DE FREITAS,2026,12,7777467.0,5208000.0
2931350,TEIXEIRA DE FREITAS,2026,8,5411000.0,2133000.0
2906808,CANSANCAO,2026,3,2096000.0,2096000.0
2925204,POJUCA,2026,8,9511400.0,1785800.0
2925758,PRESIDENTE TANCREDO NEVES,2026,2,1320000.0,1320000.0
2923605,PARAMIRIM,2026,1,1152000.0,1152000.0
2912301,IBICUI,2026,2,1089000.0,1089000.0
2926202,RIACHAO DAS NEVES,2026,2,1730032.0,990000.0
2914604,IRECE,2026,2,801000.0,801000.0
2933307,VITORIA DA CONQUISTA,2026,4,1793000.0,794000.0
2900702,ALAGOINHAS,2026,2,2551000.0,666000.0
2909307,CORRENTINA,2026,1,598500.0,598500.0
2928208,SANTANA,2026,1,562500.0,562500.0
2920304,MALHADA DE PEDRAS,2026,1,430000.0,430000.0
2905206,CAETITE,2026,1,419300.0,419300.0
2911808,GUARATINGA,2026,1,400500.0,400500.0
2910800,FEIRA DE SANTANA,2026,1,368000.0,368000.0
2914703,ITABERABA,2026,1,349440.0,349440.0
2907301,CASTRO ALVES,2026,1,346400.0,346400.0
2919058,LAJEDO DO TABOCAL,2026,1,342000.0,342000.0
2923209,OLIVEIRA DOS BREJINHOS,2026,1,340000.0,340000.0
2908507,CONCEICAO DO JACUIPE,2026,1,325000.0,325000.0
2930105,SENHOR DO BONFIM,2026,1,303193.0,303193.0
2904605,BRUMADO,2026,4,1895250.0,276250.0
2914802,ITABUNA,2026,1,260000.0,260000.0
2902906,BARRA DO CHOCA,2026,1,235386.0,232200.0
2905701,CAMACARI,2026,3,1157000.0,140000.0
2903706,BOA NOVA,2026,1,425000.0,0.0
2907103,CARINHANHA,2026,1,611000.0,0.0
2908408,CONCEICAO DO COITE,2026,1,290500.0,0.0
2910107,DOM BASILIO,2026,1,850000.0,0.0
2911709,GUANAMBI,2026,1,1035000.0,0.0
2915304,ITAGIMIRIM,2026,1,4180000.0,0.0
2917359,JABORANDI,2026,1,765000.0,0.0
2917508,JACOBINA,2026,1,862200.0,0.0
2918902,LAJEDAO,2026,4,2184000.0,0.0
2919801,MACAUBAS,2026,3,1404000.0,0.0
2920205,MALHADA,2026,2,628200.0,0.0
2922730,NOVA FATIMA,2026,1,379800.0,0.0
2925303,PORTO SEGURO,2026,1,635000.0,0.0
2926905,RIO DO PIRES,2026,1,430000.0,0.0
2928703,SANTO ANTONIO DE JESUS,2026,3,1719000.0,0.0
2930303,SERRA DOURADA,2026,1,580000.0,0.0
2931053,TANQUE NOVO,2026,2,856350.0,0.0
2927408,SALVADOR,2025,23,24569354.87,24569354.87
2930709,SIMOES FILHO,2025,11,11570650.0,11570650.0
2903201,BARREIRAS,2025,8,6093100.0,6093100.0
2929305,SAO GONCALO DOS CAMPOS,2025,4,4632716.0,3446855.0
2926301,RIACHAO DO JACUIPE,2025,3,3200946.0,3175341.0
2925204,POJUCA,2025,4,2749107.0,2749107.0
2900702,ALAGOINHAS,2025,2,2718200.0,2718200.0
2919553,LUIS EDUARDO MAGALHAES,2025,4,1881630.0,1881630.0
2919207,LAURO DE FREITAS,2025,2,1694000.0,1694000.0
2929909,SEABRA,2025,3,1684000.0,1684000.0
2905701,CAMACARI,2025,2,1122454.0,1122454.0
2931350,TEIXEIRA DE FREITAS,2025,1,1020000.0,1020000.0
2903904,BOM JESUS DA LAPA,2025,1,860000.0,860000.0
2933307,VITORIA DA CONQUISTA,2025,1,790500.0,790500.0
2906808,CANSANCAO,2025,1,784000.0,784000.0
2915809,ITAMBE,2025,1,765000.0,765000.0
2911709,GUANAMBI,2025,1,608000.0,608000.0
2910057,DIAS D'AVILA,2025,1,598600.0,598600.0
2928802,SANTO ESTEVAO,2025,1,581990.0,581990.0
2915601,ITAMARAJU,2025,1,571500.0,571500.0
2921500,MONTE SANTO,2025,1,549000.0,549000.0
2912301,IBICUI,2025,1,510000.0,510000.0
2928703,SANTO ANTONIO DE JESUS,2025,1,504000.0,504000.0
2914802,ITABUNA,2025,2,470000.0,470000.0
2928000,SANTALUZ,2025,1,378000.0,378000.0
2919702,MACARANI,2025,1,369900.0,369900.0
2929255,SAO GABRIEL,2025,1,369000.0,369000.0
2908507,CONCEICAO DO JACUIPE,2025,1,356700.0,356700.0
2907202,CASA NOVA,2025,1,336000.0,336000.0
2918506,JUSSARA,2025,1,319200.0,319200.0
2901007,AMARGOSA,2025,1,250000.0,250000.0
9999999,SEM MUNICÍPIO,2024,2,30000000.0,30000000.0
2927408,SALVADOR,2024,7,16999295.130000003,16999295.130000003
2903201,BARREIRAS,2024,10,9090500.0,9090500.0
2918407,JUAZEIRO,2024,4,2458500.0,2458500.0
2912806,IBIRAPUA,2024,2,2275000.0,2240000.0
2919553,LUIS EDUARDO MAGALHAES,2024,4,1440000.0,1440000.0
2906808,CANSANCAO,2024,1,1141000.0,1141000.0
2931350,TEIXEIRA DE FREITAS,2024,2,1206000.0,1072000.0
2922508,NAZARE,2024,1,1020000.0,1020000.0
2925758,PRESIDENTE TANCREDO NEVES,2024,1,1008000.0,1008000.0
2926301,RIACHAO DO JACUIPE,2024,1,945000.0,945000.0
2917508,JACOBINA,2024,1,835000.0,835000.0
2921708,MORRO DO CHAPEU,2024,1,800000.0,800000.0
2900702,ALAGOINHAS,2024,1,612000.0,612000.0
2922003,MUCURI,2024,1,607500.0,607500.0
2914604,IRECE,2024,1,540000.0,540000.0
2908507,CONCEICAO DO JACUIPE,2024,1,515000.0,515000.0
2921005,MATA DE SAO JOAO,2024,1,500000.0,500000.0
2930709,SIMOES FILHO,2024,1,488070.0,488070.0
2912301,IBICUI,2024,1,400000.0,400000.0
2933307,VITORIA DA CONQUISTA,2024,1,400000.0,400000.0
2925303,PORTO SEGURO,2024,1,344000.0,344000.0
2931608,TEOLANDIA,2024,1,344000.0,344000.0
2916203,ITAPE,2024,1,378000.0,336000.0
2910727,EUNAPOLIS,2024,1,142500.0,142500.0
2923001,NOVA VICOSA,2024,1,60800.0,60800.0
2927408,SALVADOR,2023,1,205003.0,205003.0
2914802,ITABUNA,2023,1,139800.0,139800.0
2903904,BOM JESUS DA LAPA,2023,1,60800.0,60800.0
2905701,CAMACARI,2022,1,160000.0,160000.0
2908408,CONCEICAO DO COITE,2022,2,148323.0,148323.0
2925303,PORTO SEGURO,2022,2,148323.0,148323.0
2933307,VITORIA DA CONQUISTA,2022,2,148323.0,148323.0
2917508,JACOBINA,2022,2,126591.0,126591.0
2905701,CAMACARI,2021,1,409500.0,409500.0
2931350,TEIXEIRA DE FREITAS,2021,1,168630.0,168630.0
2918407,JUAZEIRO,2021,1,157080.0,157080.0
0,SEM MUNICÍPIO,2018,1,103104000.0,40157000.0
2927408,SALVADOR,2018,1,10427200.0,8981000.0
2905701,CAMACARI,2017,1,155806000.0,138009164.31
2905701,CAMACARI,2015,3,38303000.0,38306861.3
2927408,SALVADOR,2015,2,6250000.0,5989676.0
2905701,CAMACARI,2014,1,178686000.0,151533000.0
2927408,SALVADOR,2014,2,2180000.0,2194797.38
2927408,SALVADOR,2013,3,21589028.0,16849578.0
2905701,CAMACARI,2012,1,80407000.0,77072667.69
0,SEM MUNICÍPIO,2012,2,40455395.980000004,40455658.83
2927408,SALVADOR,2012,1,13559000.0,13559000.0
2917706,JAGUARARI,2011,1,2649709.0,2468950.0
2905701,CAMACARI,2008,1,78086000.0,78169141.21
0,SEM MUNICÍPIO,2008,1,1400000.0,574026.49
0,SEM MUNICÍPIO,2002,6,41379301.88,41379301.88
2905701,CAMACARI,2002,1,755816.25,758689.07
