cliente,cnpj,descricao_do_projeto,uf,municipio,municipio_codigo,numero_do_contrato,data_da_contratacao,valor_contratado_reais,valor_desembolsado_reais,fonte_de_recurso_desembolsos,custo_financeiro,juros,prazo_carencia_meses,prazo_amortizacao_meses,modalidade_de_apoio,forma_de_apoio,produto,instrumento_financeiro,inovacao,area_operacional,setor_cnae,subsetor_cnae_agrupado,subsetor_cnae_codigo,subsetor_cnae_nome,setor_bndes,subsetor_bndes,porte_do_cliente,natureza_do_cliente,instituicao_financeira_credenciada,cnpj_da_instituicao_financeira_credenciada,tipo_de_garantia,tipo_de_excepcionalidade,situacao_do_contrato,cti_flag_oficial,cti_instrumento,cti_fonte_recurso,cti_cnae_tecnologico_aux,cti_descricao_projeto_aux,cti_motivo,cti_nivel,ano,base,valor_operacao_reais
CALAMO DISTRIBUIDORA DE PRODUTOS DE BELEZA S.A.,06.147.451/0001-32,"INOVACAO; DESENVOLVIMENTO E FORTALECIMENTO DE MARCAS; EXPANSAO E REFORMA DE LOJAS PROPRIAS, COM ABERTURA DE, NO MINIMO, 13 NOVAS LOJAS, EM DIVERSOS ESTADOS; MELHORIAS DE PROCESSOS ; CONSTRUCAO DE PREDIOS AUXILIARES NA FABRICA DE CAMACARI/BA; INVESTIMENTO EM PROJETOS SOCIAIS E EM MEIO AMBIENTE.      ",BA,CAMACARI,2905701,15533004,2015-03-04T00:00:00,10000000.0,10003861.3,RECURSOS LIVRES - FAT CONSTITUCIONAL / RECURSOS LIVRES - PRÓPRIOS / RECURSOS LIVRES - TESOURO,TJLP,1.72,6,30,REEMBOLSÁVEL,DIRETA,BNDES LIMITE DE CRÉDITO,BNDES PRODESIGN,SIM,AREA DE DESENVOLVIMENTO PRODUTIVO E INOVACAO,INDUSTRIA DE TRANSFORMAÇÃO    ,QUÍMICA,C2063100,"FAB DE COSMETICOS, PRODUTOS DE PERFUMARIA E DE HIGIENE PESSOAL   ",INDUSTRIA,QUÍMICA E PETROQUÍMICA,GRANDE,PRIVADA             ,----------,----------,PESSOAL,----------,LIQUIDADO,True,True,False,False,True,inovacao=SIM; instrumento:BNDES PRODESIGN; descrição do projeto (aux),CT&I (regra explícita),2015,nao_automaticas,10000000.0
CALAMO DISTRIBUIDORA DE PRODUTOS DE BELEZA S.A.,06.147.451/0001-32,"INOVACAO; DESENVOLVIMENTO E FORTALECIMENTO DE MARCAS; EXPANSAO E REFORMA DE LOJAS PROPRIAS, COM ABERTURA DE, NO MINIMO, 13 NOVAS LOJAS, EM DIVERSOS ESTADOS; MELHORIAS DE PROCESSOS ; CONSTRUCAO DE PREDIOS AUXILIARES NA FABRICA DE CAMACARI/BA; INVESTIMENTO EM PROJETOS SOCIAIS E EM MEIO AMBIENTE.      ",BA,CAMACARI,2905701,15533004,2015-03-04T00:00:00,18303000.0,18303000.0,RECURSOS LIVRES - FAT CONSTITUCIONAL / RECURSOS LIVRES - PRÓPRIOS / RECURSOS LIVRES - TESOURO,TAXA FIXA,7.0,6,60,REEMBOLSÁVEL,DIRETA,BNDES LIMITE DE CRÉDITO,PSI - Inovação,SIM,AREA DE DESENVOLVIMENTO PRODUTIVO E INOVACAO,INDUSTRIA DE TRANSFORMAÇÃO    ,QUÍMICA,C2063100,"FAB DE COSMETICOS, PRODUTOS DE PERFUMARIA E DE HIGIENE PESSOAL   ",INDUSTRIA,QUÍMICA E PETROQUÍMICA,GRANDE,PRIVADA             ,----------,----------,PESSOAL,----------,LIQUIDADO,True,True,False,False,True,inovacao=SIM; instrumento:PSI - Inovação; descrição do projeto (aux),CT&I (regra explícita),2015,nao_automaticas,18303000.0
MFX DO BRASIL EQUIPAMENTOS DE PETROLEO LTDA,13.060.983/0001-01,"DESENVOLVIMENTO DE PRODUTOS, EXPANSAO DO LABORATORIO DE TESTE E AMPLIACAO DO SETOR DE ENGENHARIA DA COMPANHIA.          ",BA,SALVADOR,2927408,15201091,2015-05-15T00:00:00,5250000.0,4989676.0,RECURSOS LIVRES - PRÓPRIOS,TAXA FIXA,7.0,24,72,REEMBOLSÁVEL,DIRETA,BNDES FINEM,PSI - Inovação,SIM,AREA DE DESENVOLVIMENTO PRODUTIVO E INOVACAO,INDUSTRIA DE TRANSFORMAÇÃO    ,MÁQUINAS E EQUIPAMENTOS,C2851800,FAB MAQUINAS EQ P/PROSPECCAO EXTRACAO DE PETROLEO PECA E ACESS   ,INDUSTRIA,MECÂNICA,GRANDE,PRIVADA             ,----------,----------,REAL / PESSOAL,----------,LIQUIDADO,True,True,False,False,True,inovacao=SIM; instrumento:PSI - Inovação; descrição do projeto (aux),CT&I (regra explícita),2015,nao_automaticas,5250000.0
FORD MOTOR COMPANY BRASIL LTDA,03.470.727/0001-20,DESENVOLVIMENTO DE NOVO VEICULO E APOIO A PROJETO SOCIAL NA COMUNIDADE                                                  ,BA,CAMACARI,2905701,17200851,2017-05-10T00:00:00,155806000.0,138009164.31,RECURSOS LIVRES - FAT CONSTITUCIONAL / RECURSOS LIVRES - TESOURO / RECURSOS VINCULADOS - FAT DEPÓSITOS ESPECIAIS,TJLP,2.0,24,60,REEMBOLSÁVEL,DIRETA,BNDES FINEM,BNDES PROENGENHARIA,SIM,AREA DE DESENVOLVIMENTO PRODUTIVO E INOVACAO,INDUSTRIA DE TRANSFORMAÇÃO    ,"VEÍCULO, REBOQUE E CARROCERIA",C2910701,"FABRICACAO DE AUTOMOVEIS, CAMIONETAS E UTILITARIOS               ",INDUSTRIA,MATERIAL DE TRANSPORTE,GRANDE,PRIVADA             ,----------,----------,PESSOAL,----------,LIQUIDADO,True,True,False,False,False,inovacao=SIM; instrumento:BNDES PROENGENHARIA,CT&I (regra explícita),2017,nao_automaticas,155806000.0
COMPANHIA DE ELETRICIDADE DO ESTADO DA BAHIA COELBA,15.139.629/0001-94,"INVESTIMENTOS NO SEGMENTO DE DISTRIBUICAO DE ENERGIA ELETRICA PARA O PERIODO DE JANEIRO A AGOSTO DE 2017, VISANDO AMPLIAR A QUANTIDADE DE PESSOAS FISICAS E JURIDICAS ATENDIDAS PELO SERVICO DE ENERGIA ELETRICA, COM MELHORA NA QUALIDADE DO ATENDIMENTO, REUNINDO INVESTIMENTOS NAS AREAS DE OPERACAO E DI",BA,SEM MUNICÍPIO,0,18599057,2018-03-28T00:00:00,103104000.0,40157000.0,RECURSOS LIVRES - FAT CONSTITUCIONAL / RECURSOS LIVRES - PRÓPRIOS / RECURSOS LIVRES - TESOURO,TJLP,2.27,0,72,REEMBOLSÁVEL,DIRETA,BNDES LIMITE DE CRÉDITO,INDÚSTRIA E SERVIÇOS DIFUSORES DE TECNOLOGIA,NÃO,AREA DE TRANSICAO ENERGETICA E CLIMATICA,COMERCIO E SERVICOS           ,ELETRICIDADE E GÁS,D3514000,DISTRIBUICAO DE ENERGIA ELETRICA                                 ,INFRAESTRUTURA,ENERGIA ELÉTRICA,GRANDE,PRIVADA             ,----------,----------,"PESSOAL / OUTRA, DE NATUREZA ESPECÍFICA OU MISTA",----------,LIQUIDADO,False,True,False,False,False,instrumento:INDÚSTRIA E SERVIÇOS DIFUSORES DE TECNOLOGIA,CT&I (regra explícita),2018,nao_automaticas,103104000.0
MFX DO BRASIL EQUIPAMENTOS DE PETROLEO LTDA,13.060.983/0001-01,DESENVOLVIMENTO DE NOVOS PRODUTOS NA LINHA DE UMBILICAIS E FLEXIVEIS.                                                   ,BA,SALVADOR,2927408,18201861,2018-07-20T00:00:00,10427200.0,8981000.0,RECURSOS LIVRES - FAT CONSTITUCIONAL,TLP,3.53,24,72,REEMBOLSÁVEL,DIRETA,BNDES FINEM,INOVAÇÃO,SIM,AREA DE DESENVOLVIMENTO PRODUTIVO E INOVACAO,INDUSTRIA DE TRANSFORMAÇÃO    ,MÁQUINAS E EQUIPAMENTOS,C2851800,FAB MAQUINAS EQ P/PROSPECCAO EXTRACAO DE PETROLEO PECA E ACESS   ,INDUSTRIA,MECÂNICA,MÉDIA,PRIVADA             ,----------,----------,REAL / PESSOAL,----------,LIQUIDADO,True,True,False,False,False,inovacao=SIM; instrumento:INOVAÇÃO,CT&I (regra explícita),2018,nao_automaticas,10427200.0
HE-NET TELECOMUNICACOES LTDA,07.146.090/0001-72,"INVESTIMENTOS DESTINADOS A EXPANSAO, AO USO E/OU A MELHORIA DA QUALIDADE DAS REDES E DOS SERVICOS DE TELECOMUNICACOES, BEM COMO AO USO E AO DESENVOLVIMENTO DE NOVAS TECNOLOGIAS DE CONECTIVIDADE, PARA REDUCAO DE DESIGUALDADES REGIONAIS E PROMOCAO DO DESENVOLVIMENTO ECONOMICO E SOCIAL, NO AMBITO DO PROGRAMA BNDES FUST.                                          ",BA,SEM MUNICÍPIO,9999999,24900721,2024-09-03T00:00:00,10000000.0,10000000.0,RECURSOS VINCULADOS - FUST,TAXA REFERENCIAL (TR),5.81,36,84,REEMBOLSÁVEL,DIRETA,BNDES FINEM,PROGRAMA BNDES FUST,NÃO,AREA DE DESENVOLVIMENTO PRODUTIVO E INOVACAO,COMERCIO E SERVICOS           ,TELECOMUNICAÇÕES,J6110803,SERVICOS DE COMUNICACAO MULTIMIDIA - SCM                         ,INFRAESTRUTURA,TELECOMUNICAÇÕES,MÉDIA,PRIVADA             ,----------,----------,PESSOAL,----------,ATIVO,False,True,True,True,True,instrumento:PROGRAMA BNDES FUST; fonte_recurso CT&I; CNAE tecnológico (aux); descrição do projeto (aux),CT&I (regra explícita),2024,nao_automaticas,10000000.0
HE-NET TELECOMUNICACOES LTDA,07.146.090/0001-72,"INVESTIMENTOS DESTINADOS A EXPANSAO, AO USO E/OU A MELHORIA DA QUALIDADE DAS REDES E DOS SERVICOS DE TELECOMUNICACOES, BEM COMO AO USO E AO DESENVOLVIMENTO DE NOVAS TECNOLOGIAS DE CONECTIVIDADE, PARA REDUCAO DE DESIGUALDADES REGIONAIS E PROMOCAO DO DESENVOLVIMENTO ECONOMICO E SOCIAL, NO AMBITO DO PROGRAMA BNDES FUST.                                          ",BA,SEM MUNICÍPIO,9999999,24900721,2024-09-03T00:00:00,20000000.0,20000000.0,RECURSOS VINCULADOS - FUST,TAXA REFERENCIAL (TR),2.7,36,84,REEMBOLSÁVEL,DIRETA,BNDES FINEM,PROGRAMA BNDES FUST,NÃO,AREA DE DESENVOLVIMENTO PRODUTIVO E INOVACAO,COMERCIO E SERVICOS           ,TELECOMUNICAÇÕES,J6110803,SERVICOS DE COMUNICACAO MULTIMIDIA - SCM                         ,INFRAESTRUTURA,TELECOMUNICAÇÕES,MÉDIA,PRIVADA             ,----------,----------,PESSOAL,----------,ATIVO,False,True,True,True,True,instrumento:PROGRAMA BNDES FUST; fonte_recurso CT&I; CNAE tecnológico (aux); descrição do projeto (aux),CT&I (regra explícita),2024,nao_automaticas,20000000.0
ITS TELECOMUNICACOES LTDA,08.772.214/0001-98,CONTRATACAO DE LIMITE DE CREDITO PARA FINANCIAMENTO A AQUISICAO DE EQUIPAMENTOS DE TELECOMUNICACAO E CABOS DE FIBRA OPTICA COM TECNOLOGIA PRODUZIDA E DESENVOLVIDA NO BRASIL.       ,BA,SALVADOR,2927408,22900301,2024-10-30T00:00:00,12414645.13,12414645.13,RECURSOS VINCULADOS - FUNTTEL,TAXA REFERENCIAL (TR),6.4,36,84,REEMBOLSÁVEL,DIRETA,BNDES FINEM,BNDES FUNTTEL,SIM,AREA DE DESENVOLVIMENTO PRODUTIVO E INOVACAO,COMERCIO E SERVICOS           ,TELECOMUNICAÇÕES,J6190601,PROVEDORES DE ACESSO AS REDES DE COMUNICACOES                    ,INFRAESTRUTURA,TELECOMUNICAÇÕES,MÉDIA,PRIVADA             ,----------,----------,REAL / PESSOAL,----------,ATIVO,True,True,True,True,True,inovacao=SIM; instrumento:BNDES FUNTTEL; fonte_recurso CT&I; CNAE tecnológico (aux); descrição do projeto (aux),CT&I (regra explícita),2024,nao_automaticas,12414645.13
ITS TELECOMUNICACOES LTDA,08.772.214/0001-98,CONTRATACAO DE LIMITE DE CREDITO PARA FINANCIAMENTO A AQUISICAO DE EQUIPAMENTOS DE TELECOMUNICACAO E CABOS DE FIBRA OPTICA COM TECNOLOGIA PRODUZIDA E DESENVOLVIDA NO BRASIL.       ,BA,SALVADOR,2927408,22900301,2025-06-17T00:00:00,305628.8,305628.8,RECURSOS VINCULADOS - FUNTTEL,TAXA REFERENCIAL (TR),6.4,36,84,REEMBOLSÁVEL,DIRETA,BNDES FINEM,BNDES FUNTTEL,SIM,AREA DE DESENVOLVIMENTO PRODUTIVO E INOVACAO,COMERCIO E SERVICOS           ,TELECOMUNICAÇÕES,J6190601,PROVEDORES DE ACESSO AS REDES DE COMUNICACOES                    ,INFRAESTRUTURA,TELECOMUNICAÇÕES,MÉDIA,PRIVADA             ,----------,----------,REAL / PESSOAL,----------,ATIVO,True,True,True,True,True,inovacao=SIM; instrumento:BNDES FUNTTEL; fonte_recurso CT&I; CNAE tecnológico (aux); descrição do projeto (aux),CT&I (regra explícita),2025,nao_automaticas,305628.8
ITS TELECOMUNICACOES LTDA,08.772.214/0001-98,CONTRATACAO DE LIMITE DE CREDITO PARA FINANCIAMENTO A AQUISICAO DE EQUIPAMENTOS DE TELECOMUNICACAO E CABOS DE FIBRA OPTICA COM TECNOLOGIA PRODUZIDA E DESENVOLVIDA NO BRASIL.       ,BA,SALVADOR,2927408,22900301,2025-06-17T00:00:00,1421291.38,1421291.38,RECURSOS VINCULADOS - FUNTTEL,TAXA REFERENCIAL (TR),6.4,36,84,REEMBOLSÁVEL,DIRETA,BNDES FINEM,BNDES FUNTTEL,SIM,AREA DE DESENVOLVIMENTO PRODUTIVO E INOVACAO,COMERCIO E SERVICOS           ,TELECOMUNICAÇÕES,J6190601,PROVEDORES DE ACESSO AS REDES DE COMUNICACOES                    ,INFRAESTRUTURA,TELECOMUNICAÇÕES,MÉDIA,PRIVADA             ,----------,----------,REAL / PESSOAL,----------,ATIVO,True,True,True,True,True,inovacao=SIM; instrumento:BNDES FUNTTEL; fonte_recurso CT&I; CNAE tecnológico (aux); descrição do projeto (aux),CT&I (regra explícita),2025,nao_automaticas,1421291.38
ITS TELECOMUNICACOES LTDA,08.772.214/0001-98,CONTRATACAO DE LIMITE DE CREDITO PARA FINANCIAMENTO A AQUISICAO DE EQUIPAMENTOS DE TELECOMUNICACAO E CABOS DE FIBRA OPTICA COM TECNOLOGIA PRODUZIDA E DESENVOLVIDA NO BRASIL.       ,BA,SALVADOR,2927408,22900301,2025-06-17T00:00:00,70769.87,70769.87,RECURSOS VINCULADOS - FUNTTEL,TAXA REFERENCIAL (TR),6.4,36,84,REEMBOLSÁVEL,DIRETA,BNDES FINEM,BNDES FUNTTEL,SIM,AREA DE DESENVOLVIMENTO PRODUTIVO E INOVACAO,COMERCIO E SERVICOS           ,TELECOMUNICAÇÕES,J6190601,PROVEDORES DE ACESSO AS REDES DE COMUNICACOES                    ,INFRAESTRUTURA,TELECOMUNICAÇÕES,MÉDIA,PRIVADA             ,----------,----------,REAL / PESSOAL,----------,ATIVO,True,True,True,True,True,inovacao=SIM; instrumento:BNDES FUNTTEL; fonte_recurso CT&I; CNAE tecnológico (aux); descrição do projeto (aux),CT&I (regra explícita),2025,nao_automaticas,70769.87
ITS TELECOMUNICACOES LTDA,08.772.214/0001-98,CONTRATACAO DE LIMITE DE CREDITO PARA FINANCIAMENTO A AQUISICAO DE EQUIPAMENTOS DE TELECOMUNICACAO E CABOS DE FIBRA OPTICA COM TECNOLOGIA PRODUZIDA E DESENVOLVIDA NO BRASIL.       ,BA,SALVADOR,2927408,22900301,2025-06-17T00:00:00,266914.64,266914.64,RECURSOS VINCULADOS - FUNTTEL,TAXA REFERENCIAL (TR),6.4,36,84,REEMBOLSÁVEL,DIRETA,BNDES FINEM,BNDES FUNTTEL,SIM,AREA DE DESENVOLVIMENTO PRODUTIVO E INOVACAO,COMERCIO E SERVICOS           ,TELECOMUNICAÇÕES,J6190601,PROVEDORES DE ACESSO AS REDES DE COMUNICACOES                    ,INFRAESTRUTURA,TELECOMUNICAÇÕES,MÉDIA,PRIVADA             ,----------,----------,REAL / PESSOAL,----------,ATIVO,True,True,True,True,True,inovacao=SIM; instrumento:BNDES FUNTTEL; fonte_recurso CT&I; CNAE tecnológico (aux); descrição do projeto (aux),CT&I (regra explícita),2025,nao_automaticas,266914.64
ITS TELECOMUNICACOES LTDA,08.772.214/0001-98,CONTRATACAO DE LIMITE DE CREDITO PARA FINANCIAMENTO A AQUISICAO DE EQUIPAMENTOS DE TELECOMUNICACAO E CABOS DE FIBRA OPTICA COM TECNOLOGIA PRODUZIDA E DESENVOLVIDA NO BRASIL.       ,BA,SALVADOR,2927408,22900301,2025-06-30T00:00:00,520750.18,520750.18,RECURSOS VINCULADOS - FUNTTEL,TAXA REFERENCIAL (TR),6.4,36,84,REEMBOLSÁVEL,DIRETA,BNDES FINEM,BNDES FUNTTEL,SIM,AREA DE DESENVOLVIMENTO PRODUTIVO E INOVACAO,COMERCIO E SERVICOS           ,TELECOMUNICAÇÕES,J6190601,PROVEDORES DE ACESSO AS REDES DE COMUNICACOES                    ,INFRAESTRUTURA,TELECOMUNICAÇÕES,MÉDIA,PRIVADA             ,----------,----------,REAL / PESSOAL,----------,ATIVO,True,True,True,True,True,inovacao=SIM; instrumento:BNDES FUNTTEL; fonte_recurso CT&I; CNAE tecnológico (aux); descrição do projeto (aux),CT&I (regra explícita),2025,nao_automaticas,520750.18
AUTOMIND AUTOMACAO INDUSTRIAL LTDA,16.119.281/0001-36,"APOIO AO PLANO DE IINOVACAO, LOCALIZADO EM SALVADOR (BA), CONTEMPLANDO O DESENVOLVIMENTO DE SOLUCOES TECNOLOGICAS, BASEADAS EM INTELIGENCIA ARTIFICIAL, VOLTADAS AOS SETORES DE OLEOE GAS E OPERACOES LOGISTICAS DE GRANEIS LIQUIDOS.           ",BA,SALVADOR,2927408,26900751,2026-06-19T00:00:00,10000000.0,0.0,-,TAXA REFERENCIAL (TR),2.7,24,96,REEMBOLSÁVEL,DIRETA,BNDES FINEM,PROGRAMA BNDES MAIS INOVAÇÃO,SIM,AREA DE DESENVOLVIMENTO PRODUTIVO E INOVACAO,COMERCIO E SERVICOS           ,INFORMAÇÃO E COMUNICAÇÃO,J6203100,DESENVOLVIMENTO LICENCIAMENTO PROG COMPUTADOR NAO-CUSTOMIZAVEIS  ,COMERCIO/SERVICOS,COMÉRCIO E SERVIÇOS,MÉDIA,PRIVADA             ,----------,----------,PESSOAL,----------,ATIVO,True,True,False,True,True,inovacao=SIM; instrumento:PROGRAMA BNDES MAIS INOVAÇÃO; CNAE tecnológico (aux); descrição do projeto (aux),CT&I (regra explícita),2026,nao_automaticas,10000000.0
CALAMO DISTRIBUIDORA DE PRODUTOS DE BELEZA S.A.,06.147.451/0001-32,"INOVACAO; DESENVOLVIMENTO E FORTALECIMENTO DE MARCAS; EXPANSAO E REFORMA DE LOJAS PROPRIAS, COM ABERTURA DE, NO MINIMO, 13 NOVAS LOJAS, EM DIVERSOS ESTADOS; MELHORIAS DE PROCESSOS ; CONSTRUCAO DE PREDIOS AUXILIARES NA FABRICA DE CAMACARI/BA; INVESTIMENTO EM PROJETOS SOCIAIS E EM MEIO AMBIENTE.      ",BA,CAMACARI,2905701,15533004,2015-03-04T00:00:00,389000.0,392131.03,RECURSOS LIVRES - FAT CONSTITUCIONAL / RECURSOS LIVRES - PRÓPRIOS / RECURSOS LIVRES - TESOURO,TJLP,0.0,18,54,REEMBOLSÁVEL,DIRETA,BNDES LIMITE DE CRÉDITO,INVESTIMENTO SOCIAL DE EMPRESAS (ISE),NÃO,AREA DE DESENVOLVIMENTO PRODUTIVO E INOVACAO,INDUSTRIA DE TRANSFORMAÇÃO    ,QUÍMICA,C2063100,"FAB DE COSMETICOS, PRODUTOS DE PERFUMARIA E DE HIGIENE PESSOAL   ",INDUSTRIA,QUÍMICA E PETROQUÍMICA,GRANDE,PRIVADA             ,----------,----------,PESSOAL,----------,LIQUIDADO,False,False,False,False,True,descrição do projeto (aux),Auxiliar (revisar),2015,nao_automaticas,389000.0
CALAMO DISTRIBUIDORA DE PRODUTOS DE BELEZA S.A.,06.147.451/0001-32,"INOVACAO; DESENVOLVIMENTO E FORTALECIMENTO DE MARCAS; EXPANSAO E REFORMA DE LOJAS PROPRIAS, COM ABERTURA DE, NO MINIMO, 13 NOVAS LOJAS, EM DIVERSOS ESTADOS; MELHORIAS DE PROCESSOS ; CONSTRUCAO DE PREDIOS AUXILIARES NA FABRICA DE CAMACARI/BA; INVESTIMENTO EM PROJETOS SOCIAIS E EM MEIO AMBIENTE.      ",BA,CAMACARI,2905701,15533004,2015-03-04T00:00:00,6744354.0,6744354.0,RECURSOS LIVRES - FAT CONSTITUCIONAL / RECURSOS LIVRES - PRÓPRIOS / RECURSOS LIVRES - TESOURO,SELIC,1.72,6,60,REEMBOLSÁVEL,DIRETA,BNDES LIMITE DE CRÉDITO,LINHA DE APOIO À INDÚSTRIA 3,NÃO,AREA DE DESENVOLVIMENTO PRODUTIVO E INOVACAO,INDUSTRIA DE TRANSFORMAÇÃO    ,QUÍMICA,C2063100,"FAB DE COSMETICOS, PRODUTOS DE PERFUMARIA E DE HIGIENE PESSOAL   ",INDUSTRIA,QUÍMICA E PETROQUÍMICA,GRANDE,PRIVADA             ,----------,----------,PESSOAL,----------,LIQUIDADO,False,False,False,False,True,descrição do projeto (aux),Auxiliar (revisar),2015,nao_automaticas,6744354.0
CALAMO DISTRIBUIDORA DE PRODUTOS DE BELEZA S.A.,06.147.451/0001-32,"INOVACAO; DESENVOLVIMENTO E FORTALECIMENTO DE MARCAS; EXPANSAO E REFORMA DE LOJAS PROPRIAS, COM ABERTURA DE, NO MINIMO, 13 NOVAS LOJAS, EM DIVERSOS ESTADOS; MELHORIAS DE PROCESSOS ; CONSTRUCAO DE PREDIOS AUXILIARES NA FABRICA DE CAMACARI/BA; INVESTIMENTO EM PROJETOS SOCIAIS E EM MEIO AMBIENTE.      ",BA,CAMACARI,2905701,15533004,2015-03-04T00:00:00,4045370.25,4046803.61,RECURSOS LIVRES - FAT CONSTITUCIONAL / RECURSOS LIVRES - PRÓPRIOS / RECURSOS LIVRES - TESOURO,TJLP,2.02,6,60,REEMBOLSÁVEL,DIRETA,BNDES LIMITE DE CRÉDITO,LINHA DE APOIO À INDÚSTRIA 3,NÃO,AREA DE DESENVOLVIMENTO PRODUTIVO E INOVACAO,INDUSTRIA DE TRANSFORMAÇÃO    ,QUÍMICA,C2063100,"FAB DE COSMETICOS, PRODUTOS DE PERFUMARIA E DE HIGIENE PESSOAL   ",INDUSTRIA,QUÍMICA E PETROQUÍMICA,GRANDE,PRIVADA             ,----------,----------,PESSOAL,----------,LIQUIDADO,False,False,False,False,True,descrição do projeto (aux),Auxiliar (revisar),2015,nao_automaticas,4045370.25
ESTADO DA BAHIA,13.937.032/0001-60,"IMPLEMENTACAO E USO DE TECNOLOGIAS DIGITAIS NAS REDES PUBLICAS ESTADUAIS E MUNICIPAIS DE ENSINO, EM ESCOLAS DE ENSINO FUNDAMENTAL E MEDIO, COM APOIO A ACOES E INVESTIMENTOS INTEGRADOS NAS QUATRO DIMENSOES ESTRUTURANTES DO PROGRAMA FEDERAL DE INOVACAO EDUCACAO CONECTADA, NO AMBITO DA CHAMADA PUBLICA ""BNDES - EDUCACAO CONECTADA - IMPLEMENTACAO E USO DE TECNOLOGIAS DIGITAIS NA EDUCACAO"".                                 ",BA,ILHEUS,2913606,20200161,2020-04-15T00:00:00,5118000.0,5118000.0,RECURSOS VINCULADOS - PRÓPRIOS ESTATUTÁRIOS,SEM CUSTO,0.0,0,0,NÃO REEMBOLSÁVEL,DIRETA,BNDES NÃO REEMBOLSÁVEL,BNDES FUNDO SOCIOAMBIENTAL,NÃO,AREA DE DESENVOLVIMENTO SOCIAL E GESTAO PUBLICA,COMERCIO E SERVICOS           ,EDUCAÇÃO,P8513900,ENSINO FUNDAMENTAL                                               ,COMERCIO/SERVICOS,COMÉRCIO E SERVIÇOS,GRANDE,ADMINISTRAÇÃO PÚBLICA DIRETA - GOVERNO ESTADUAL,----------,----------,NÃO SE APLICA,CONDIÇÕES DE CRÉDITO,ATIVO,False,False,False,False,True,descrição do projeto (aux),Auxiliar (revisar),2020,nao_automaticas,5118000.0
MUNICIPIO DE SALVADOR,13.927.801/0001-49,"MODERNIZACAO DA ADMINISTRACAO MUNICIPAL, POR MEIO DE INVESTIMENTOS EM TECNOLOGIAS, PROCESSOS E SISTEMAS.                ",BA,SALVADOR,2927408,22900671,2022-12-27T00:00:00,54119000.0,29375256.56,RECURSOS LIVRES - FAT CONSTITUCIONAL,TLP,1.85,24,96,REEMBOLSÁVEL,DIRETA,BNDES FINEM,"MODERNIZAÇÃO DA ADMINISTRAÇÃO PÚBLICA ESTADUAL, DISTRITAL E MUNICIPAL",NÃO,AREA DE DESENVOLVIMENTO SOCIAL E GESTAO PUBLICA,COMERCIO E SERVICOS           ,ADMINISTRAÇÃO PÚBLICA,O8411600,ADMINISTRACAO PUBLICA EM GERAL                                   ,COMERCIO/SERVICOS,COMÉRCIO E SERVIÇOS,GRANDE,ADMINISTRAÇÃO PÚBLICA DIRETA - GOVERNO MUNICIPAL,----------,----------,"OUTRA, DE NATUREZA ESPECÍFICA OU MISTA",----------,ATIVO,False,False,False,False,True,descrição do projeto (aux),Auxiliar (revisar),2022,nao_automaticas,54119000.0
INPASA AGROINDUSTRIAL S/A,29.316.596/0001-15,"IMPLANTACAO DE UMA USINA DE ETANOL COM PRODUCAO A BASE DE MILHO, EM LUIS EDUARDO MAGALHAES, NA BAHIA, COM CAPACIDADE PARA PROCESSAR ANUALMENTE ATE 1,1 MILHAO DE TONELADAS DE MILHO,498 MILHOES DE LITROS DE ETANOL, 248,9 MIL TONELADAS DE DDG S, 24.862 TONELADAS DE OLEO VEGETAL E 185 GWH DE ENERGIA ELETRICA.                                                      ",BA,LUIS EDUARDO MAGALHAES,2919553,25204031,2026-03-13T00:00:00,600000000.0,469236828.59,RECURSOS LIVRES - PRÓPRIOS / RECURSOS VINCULADOS - FUNDO CLIMA,US$ / CESTA,1.5,24,120,REEMBOLSÁVEL,DIRETA,BNDES FINEM,PRODUÇÃO DE ALIMENTOS E BIOCOMBUSTÍVEIS,NÃO,AREA DE DESENVOLVIMENTO PRODUTIVO E INOVACAO,INDUSTRIA DE TRANSFORMAÇÃO    ,"COQUE, PETRÓLEO E COMBUSTÍVEL",C1931400,FABRICACAO DE ALCOOL                                             ,INDUSTRIA,QUÍMICA E PETROQUÍMICA,GRANDE,PRIVADA             ,----------,----------,PESSOAL,----------,ATIVO,False,False,False,False,False,,Fora de CT&I,2026,nao_automaticas,600000000.0
INPASA AGROINDUSTRIAL S/A,29.316.596/0001-15,"IMPLANTACAO DE UMA USINA DE ETANOL COM PRODUCAO A BASE DE MILHO, EM LUIS EDUARDO MAGALHAES, NA BAHIA, COM CAPACIDADE PARA PROCESSAR ANUALMENTE ATE 1,1 MILHAO DE TONELADAS DE MILHO,498 MILHOES DE LITROS DE ETANOL, 248,9 MIL TONELADAS DE DDG S, 24.862 TONELADAS DE OLEO VEGETAL E 185 GWH DE ENERGIA ELETRICA.                                                      ",BA,LUIS EDUARDO MAGALHAES,2919553,25204031,2026-03-13T00:00:00,350000000.0,276000000.0,RECURSOS LIVRES - PRÓPRIOS / RECURSOS VINCULADOS - FUNDO CLIMA,TAXA FIXA,7.8,24,120,REEMBOLSÁVEL,DIRETA,BNDES FINEM,PROGRAMA FUNDO CLIMA,NÃO,AREA DE DESENVOLVIMENTO PRODUTIVO E INOVACAO,INDUSTRIA DE TRANSFORMAÇÃO    ,"COQUE, PETRÓLEO E COMBUSTÍVEL",C1931400,FABRICACAO DE ALCOOL                                             ,INDUSTRIA,QUÍMICA E PETROQUÍMICA,GRANDE,PRIVADA             ,----------,----------,PESSOAL,----------,ATIVO,False,False,False,False,False,,Fora de CT&I,2026,nao_automaticas,350000000.0
VERACEL CELULOSE S.A.,40.551.996/0001-48,"REALIZACAO DE PROGRAMA FLORESTAL ABRANGENDO IMPLANTACAO, REFORMA E BROTACAO EM AREA ENTRE 18.222 E 22.778 HA DE EUCALIPTOS LOCALIZADA EM UNIDADES FLORESTAIS PROPRIAS, ARRENDADAS E DE FOMENTO, NO ESTADO DA BAHIA, EM 2025 E 2026, BEM COMO A CONSERVACAO DESSAS AREAS ATE OS DOIS PRIMEIROS ANOS SUBSEQUENTES (2026 ATE 2028).                                        ",BA,SEM MUNICÍPIO,9999999,25901961,2026-04-01T00:00:00,200000000.0,90000000.0,RECURSOS LIVRES - FAT CONSTITUCIONAL,TLP,1.5,84,156,REEMBOLSÁVEL,DIRETA,BNDES FINEM,CAPACIDADE PRODUTIVA - DEMAIS INDÚSTRIA E SERVIÇOS,NÃO,AREA DE DESENVOLVIMENTO PRODUTIVO E INOVACAO,AGROPECUÁRIA E PESCA          ,AGROPECUÁRIA,A0210101,CULTIVO DE EUCALIPTO                                             ,AGROPECUÁRIA,AGROPECUÁRIA,GRANDE,PRIVADA             ,----------,----------,PESSOAL,----------,ATIVO,False,False,False,False,False,,Fora de CT&I,2026,nao_automaticas,200000000.0
GRANDE SERTAO III TRANSMISSORA DE ENERGIA S/A.,48.400.777/0001-70,"AQUISICAO DE DEBENTURES SIMPLES, EMITIDAS PELA GRANDE SERTAOIII TRANSMISSORA DE ENERGIA S.A., EM MONTANTE DE ATE R$ 905 MILHOES, DESTINADAS A IMPLANTACAO DAS INSTALACOES PREVISTAS NO CONTRATO DE CONCESSAO DE SERVICO PUBLICO DE TRANSMISSAO  NO 17/2024-ANEEL (LINHA DE TRANSMISSAO OUROLANDIA II  JUSSIAPE, EM CIRCUITO DUPLO, E EXPANSAO DA SUBESTACAO OUROLANDIA II), LOCALIZADAS NO ESTADO DA BAHIA.                         ",BA,DIVERSOS,9999999,26200741,2026-04-10T00:00:00,438000000.0,0.0,-,TLP,1.11,0,265,REEMBOLSÁVEL,DIRETA,BNDES DEBENTURES SIMPLES,DEBENTURES - OFERTAS PÚBLICAS PADRÃO,NÃO,AREA DE TRANSICAO ENERGETICA E CLIMATICA,COMERCIO E SERVICOS           ,ELETRICIDADE E GÁS,D3512300,TRANSMISSAO DE ENERGIA ELETRICA                                  ,INFRAESTRUTURA,ENERGIA ELÉTRICA,GRANDE,PRIVADA             ,----------,----------,REAL / PESSOAL,----------,ATIVO,False,False,False,False,False,,Fora de CT&I,2026,nao_automaticas,438000000.0
GRANDE SERTAO III TRANSMISSORA DE ENERGIA S/A.,48.400.777/0001-70,"AQUISICAO DE DEBENTURES SIMPLES, EMITIDAS PELA GRANDE SERTAOIII TRANSMISSORA DE ENERGIA S.A., EM MONTANTE DE ATE R$ 905 MILHOES, DESTINADAS A IMPLANTACAO DAS INSTALACOES PREVISTAS NO CONTRATO DE CONCESSAO DE SERVICO PUBLICO DE TRANSMISSAO  NO 17/2024-ANEEL (LINHA DE TRANSMISSAO OUROLANDIA II  JUSSIAPE, EM CIRCUITO DUPLO, E EXPANSAO DA SUBESTACAO OUROLANDIA II), LOCALIZADAS NO ESTADO DA BAHIA.                         ",BA,DIVERSOS,9999999,26200741,2026-04-10T00:00:00,320000000.0,0.0,-,TLP,1.11,0,265,REEMBOLSÁVEL,DIRETA,BNDES DEBENTURES SIMPLES,DEBENTURES - OFERTAS PÚBLICAS PADRÃO,NÃO,AREA DE TRANSICAO ENERGETICA E CLIMATICA,COMERCIO E SERVICOS           ,ELETRICIDADE E GÁS,D3512300,TRANSMISSAO DE ENERGIA ELETRICA                                  ,INFRAESTRUTURA,ENERGIA ELÉTRICA,GRANDE,PRIVADA             ,----------,----------,REAL / PESSOAL,----------,ATIVO,False,False,False,False,False,,Fora de CT&I,2026,nao_automaticas,320000000.0
GRANDE SERTAO III TRANSMISSORA DE ENERGIA S/A.,48.400.777/0001-70,"AQUISICAO DE DEBENTURES SIMPLES, EMITIDAS PELA GRANDE SERTAOIII TRANSMISSORA DE ENERGIA S.A., EM MONTANTE DE ATE R$ 905 MILHOES, DESTINADAS A IMPLANTACAO DAS INSTALACOES PREVISTAS NO CONTRATO DE CONCESSAO DE SERVICO PUBLICO DE TRANSMISSAO  NO 17/2024-ANEEL (LINHA DE TRANSMISSAO OUROLANDIA II  JUSSIAPE, EM CIRCUITO DUPLO, E EXPANSAO DA SUBESTACAO OUROLANDIA II), LOCALIZADAS NO ESTADO DA BAHIA.                         ",BA,DIVERSOS,9999999,26200741,2026-04-10T00:00:00,135000000.0,0.0,-,TLP,1.11,0,265,REEMBOLSÁVEL,DIRETA,BNDES DEBENTURES SIMPLES,DEBENTURES - OFERTAS PÚBLICAS PADRÃO,NÃO,AREA DE TRANSICAO ENERGETICA E CLIMATICA,COMERCIO E SERVICOS           ,ELETRICIDADE E GÁS,D3512300,TRANSMISSAO DE ENERGIA ELETRICA                                  ,INFRAESTRUTURA,ENERGIA ELÉTRICA,GRANDE,PRIVADA             ,----------,----------,REAL / PESSOAL,----------,ATIVO,False,False,False,False,False,,Fora de CT&I,2026,nao_automaticas,135000000.0
ACELEN INDUSTRIAL S.A.,54.174.189/0001-68,"CONSTRUCAO DE UMA BIORREFINARIA PARA PRODUCAO DE COMBUSTIVELSUSTENTAVEL DE AVIACAO (SUSTAINABLE AVIATION FUEL - ""SAF"")  E DIESEL RENOVAVEL (RENOVABLE DIESEL - ""RD""), COM CAPACIDADEDE PROCESSAMENTO DE 20.000 BARRIS/DIA DE MATERIA-PRIMA, EM  SAO FRANCISCO DO CONDE, ESTADO DA BAHIA.                    ",BA,SAO FRANCISCO DO CONDE,2929206,26200911,2026-05-08T00:00:00,503040600.0,0.0,-,US$ / CESTA,3.47,39,15,REEMBOLSÁVEL,DIRETA,BNDES FINEM,MEIO AMBIENTE,NÃO,AREA DE TRANSICAO ENERGETICA E CLIMATICA,INDUSTRIA DE TRANSFORMAÇÃO    ,"COQUE, PETRÓLEO E COMBUSTÍVEL",C1932200,"FABRICACAO DE BIOCOMBUSTIVEIS, EXCETO ALCOOL                     ",INDUSTRIA,QUÍMICA E PETROQUÍMICA,GRANDE,PRIVADA             ,----------,----------,REAL,COBRANÇA DE COMISSÕES /CONDIÇÕES DE CRÉDITO,ATIVO,False,False,False,False,False,,Fora de CT&I,2026,nao_automaticas,503040600.0
"MUCUNUNGA SERVICOS AMBIENTAIS, RESTAURACAO E CARBONO S.",60.803.193/0001-40,"APOIO A RESTAURACAO AMBIENTAL DE 1.317 HECTARES DE AREAS DEGRADADAS DO BIOMA MATA ATLANTICA NO SUL DO ESTADO DA BAHIA, COM GERACAO DE CREDITOS DE CARBONO DE ALTA INTEGRIDADE.      ",BA,SEM MUNICÍPIO,9999999,26900571,2026-06-12T00:00:00,87192798.0,0.0,-,TAXA FIXA,2.3,48,252,REEMBOLSÁVEL,DIRETA,BNDES FINEM,PROGRAMA FUNDO CLIMA,NÃO,AREA DE MEIO AMBIENTE,AGROPECUÁRIA E PESCA          ,AGROPECUÁRIA,A0220906,CONSERVACAO DE FLORESTAS NATIVAS                                 ,AGROPECUÁRIA,AGROPECUÁRIA,GRANDE,PRIVADA             ,----------,----------,PESSOAL,----------,ATIVO,False,False,False,False,False,,Fora de CT&I,2026,nao_automaticas,87192798.0
CIA DE FERRO LIGAS DA BAHIA FERBASA,15.141.799/0001-03,"INSTALACAO DE NOVA PLANTA DE PRODUCAO DE CARVAO VEGETAL COM UNIDADE DE REDUCAO DE METANO, EM MARACAS  BA.               ",BA,MARACAS,2920502,26900251,2026-07-06T00:00:00,35040000.0,0.0,-,TAXA FIXA,7.8,24,96,REEMBOLSÁVEL,DIRETA,BNDES FINEM,PROGRAMA FUNDO CLIMA,NÃO,AREA DE DESENVOLVIMENTO PRODUTIVO E INOVACAO,AGROPECUÁRIA E PESCA          ,AGROPECUÁRIA,A0210108,PRODUCAO DE CARVAO VEGETAL - FLORESTAS PLANTADAS                 ,AGROPECUÁRIA,AGROPECUÁRIA,GRANDE,PRIVADA             ,----------,----------,PESSOAL,----------,ATIVO,False,False,False,False,False,,Fora de CT&I,2026,nao_automaticas,35040000.0
CIA DE FERRO LIGAS DA BAHIA FERBASA,15.141.799/0001-03,"INSTALACAO DE NOVA PLANTA DE PRODUCAO DE CARVAO VEGETAL COM UNIDADE DE REDUCAO DE METANO, EM MARACAS  BA.               ",BA,MARACAS,2920502,26900251,2026-07-06T00:00:00,8760000.0,0.0,-,SELIC,1.1,24,96,REEMBOLSÁVEL,DIRETA,BNDES FINEM,MEIO AMBIENTE,NÃO,AREA DE DESENVOLVIMENTO PRODUTIVO E INOVACAO,AGROPECUÁRIA E PESCA          ,AGROPECUÁRIA,A0210108,PRODUCAO DE CARVAO VEGETAL - FLORESTAS PLANTADAS                 ,AGROPECUÁRIA,AGROPECUÁRIA,GRANDE,PRIVADA             ,----------,----------,PESSOAL,----------,ATIVO,False,False,False,False,False,,Fora de CT&I,2026,nao_automaticas,8760000.0
