cliente,cpf_cnpj,uf,municipio,municipio_codigo,data_da_contratacao,valor_da_operacao_em_reais,valor_desembolsado_reais,fonte_de_recurso_desembolsos,custo_financeiro,juros,prazo_carencia_meses,prazo_amortizacao_meses,modalidade_de_apoio,forma_de_apoio,produto,instrumento_financeiro,inovacao,area_operacional,setor_cnae,subsetor_cnae_agrupado,subsetor_cnae_codigo,subsetor_cnae_nome,setor_bndes,subsetor_bndes,porte_do_cliente,natureza_do_cliente,instituicao_financeira_credenciada,cnpj_do_agente_financeiro,situacao_da_operacao,cti_flag_oficial,cti_instrumento,cti_fonte_recurso,cti_cnae_tecnologico_aux,cti_descricao_projeto_aux,cti_motivo,cti_nivel,ano,base,valor_operacao_reais
MINERACAO SAO VICENTE LTDA,**.*37.334/0001-**, BA,ITAGIMIRIM,2915304,2026-08-11T00:00:00,4180000,,-,TAXA FIXA,13.56,6,54,REEMBOLSÁVEL,INDIRETA,BNDES FINAME,PROGRAMA BNDES MAIS INOVAÇÃO,SIM,AREA DE OPERACOES E CANAIS DIGITAIS,COMERCIO E SERVICOS,Comércio,G4744004,"COM VAREJISTA DE CAL, AREIA, PEDRA BRITADA, TIJOLOS E TELHAS",COMERCIO/SERVICOS,COMÉRCIO E SERVIÇOS,MÉDIA,PRIVADA,ITAU UNIBANCO S.A.,60.701.190.0001-04,ATIVA,True,True,False,False,False,inovacao=SIM; instrumento:PROGRAMA BNDES MAIS INOVAÇÃO,CT&I (regra explícita),2026,indiretas_automaticas,4180000
DELTA DO JOANES EMPREENDIMENTOS E INCORPORACOES IMOBILI,**.*09.912/0001-**, BA,LAURO DE FREITAS,2919207,2026-08-11T00:00:00,560000,,-,TAXA FIXA,13.56,6,54,REEMBOLSÁVEL,INDIRETA,BNDES FINAME,PROGRAMA BNDES MAIS INOVAÇÃO,SIM,AREA DE OPERACOES E CANAIS DIGITAIS,COMERCIO E SERVICOS,Construção,F4110700,INCORPORACAO DE EMPREENDIMENTOS IMOBILIARIOS,COMERCIO/SERVICOS,COMÉRCIO E SERVIÇOS,PEQUENA,PRIVADA,BANCO BRADESCO S.A.,60.746.948.0001-12,ATIVA,True,True,False,False,False,inovacao=SIM; instrumento:PROGRAMA BNDES MAIS INOVAÇÃO,CT&I (regra explícita),2026,indiretas_automaticas,560000
C. MENEZES BASTOS ALUGUEL DE MAQUINAS LTDA,**.*34.165/0001-**, BA,BOA NOVA,2903706,2026-08-13T00:00:00,425000,,-,TAXA FIXA,10.88,3,57,REEMBOLSÁVEL,INDIRETA,BNDES FINAME,PROGRAMA BNDES MAIS INOVAÇÃO,SIM,AREA DE OPERACOES E CANAIS DIGITAIS,COMERCIO E SERVICOS,Transporte terrestre,H4930202,TRANSP ROD CARGA EXC PROD PERIG MUDANCA INTER-MUN-EST-NACIONAL,INFRA-ESTRUTURA,TRANSPORTE RODOVIÁRIO,MICRO,PRIVADA,BANCO KOMATSU DO BRASIL S.A.,23.903.068.0001-86,ATIVA,True,True,False,False,False,inovacao=SIM; instrumento:PROGRAMA BNDES MAIS INOVAÇÃO,CT&I (regra explícita),2026,indiretas_automaticas,425000
EDMAR CONSTRUCOES LTDA,**.*23.373/0001-**, BA,MALHADA,2920205,2026-08-17T00:00:00,343200,,-,TAXA FIXA,12.33,3,45,REEMBOLSÁVEL,INDIRETA,BNDES FINAME,PROGRAMA BNDES MAIS INOVAÇÃO,SIM,AREA DE OPERACOES E CANAIS DIGITAIS,COMERCIO E SERVICOS,"Ativ imobil, profissional e adm",N7732201,"ALUGUEL DE MAQ EQUIP P/CONSTRUCAO SEM OPERADOR, EXCETO ANDAIMES",COMERCIO/SERVICOS,COMÉRCIO E SERVIÇOS,PEQUENA,PRIVADA,BANCO CNH INDUSTRIAL CAPITAL S.A.,02.992.446.0001-75,ATIVA,True,True,False,False,False,inovacao=SIM; instrumento:PROGRAMA BNDES MAIS INOVAÇÃO,CT&I (regra explícita),2026,indiretas_automaticas,343200
LOTUS EMPREENDIMENTOS E SERVICOS LTDA        (17618003),**.*18.003/0001-**, BA,NOVA FATIMA,2922730,2026-08-17T00:00:00,379800,,-,TAXA FIXA,12.33,3,57,REEMBOLSÁVEL,INDIRETA,BNDES FINAME,PROGRAMA BNDES MAIS INOVAÇÃO,SIM,AREA DE OPERACOES E CANAIS DIGITAIS,COMERCIO E SERVICOS,Construção,F4120400,CONSTRUCAO DE EDIFICIOS,COMERCIO/SERVICOS,COMÉRCIO E SERVIÇOS,PEQUENA,PRIVADA,BANCO CNH INDUSTRIAL CAPITAL S.A.,02.992.446.0001-75,ATIVA,True,True,False,False,False,inovacao=SIM; instrumento:PROGRAMA BNDES MAIS INOVAÇÃO,CT&I (regra explícita),2026,indiretas_automaticas,379800
SINAL CONSTRUTORA LTDA,**.*11.381/0001-**, BA,POJUCA,2925204,2026-08-18T00:00:00,652500,,-,TAXA FIXA,10.92,3,45,REEMBOLSÁVEL,INDIRETA,BNDES FINAME,PROGRAMA BNDES MAIS INOVAÇÃO,SIM,AREA DE OPERACOES E CANAIS DIGITAIS,COMERCIO E SERVICOS,Construção,F4211101,CONSTRUCAO DE RODOVIAS E FERROVIAS,COMERCIO/SERVICOS,COMÉRCIO E SERVIÇOS,MÉDIA,PRIVADA,BANCO CATERPILLAR S.A.,02.658.435.0001-53,ATIVA,True,True,False,False,False,inovacao=SIM; instrumento:PROGRAMA BNDES MAIS INOVAÇÃO,CT&I (regra explícita),2026,indiretas_automaticas,652500
SINAL CONSTRUTORA LTDA,**.*11.381/0001-**, BA,POJUCA,2925204,2026-08-19T00:00:00,535500,,-,TAXA FIXA,10.92,3,45,REEMBOLSÁVEL,INDIRETA,BNDES FINAME,PROGRAMA BNDES MAIS INOVAÇÃO,SIM,AREA DE OPERACOES E CANAIS DIGITAIS,COMERCIO E SERVICOS,Construção,F4211101,CONSTRUCAO DE RODOVIAS E FERROVIAS,COMERCIO/SERVICOS,COMÉRCIO E SERVIÇOS,MÉDIA,PRIVADA,BANCO CATERPILLAR S.A.,02.658.435.0001-53,ATIVA,True,True,False,False,False,inovacao=SIM; instrumento:PROGRAMA BNDES MAIS INOVAÇÃO,CT&I (regra explícita),2026,indiretas_automaticas,535500
LATICINIOS KI SABOR LTDA,**.*12.294/0001-**, BA,SERRA DOURADA,2930303,2026-08-20T00:00:00,580000,,-,TAXA FIXA,12.93,3,57,REEMBOLSÁVEL,INDIRETA,BNDES FINAME,PROGRAMA BNDES MAIS INOVAÇÃO,SIM,AREA DE OPERACOES E CANAIS DIGITAIS,INDUSTRIA DE TRANSFORMAÇÃO,Produtos Alimentícios,C1051100,PREPARACAO DO LEITE,INDUSTRIA,ALIMENTO E BEBIDA,MÉDIA,PRIVADA,ITAU UNIBANCO S.A.,60.701.190.0001-04,ATIVA,True,True,False,False,False,inovacao=SIM; instrumento:PROGRAMA BNDES MAIS INOVAÇÃO,CT&I (regra explícita),2026,indiretas_automaticas,580000
PEDREIRA 2000 LTDA,**.*21.908/0001-**, BA,RIACHAO DAS NEVES,2926202,2026-08-25T00:00:00,740032,,-,TAXA FIXA,12.06,3,9,REEMBOLSÁVEL,INDIRETA,BNDES FINAME,PROGRAMA BNDES MAIS INOVAÇÃO,SIM,AREA DE OPERACOES E CANAIS DIGITAIS,COMERCIO E SERVICOS,Transporte terrestre,H4930201,"TRANSP ROD CARGA EXCETO PRODUTOS PERIGOSOS E MUDANCAS, MUNICIPAL",INFRA-ESTRUTURA,TRANSPORTE RODOVIÁRIO,MÉDIA,PRIVADA,BANCO CATERPILLAR S.A.,02.658.435.0001-53,ATIVA,True,True,False,False,False,inovacao=SIM; instrumento:PROGRAMA BNDES MAIS INOVAÇÃO,CT&I (regra explícita),2026,indiretas_automaticas,740032
VCA CONSTRUTORA S.A,**.*64.677/0001-**, BA,VITORIA DA CONQUISTA,2933307,2026-08-25T00:00:00,612000,,-,TAXA FIXA,12.5,0,48,REEMBOLSÁVEL,INDIRETA,BNDES FINAME,PROGRAMA BNDES MAIS INOVAÇÃO,SIM,AREA DE OPERACOES E CANAIS DIGITAIS,COMERCIO E SERVICOS,Construção,F4120400,CONSTRUCAO DE EDIFICIOS,COMERCIO/SERVICOS,COMÉRCIO E SERVIÇOS,MÉDIA,PRIVADA,BANCO BRADESCO S.A.,60.746.948.0001-12,ATIVA,True,True,False,False,False,inovacao=SIM; instrumento:PROGRAMA BNDES MAIS INOVAÇÃO,CT&I (regra explícita),2026,indiretas_automaticas,612000
BASTOS CONSTRUTORA LTDA                      (11723689),**.*23.689/0001-**, BA,CAMACARI,2905701,2026-08-27T00:00:00,405000,,-,TAXA FIXA,10.44,3,45,REEMBOLSÁVEL,INDIRETA,BNDES FINAME,PROGRAMA BNDES MAIS INOVAÇÃO,SIM,AREA DE OPERACOES E CANAIS DIGITAIS,COMERCIO E SERVICOS,Construção,F4120400,CONSTRUCAO DE EDIFICIOS,COMERCIO/SERVICOS,COMÉRCIO E SERVIÇOS,MÉDIA,PRIVADA,BANCO CATERPILLAR S.A.,02.658.435.0001-53,ATIVA,True,True,False,False,False,inovacao=SIM; instrumento:PROGRAMA BNDES MAIS INOVAÇÃO,CT&I (regra explícita),2026,indiretas_automaticas,405000
PMA LOGISTICA TRANSPORTES E LOCACOES LTDA,**.*22.341/0001-**, BA,DOM BASILIO,2910107,2026-08-28T00:00:00,850000,,-,TAXA FIXA,12.26,3,21,REEMBOLSÁVEL,INDIRETA,BNDES FINAME,PROGRAMA BNDES MAIS INOVAÇÃO,SIM,AREA DE OPERACOES E CANAIS DIGITAIS,COMERCIO E SERVICOS,"Ativ imobil, profissional e adm",N7732201,"ALUGUEL DE MAQ EQUIP P/CONSTRUCAO SEM OPERADOR, EXCETO ANDAIMES",COMERCIO/SERVICOS,COMÉRCIO E SERVIÇOS,PEQUENA,PRIVADA,BANCO CNH INDUSTRIAL CAPITAL S.A.,02.992.446.0001-75,ATIVA,True,True,False,False,False,inovacao=SIM; instrumento:PROGRAMA BNDES MAIS INOVAÇÃO,CT&I (regra explícita),2026,indiretas_automaticas,850000
CRETA EMPREENDIMENTOS LTDA,**.*72.314/0001-**, BA,TEIXEIRA DE FREITAS,2931350,2026-08-28T00:00:00,944000,,-,TAXA FIXA,13.02,3,21,REEMBOLSÁVEL,INDIRETA,BNDES FINAME,PROGRAMA BNDES MAIS INOVAÇÃO,SIM,AREA DE OPERACOES E CANAIS DIGITAIS,COMERCIO E SERVICOS,Construção,F4120400,CONSTRUCAO DE EDIFICIOS,COMERCIO/SERVICOS,COMÉRCIO E SERVIÇOS,MÉDIA,PRIVADA,BANCO JOHN DEERE S.A.,91.884.981.0001-32,ATIVA,True,True,False,False,False,inovacao=SIM; instrumento:PROGRAMA BNDES MAIS INOVAÇÃO,CT&I (regra explícita),2026,indiretas_automaticas,944000
LOCACOES DE MAQUINAS SAO DOMINGUES LTDA,**.*85.943/0001-**, BA,TANQUE NOVO,2931053,2026-08-31T00:00:00,480000,,-,TAXA FIXA,12.29,3,33,REEMBOLSÁVEL,INDIRETA,BNDES FINAME,PROGRAMA BNDES MAIS INOVAÇÃO,SIM,AREA DE OPERACOES E CANAIS DIGITAIS,COMERCIO E SERVICOS,"Ativ imobil, profissional e adm",N7732201,"ALUGUEL DE MAQ EQUIP P/CONSTRUCAO SEM OPERADOR, EXCETO ANDAIMES",COMERCIO/SERVICOS,COMÉRCIO E SERVIÇOS,PEQUENA,PRIVADA,BANCO CNH INDUSTRIAL CAPITAL S.A.,02.992.446.0001-75,ATIVA,True,True,False,False,False,inovacao=SIM; instrumento:PROGRAMA BNDES MAIS INOVAÇÃO,CT&I (regra explícita),2026,indiretas_automaticas,480000
C & J SERVICOS DE TRANSPORTES LTDA,**.*20.805/0001-**, BA,BRUMADO,2904605,2026-08-31T00:00:00,344000,,-,TAXA FIXA,10.26,3,45,REEMBOLSÁVEL,INDIRETA,BNDES FINAME,PROGRAMA BNDES MAIS INOVAÇÃO,SIM,AREA DE OPERACOES E CANAIS DIGITAIS,COMERCIO E SERVICOS,Transporte terrestre,H4930202,TRANSP ROD CARGA EXC PROD PERIG MUDANCA INTER-MUN-EST-NACIONAL,INFRA-ESTRUTURA,TRANSPORTE RODOVIÁRIO,PEQUENA,PRIVADA,BANCO CATERPILLAR S.A.,02.658.435.0001-53,ATIVA,True,True,False,False,False,inovacao=SIM; instrumento:PROGRAMA BNDES MAIS INOVAÇÃO,CT&I (regra explícita),2026,indiretas_automaticas,344000
MULTIGLOBAL LTDA,**.*90.690/0001-**, BA,BRUMADO,2904605,2026-03-18T00:00:00,107412,107412.0,RECURSOS LIVRES - FAT,TLP,4.69,3,45,REEMBOLSÁVEL,INDIRETA,BNDES FINAME,BK AQUISIÇÃO E COMERCIALIZAÇÃO – ÔNIBUS E CAMINHÃO,NÃO,AREA DE OPERACOES E CANAIS DIGITAIS,COMERCIO E SERVICOS,Telecomunicações,J6190601,PROVEDORES DE ACESSO AS REDES DE COMUNICACOES,INFRA-ESTRUTURA,TELECOMUNICAÇÕES,MÉDIA,PRIVADA,BANCO DO BRASIL SA,00.000.000.0001-91,ATIVA,False,False,False,True,False,CNAE tecnológico (aux),Auxiliar (revisar),2026,indiretas_automaticas,107412
MBN - INFORMATICA LTDA.,**.*29.591/0001-**, BA,BARRA,2902708,2026-03-24T00:00:00,439477,439477.0,RECURSOS LIVRES - PRÓPRIOS,TAXA FIXA,20.38,6,36,REEMBOLSÁVEL,INDIRETA,BNDES FINAME,BK AQUISIÇÃO E COMERCIALIZAÇÃO - DEMAIS,NÃO,AREA DE OPERACOES E CANAIS DIGITAIS,COMERCIO E SERVICOS,Telecomunicações,J6190601,PROVEDORES DE ACESSO AS REDES DE COMUNICACOES,INFRA-ESTRUTURA,TELECOMUNICAÇÕES,PEQUENA,PRIVADA,BANCO DO BRASIL SA,00.000.000.0001-91,ATIVA,False,False,False,True,False,CNAE tecnológico (aux),Auxiliar (revisar),2026,indiretas_automaticas,439477
POWER TELECOMUNICACOES LTDA,**.*02.639/0001-**, BA,SANTO ESTEVAO,2928802,2026-03-27T00:00:00,107103,107100.0,RECURSOS LIVRES - PRÓPRIOS,TAXA FIXA,22.32,3,57,REEMBOLSÁVEL,INDIRETA,BNDES FINAME,BK AQUISIÇÃO E COMERCIALIZAÇÃO - DEMAIS,NÃO,AREA DE OPERACOES E CANAIS DIGITAIS,COMERCIO E SERVICOS,Telecomunicações,J6190601,PROVEDORES DE ACESSO AS REDES DE COMUNICACOES,INFRA-ESTRUTURA,TELECOMUNICAÇÕES,PEQUENA,PRIVADA,BANCO BRADESCO S.A.,60.746.948.0001-12,ATIVA,False,False,False,True,False,CNAE tecnológico (aux),Auxiliar (revisar),2026,indiretas_automaticas,107103
C2 SOLUCOES LTDA,**.*72.909/0001-**, BA,PORTO SEGURO,2925303,2026-04-08T00:00:00,108722,108722.0,RECURSOS LIVRES - FAT,TLP,5.49,3,45,REEMBOLSÁVEL,INDIRETA,BNDES FINAME,BK AQUISIÇÃO E COMERCIALIZAÇÃO – ÔNIBUS E CAMINHÃO,NÃO,AREA DE OPERACOES E CANAIS DIGITAIS,COMERCIO E SERVICOS,Telecomunicações,J6190601,PROVEDORES DE ACESSO AS REDES DE COMUNICACOES,INFRA-ESTRUTURA,TELECOMUNICAÇÕES,PEQUENA,PRIVADA,BANCO DO BRASIL SA,00.000.000.0001-91,ATIVA,False,False,False,True,False,CNAE tecnológico (aux),Auxiliar (revisar),2026,indiretas_automaticas,108722
ART NET COMERCIO E SERVICOS DE INTERNET LTDA,**.*34.503/0001-**, BA,MATA DE SAO JOAO,2921005,2026-07-09T00:00:00,350000,,-,TAXA FIXA,33.14,3,45,REEMBOLSÁVEL,INDIRETA,BNDES AUTOMÁTICO,LINHA CRÉDITO PEQUENAS E MÉDIAS EMPRESAS,NÃO,AREA DE OPERACOES E CANAIS DIGITAIS,COMERCIO E SERVICOS,Telecomunicações,J6190601,PROVEDORES DE ACESSO AS REDES DE COMUNICACOES,INFRA-ESTRUTURA,TELECOMUNICAÇÕES,PEQUENA,PRIVADA,BANCO BRADESCO S.A.,60.746.948.0001-12,ATIVA,False,False,False,True,False,CNAE tecnológico (aux),Auxiliar (revisar),2026,indiretas_automaticas,350000
JPD EMPREENDIMENTOS E TRANSPORTES LTDA ME,**.*12.311/0001-**, BA,IPIRA,2914000,2026-08-27T00:00:00,1980000,,-,TAXA FIXA,18.13,3,57,REEMBOLSÁVEL,INDIRETA,BNDES FINAME,BK AQUISIÇÃO E COMERCIALIZAÇÃO – ÔNIBUS E CAMINHÃO,NÃO,AREA DE OPERACOES E CANAIS DIGITAIS,COMERCIO E SERVICOS,Transporte terrestre,H4930203,TRANSPORTE RODOVIARIO DE PRODUTOS PERIGOSOS,INFRA-ESTRUTURA,TRANSPORTE RODOVIÁRIO,PEQUENA,PRIVADA,ITAU UNIBANCO S.A.,60.701.190.0001-04,ATIVA,False,False,False,False,False,,Fora de CT&I,2026,indiretas_automaticas,1980000
JR & SD COMERCIAL DE ALIMENTOS LTDA,**.*14.824/0001-**, BA,TANQUE NOVO,2931053,2026-08-27T00:00:00,143286,,-,TAXA FIXA,20.09,3,33,REEMBOLSÁVEL,INDIRETA,BNDES FINAME,BK AQUISIÇÃO E COMERCIALIZAÇÃO – ÔNIBUS E CAMINHÃO,NÃO,AREA DE OPERACOES E CANAIS DIGITAIS,COMERCIO E SERVICOS,Transporte terrestre,H4930202,TRANSP ROD CARGA EXC PROD PERIG MUDANCA INTER-MUN-EST-NACIONAL,INFRA-ESTRUTURA,TRANSPORTE RODOVIÁRIO,MICRO,PRIVADA,BANCO RANDON SA,11.476.673.0001-39,ATIVA,False,False,False,False,False,,Fora de CT&I,2026,indiretas_automaticas,143286
NORDESTE EPI COMERCIO DE EQUIPAMENTOS INDUSTRIAIS LTDA,**.*71.487/0001-**, BA,LAURO DE FREITAS,2919207,2026-08-28T00:00:00,500000,,-,TAXA FIXA,20.09,0,48,REEMBOLSÁVEL,INDIRETA,BNDES FINAME,MATERIAIS INDUSTRIALIZADOS,NÃO,AREA DE OPERACOES E CANAIS DIGITAIS,COMERCIO E SERVICOS,Comércio,G4642702,COM ATAC ROUPA ACESSORIO P/USO PROFISSIONAL SEGURANCA TRABALHO,COMERCIO/SERVICOS,COMÉRCIO E SERVIÇOS,MÉDIA,PRIVADA,ITAU UNIBANCO S.A.,60.701.190.0001-04,ATIVA,False,False,False,False,False,,Fora de CT&I,2026,indiretas_automaticas,500000
TRANSBRAZ LTDA,**.*56.707/0001-**, BA,PAULO AFONSO,2924009,2026-08-28T00:00:00,770348,,-,TAXA FIXA,18.93,6,54,REEMBOLSÁVEL,INDIRETA,BNDES FINAME,BK AQUISIÇÃO E COMERCIALIZAÇÃO – ÔNIBUS E CAMINHÃO,NÃO,AREA DE OPERACOES E CANAIS DIGITAIS,COMERCIO E SERVICOS,Transporte terrestre,H4929902,TRANSP ROD COL PASS SB REG FRETE INTER-MUN-EST-NACIONAL,INFRA-ESTRUTURA,TRANSPORTE RODOVIÁRIO,MÉDIA,PRIVADA,BANCO MONEO S.A.,07.441.209.0001-30,ATIVA,False,False,False,False,False,,Fora de CT&I,2026,indiretas_automaticas,770348
PK INDUSTRIA E COMERCIO DE ALIMENTOS LTDA,**.*21.575/0001-**, BA,SALVADOR,2927408,2026-08-28T00:00:00,420000,,-,TAXA FIXA,18.93,0,60,REEMBOLSÁVEL,INDIRETA,BNDES FINAME,BK AQUISIÇÃO E COMERCIALIZAÇÃO – ÔNIBUS E CAMINHÃO,NÃO,AREA DE OPERACOES E CANAIS DIGITAIS,INDUSTRIA DE TRANSFORMAÇÃO,Produtos Alimentícios,C1094500,FABRICACAO DE MASSAS ALIMENTICIAS,INDUSTRIA,ALIMENTO E BEBIDA,PEQUENA,PRIVADA,ITAU UNIBANCO S.A.,60.701.190.0001-04,ATIVA,False,False,False,False,False,,Fora de CT&I,2026,indiretas_automaticas,420000
MARY STURT ARAUJO MATOS SOUZA LTDA,**.*76.659/0001-**, BA,SALVADOR,2927408,2026-08-28T00:00:00,5000,,-,TAXA FIXA,19.52,0,24,REEMBOLSÁVEL,INDIRETA,BNDES AUTOMÁTICO,BNDES PROCAPCRED,NÃO,AREA DE OPERACOES E CANAIS DIGITAIS,COMERCIO E SERVICOS,Ativ financeira e seguro,K6424703,COOPERATIVAS DE CREDITO MUTUO,COMERCIO/SERVICOS,COMÉRCIO E SERVIÇOS,MICRO,PRIVADA,BANCO COOPERATIVO SICOOB S.A.,02.038.232.0001-64,ATIVA,False,False,False,False,False,,Fora de CT&I,2026,indiretas_automaticas,5000
AVIGRO AVICOLA AGROINDUSTRIAL LTDA,**.*27.441/0001-**, BA,CONCEICAO DA FEIRA,2908200,2026-08-28T00:00:00,480867,,-,TAXA FIXA,20.43,6,54,REEMBOLSÁVEL,INDIRETA,BNDES FINAME,BK AQUISIÇÃO E COMERCIALIZAÇÃO - DEMAIS,NÃO,AREA DE OPERACOES E CANAIS DIGITAIS,INDUSTRIA DE TRANSFORMAÇÃO,Produtos Alimentícios,C1012101,ABATE DE AVES,INDUSTRIA,ALIMENTO E BEBIDA,GRANDE,PRIVADA,BANCO BRADESCO S.A.,60.746.948.0001-12,ATIVA,False,False,False,False,False,,Fora de CT&I,2026,indiretas_automaticas,480867
JQUADROS TRANSPORTES UNIPESSOAL LTDA,**.*31.956/0001-**, BA,SALVADOR,2927408,2026-08-31T00:00:00,123685,,-,TAXA FIXA,20.68,0,36,REEMBOLSÁVEL,INDIRETA,BNDES FINAME,BK AQUISIÇÃO E COMERCIALIZAÇÃO – ÔNIBUS E CAMINHÃO,NÃO,AREA DE OPERACOES E CANAIS DIGITAIS,COMERCIO E SERVICOS,Transporte terrestre,H4930202,TRANSP ROD CARGA EXC PROD PERIG MUDANCA INTER-MUN-EST-NACIONAL,INFRA-ESTRUTURA,TRANSPORTE RODOVIÁRIO,PEQUENA,PRIVADA,BANCO RANDON SA,11.476.673.0001-39,ATIVA,False,False,False,False,False,,Fora de CT&I,2026,indiretas_automaticas,123685
RGA LOCACAO E TRANSPORTE DE AGUA LTDA,**.*62.726/0001-**, BA,SIMOES FILHO,2930709,2026-08-31T00:00:00,489449,,-,TAXA FIXA,20.68,3,57,REEMBOLSÁVEL,INDIRETA,BNDES FINAME,BK AQUISIÇÃO E COMERCIALIZAÇÃO – ÔNIBUS E CAMINHÃO,NÃO,AREA DE OPERACOES E CANAIS DIGITAIS,COMERCIO E SERVICOS,"Água, esgoto e lixo",E3600602,DISTRIBUICAO DE AGUA POR CAMINHOES,INFRA-ESTRUTURA,SERV. UTILIDADE PÚBLICA,MÉDIA,PRIVADA,BANCO BRADESCO S.A.,60.746.948.0001-12,ATIVA,False,False,False,False,False,,Fora de CT&I,2026,indiretas_automaticas,489449
AGRO INDUSTRIAS DO VALE DO SAO FRANCISCO SA AGROVALE,**.*42.699/0001-**, BA,JUAZEIRO,2918407,2026-08-31T00:00:00,39274242,,-,TAXA FIXA,10.15,36,60,REEMBOLSÁVEL,INDIRETA,BNDES AUTOMÁTICO,PROGRAMA FUNDO CLIMA,NÃO,AREA DE OPERACOES E CANAIS DIGITAIS,AGROPECUÁRIA E PESCA,Agropecuária,A0113000,CULTIVO DE CANA-DE-ACUCAR,AGROPECUÁRIA,AGROPECUÁRIA,GRANDE,PRIVADA,BANCO BRADESCO S.A.,60.746.948.0001-12,ATIVA,False,False,False,False,False,,Fora de CT&I,2026,indiretas_automaticas,39274242
