codigo_ibge,area_km2,centroide_lon,centroide_lat,municipio,uf,fonte,url_fonte,data_coleta
2900108,538.677,-41.7429,-13.2966,Abaíra,BA,IBGE Malhas v3,https://servicodados.ibge.gov.br/api/v3/malhas/estados/29/metadados?intrarregiao=municipio,2026-10-05
2900207,1604.923,-39.3177,-8.8335,Abaré,BA,IBGE Malhas v3,https://servicodados.ibge.gov.br/api/v3/malhas/estados/29/metadados?intrarregiao=municipio,2026-10-05
2900306,181.475,-38.0005,-11.6632,Acajutiba,BA,IBGE Malhas v3,https://servicodados.ibge.gov.br/api/v3/malhas/estados/29/metadados?intrarregiao=municipio,2026-10-05
2900355,629.099,-38.0376,-10.5623,Adustina,BA,IBGE Malhas v3,https://servicodados.ibge.gov.br/api/v3/malhas/estados/29/metadados?intrarregiao=municipio,2026-10-05
2900405,742.775,-38.7105,-11.8232,Água Fria,BA,IBGE Malhas v3,https://servicodados.ibge.gov.br/api/v3/malhas/estados/29/metadados?intrarregiao=municipio,2026-10-05
2900504,735.249,-42.0673,-13.4002,Érico Cardoso,BA,IBGE Malhas v3,https://servicodados.ibge.gov.br/api/v3/malhas/estados/29/metadados?intrarregiao=municipio,2026-10-05
2900603,167.877,-39.8809,-14.0918,Aiquara,BA,IBGE Malhas v3,https://servicodados.ibge.gov.br/api/v3/malhas/estados/29/metadados?intrarregiao=municipio,2026-10-05
2900702,707.835,-38.4022,-12.1131,Alagoinhas,BA,IBGE Malhas v3,https://servicodados.ibge.gov.br/api/v3/malhas/estados/29/metadados?intrarregiao=municipio,2026-10-05
2900801,1477.929,-39.4096,-17.4692,Alcobaça,BA,IBGE Malhas v3,https://servicodados.ibge.gov.br/api/v3/malhas/estados/29/metadados?intrarregiao=municipio,2026-10-05
2900900,245.236,-39.6641,-14.7013,Almadina,BA,IBGE Malhas v3,https://servicodados.ibge.gov.br/api/v3/malhas/estados/29/metadados?intrarregiao=municipio,2026-10-05
2901007,431.655,-39.6263,-13.0409,Amargosa,BA,IBGE Malhas v3,https://servicodados.ibge.gov.br/api/v3/malhas/estados/29/metadados?intrarregiao=municipio,2026-10-05
2901106,166.872,-38.7205,-12.4212,Amélia Rodrigues,BA,IBGE Malhas v3,https://servicodados.ibge.gov.br/api/v3/malhas/estados/29/metadados?intrarregiao=municipio,2026-10-05
2901155,822.373,-41.5229,-11.4062,América Dourada,BA,IBGE Malhas v3,https://servicodados.ibge.gov.br/api/v3/malhas/estados/29/metadados?intrarregiao=municipio,2026-10-05
2901205,1899.683,-40.9277,-14.5899,Anagé,BA,IBGE Malhas v3,https://servicodados.ibge.gov.br/api/v3/malhas/estados/29/metadados?intrarregiao=municipio,2026-10-05
2901304,1590.316,-41.2151,-12.7336,Andaraí,BA,IBGE Malhas v3,https://servicodados.ibge.gov.br/api/v3/malhas/estados/29/metadados?intrarregiao=municipio,2026-10-05
2901353,1362.386,-39.8719,-10.2808,Andorinha,BA,IBGE Malhas v3,https://servicodados.ibge.gov.br/api/v3/malhas/estados/29/metadados?intrarregiao=municipio,2026-10-05
2901403,1530.05,-44.6477,-11.9966,Angical,BA,IBGE Malhas v3,https://servicodados.ibge.gov.br/api/v3/malhas/estados/29/metadados?intrarregiao=municipio,2026-10-05
2901502,187.84,-39.1928,-12.183,Anguera,BA,IBGE Malhas v3,https://servicodados.ibge.gov.br/api/v3/malhas/estados/29/metadados?intrarregiao=municipio,2026-10-05
2901601,319.745,-38.2941,-10.4071,Antas,BA,IBGE Malhas v3,https://servicodados.ibge.gov.br/api/v3/malhas/estados/29/metadados?intrarregiao=municipio,2026-10-05
2901700,293.53,-39.1471,-12.3798,Antônio Cardoso,BA,IBGE Malhas v3,https://servicodados.ibge.gov.br/api/v3/malhas/estados/29/metadados?intrarregiao=municipio,2026-10-05
2901809,345.284,-40.3624,-10.6015,Antônio Gonçalves,BA,IBGE Malhas v3,https://servicodados.ibge.gov.br/api/v3/malhas/estados/29/metadados?intrarregiao=municipio,2026-10-05
2901908,479.262,-38.1938,-11.7316,Aporá,BA,IBGE Malhas v3,https://servicodados.ibge.gov.br/api/v3/malhas/estados/29/metadados?intrarregiao=municipio,2026-10-05
2901957,150.83,-39.7516,-13.82,Apuarema,BA,IBGE Malhas v3,https://servicodados.ibge.gov.br/api/v3/malhas/estados/29/metadados?intrarregiao=municipio,2026-10-05
2902005,1489.803,-41.3745,-14.3712,Aracatu,BA,IBGE Malhas v3,https://servicodados.ibge.gov.br/api/v3/malhas/estados/29/metadados?intrarregiao=municipio,2026-10-05
2902054,474.577,-38.2125,-12.1729,Araçás,BA,IBGE Malhas v3,https://servicodados.ibge.gov.br/api/v3/malhas/estados/29/metadados?intrarregiao=municipio,2026-10-05
2902104,1496.245,-39.0645,-11.2125,Araci,BA,IBGE Malhas v3,https://servicodados.ibge.gov.br/api/v3/malhas/estados/29/metadados?intrarregiao=municipio,2026-10-05
2902203,368.947,-38.525,-12.0507,Aramari,BA,IBGE Malhas v3,https://servicodados.ibge.gov.br/api/v3/malhas/estados/29/metadados?intrarregiao=municipio,2026-10-05
2902252,435.962,-39.4122,-15.2433,Arataca,BA,IBGE Malhas v3,https://servicodados.ibge.gov.br/api/v3/malhas/estados/29/metadados?intrarregiao=municipio,2026-10-05
2902302,174.012,-39.0694,-13.0846,Aratuípe,BA,IBGE Malhas v3,https://servicodados.ibge.gov.br/api/v3/malhas/estados/29/metadados?intrarregiao=municipio,2026-10-05
2902401,445.394,-39.4783,-14.3621,Aurelino Leal,BA,IBGE Malhas v3,https://servicodados.ibge.gov.br/api/v3/malhas/estados/29/metadados?intrarregiao=municipio,2026-10-05
2902500,3320.723,-44.4402,-12.6571,Baianópolis,BA,IBGE Malhas v3,https://servicodados.ibge.gov.br/api/v3/malhas/estados/29/metadados?intrarregiao=municipio,2026-10-05
2902609,967.514,-40.1528,-11.9648,Baixa Grande,BA,IBGE Malhas v3,https://servicodados.ibge.gov.br/api/v3/malhas/estados/29/metadados?intrarregiao=municipio,2026-10-05
2902658,409.507,-38.6543,-10.6165,Banzaê,BA,IBGE Malhas v3,https://servicodados.ibge.gov.br/api/v3/malhas/estados/29/metadados?intrarregiao=municipio,2026-10-05
2902708,11428.112,-43.3661,-11.0306,Barra,BA,IBGE Malhas v3,https://servicodados.ibge.gov.br/api/v3/malhas/estados/29/metadados?intrarregiao=municipio,2026-10-05
2902807,1657.413,-41.0981,-13.6505,Barra da Estiva,BA,IBGE Malhas v3,https://servicodados.ibge.gov.br/api/v3/malhas/estados/29/metadados?intrarregiao=municipio,2026-10-05
2902906,765.936,-40.5813,-14.9131,Barra do Choça,BA,IBGE Malhas v3,https://servicodados.ibge.gov.br/api/v3/malhas/estados/29/metadados?intrarregiao=municipio,2026-10-05
2903003,1436.298,-42.1095,-11.95,Barra do Mendes,BA,IBGE Malhas v3,https://servicodados.ibge.gov.br/api/v3/malhas/estados/29/metadados?intrarregiao=municipio,2026-10-05
2903102,214.411,-39.5879,-14.1025,Barra do Rocha,BA,IBGE Malhas v3,https://servicodados.ibge.gov.br/api/v3/malhas/estados/29/metadados?intrarregiao=municipio,2026-10-05
2903201,8051.274,-45.5424,-12.013,Barreiras,BA,IBGE Malhas v3,https://servicodados.ibge.gov.br/api/v3/malhas/estados/29/metadados?intrarregiao=municipio,2026-10-05
2903235,414.51,-41.8368,-11.848,Barro Alto,BA,IBGE Malhas v3,https://servicodados.ibge.gov.br/api/v3/malhas/estados/29/metadados?intrarregiao=municipio,2026-10-05
2903276,207.297,-39.0949,-11.538,Barrocas,BA,IBGE Malhas v3,https://servicodados.ibge.gov.br/api/v3/malhas/estados/29/metadados?intrarregiao=municipio,2026-10-05
2903300,201.585,-39.4447,-14.7759,Barro Preto,BA,IBGE Malhas v3,https://servicodados.ibge.gov.br/api/v3/malhas/estados/29/metadados?intrarregiao=municipio,2026-10-05
2903409,1939.447,-39.1773,-15.9354,Belmonte,BA,IBGE Malhas v3,https://servicodados.ibge.gov.br/api/v3/malhas/estados/29/metadados?intrarregiao=municipio,2026-10-05
2903508,772.756,-41.2038,-14.9985,Belo Campo,BA,IBGE Malhas v3,https://servicodados.ibge.gov.br/api/v3/malhas/estados/29/metadados?intrarregiao=municipio,2026-10-05
2903607,553.762,-38.7926,-11.5853,Biritinga,BA,IBGE Malhas v3,https://servicodados.ibge.gov.br/api/v3/malhas/estados/29/metadados?intrarregiao=municipio,2026-10-05
2903706,848.857,-40.23,-14.3602,Boa Nova,BA,IBGE Malhas v3,https://servicodados.ibge.gov.br/api/v3/malhas/estados/29/metadados?intrarregiao=municipio,2026-10-05
2903805,2972.109,-40.6702,-12.7702,Boa Vista do Tupim,BA,IBGE Malhas v3,https://servicodados.ibge.gov.br/api/v3/malhas/estados/29/metadados?intrarregiao=municipio,2026-10-05
2903904,4115.51,-43.2934,-13.2771,Bom Jesus da Lapa,BA,IBGE Malhas v3,https://servicodados.ibge.gov.br/api/v3/malhas/estados/29/metadados?intrarregiao=municipio,2026-10-05
2903953,467.909,-40.5773,-14.3899,Bom Jesus da Serra,BA,IBGE Malhas v3,https://servicodados.ibge.gov.br/api/v3/malhas/estados/29/metadados?intrarregiao=municipio,2026-10-05
2904001,896.857,-41.8025,-12.7767,Boninal,BA,IBGE Malhas v3,https://servicodados.ibge.gov.br/api/v3/malhas/estados/29/metadados?intrarregiao=municipio,2026-10-05
2904050,791.276,-41.3204,-11.9693,Bonito,BA,IBGE Malhas v3,https://servicodados.ibge.gov.br/api/v3/malhas/estados/29/metadados?intrarregiao=municipio,2026-10-05
2904100,1426.233,-42.7223,-12.7411,Boquira,BA,IBGE Malhas v3,https://servicodados.ibge.gov.br/api/v3/malhas/estados/29/metadados?intrarregiao=municipio,2026-10-05
2904209,627.612,-42.5347,-13.3262,Botuporã,BA,IBGE Malhas v3,https://servicodados.ibge.gov.br/api/v3/malhas/estados/29/metadados?intrarregiao=municipio,2026-10-05
2904308,518.566,-39.8508,-13.0754,Brejões,BA,IBGE Malhas v3,https://servicodados.ibge.gov.br/api/v3/malhas/estados/29/metadados?intrarregiao=municipio,2026-10-05
2904407,2247.208,-43.8248,-12.4994,Brejolândia,BA,IBGE Malhas v3,https://servicodados.ibge.gov.br/api/v3/malhas/estados/29/metadados?intrarregiao=municipio,2026-10-05
2904506,2520.817,-42.447,-12.0893,Brotas de Macaúbas,BA,IBGE Malhas v3,https://servicodados.ibge.gov.br/api/v3/malhas/estados/29/metadados?intrarregiao=municipio,2026-10-05
2904605,2207.612,-41.6891,-14.1679,Brumado,BA,IBGE Malhas v3,https://servicodados.ibge.gov.br/api/v3/malhas/estados/29/metadados?intrarregiao=municipio,2026-10-05
2904704,219.487,-39.2696,-14.9964,Buerarema,BA,IBGE Malhas v3,https://servicodados.ibge.gov.br/api/v3/malhas/estados/29/metadados?intrarregiao=municipio,2026-10-05
2904753,4046.736,-43.6676,-10.5881,Buritirama,BA,IBGE Malhas v3,https://servicodados.ibge.gov.br/api/v3/malhas/estados/29/metadados?intrarregiao=municipio,2026-10-05
2904803,512.436,-40.3641,-14.9958,Caatiba,BA,IBGE Malhas v3,https://servicodados.ibge.gov.br/api/v3/malhas/estados/29/metadados?intrarregiao=municipio,2026-10-05
2904852,222.026,-39.1925,-12.5643,Cabaceiras do Paraguaçu,BA,IBGE Malhas v3,https://servicodados.ibge.gov.br/api/v3/malhas/estados/29/metadados?intrarregiao=municipio,2026-10-05
2904902,394.894,-38.8849,-12.6467,Cachoeira,BA,IBGE Malhas v3,https://servicodados.ibge.gov.br/api/v3/malhas/estados/29/metadados?intrarregiao=municipio,2026-10-05
2905008,610.983,-42.285,-14.4829,Caculé,BA,IBGE Malhas v3,https://servicodados.ibge.gov.br/api/v3/malhas/estados/29/metadados?intrarregiao=municipio,2026-10-05
2905107,540.908,-40.2911,-11.1431,Caém,BA,IBGE Malhas v3,https://servicodados.ibge.gov.br/api/v3/malhas/estados/29/metadados?intrarregiao=municipio,2026-10-05
2905156,767.146,-40.9267,-14.3137,Caetanos,BA,IBGE Malhas v3,https://servicodados.ibge.gov.br/api/v3/malhas/estados/29/metadados?intrarregiao=municipio,2026-10-05
2905206,2651.536,-42.4766,-13.948,Caetité,BA,IBGE Malhas v3,https://servicodados.ibge.gov.br/api/v3/malhas/estados/29/metadados?intrarregiao=municipio,2026-10-05
2905305,643.66,-41.5014,-11.7338,Cafarnaum,BA,IBGE Malhas v3,https://servicodados.ibge.gov.br/api/v3/malhas/estados/29/metadados?intrarregiao=municipio,2026-10-05
2905404,448.846,-38.9834,-13.5069,Cairu,BA,IBGE Malhas v3,https://servicodados.ibge.gov.br/api/v3/malhas/estados/29/metadados?intrarregiao=municipio,2026-10-05
2905503,458.311,-40.2218,-11.0399,Caldeirão Grande,BA,IBGE Malhas v3,https://servicodados.ibge.gov.br/api/v3/malhas/estados/29/metadados?intrarregiao=municipio,2026-10-05
2905602,584.848,-39.5187,-15.4444,Camacan,BA,IBGE Malhas v3,https://servicodados.ibge.gov.br/api/v3/malhas/estados/29/metadados?intrarregiao=municipio,2026-10-05
2905701,785.421,-38.2063,-12.666,Camaçari,BA,IBGE Malhas v3,https://servicodados.ibge.gov.br/api/v3/malhas/estados/29/metadados?intrarregiao=municipio,2026-10-05
2905800,839.702,-39.1642,-14.0126,Camamu,BA,IBGE Malhas v3,https://servicodados.ibge.gov.br/api/v3/malhas/estados/29/metadados?intrarregiao=municipio,2026-10-05
2905909,2914.587,-43.1589,-9.5616,Campo Alegre de Lourdes,BA,IBGE Malhas v3,https://servicodados.ibge.gov.br/api/v3/malhas/estados/29/metadados?intrarregiao=municipio,2026-10-05
2906006,7161.827,-40.7289,-10.2511,Campo Formoso,BA,IBGE Malhas v3,https://servicodados.ibge.gov.br/api/v3/malhas/estados/29/metadados?intrarregiao=municipio,2026-10-05
2906105,460.388,-44.2036,-13.0966,Canápolis,BA,IBGE Malhas v3,https://servicodados.ibge.gov.br/api/v3/malhas/estados/29/metadados?intrarregiao=municipio,2026-10-05
2906204,579.726,-41.6996,-11.7529,Canarana,BA,IBGE Malhas v3,https://servicodados.ibge.gov.br/api/v3/malhas/estados/29/metadados?intrarregiao=municipio,2026-10-05
2906303,1334.284,-39.1088,-15.6515,Canavieiras,BA,IBGE Malhas v3,https://servicodados.ibge.gov.br/api/v3/malhas/estados/29/metadados?intrarregiao=municipio,2026-10-05
2906402,447.578,-39.1908,-11.8711,Candeal,BA,IBGE Malhas v3,https://servicodados.ibge.gov.br/api/v3/malhas/estados/29/metadados?intrarregiao=municipio,2026-10-05
2906501,251.808,-38.4812,-12.6785,Candeias,BA,IBGE Malhas v3,https://servicodados.ibge.gov.br/api/v3/malhas/estados/29/metadados?intrarregiao=municipio,2026-10-05
2906600,433.642,-42.8317,-14.4042,Candiba,BA,IBGE Malhas v3,https://servicodados.ibge.gov.br/api/v3/malhas/estados/29/metadados?intrarregiao=municipio,2026-10-05
2906709,1169.814,-41.2695,-15.3551,Cândido Sales,BA,IBGE Malhas v3,https://servicodados.ibge.gov.br/api/v3/malhas/estados/29/metadados?intrarregiao=municipio,2026-10-05
2906808,1351.891,-39.4727,-10.7269,Cansanção,BA,IBGE Malhas v3,https://servicodados.ibge.gov.br/api/v3/malhas/estados/29/metadados?intrarregiao=municipio,2026-10-05
2906824,3565.377,-38.9945,-10.0059,Canudos,BA,IBGE Malhas v3,https://servicodados.ibge.gov.br/api/v3/malhas/estados/29/metadados?intrarregiao=municipio,2026-10-05
2906857,629.586,-39.825,-11.6723,Capela do Alto Alegre,BA,IBGE Malhas v3,https://servicodados.ibge.gov.br/api/v3/malhas/estados/29/metadados?intrarregiao=municipio,2026-10-05
2906873,464.776,-39.9959,-11.3063,Capim Grosso,BA,IBGE Malhas v3,https://servicodados.ibge.gov.br/api/v3/malhas/estados/29/metadados?intrarregiao=municipio,2026-10-05
2906899,805.629,-41.2837,-14.6256,Caraíbas,BA,IBGE Malhas v3,https://servicodados.ibge.gov.br/api/v3/malhas/estados/29/metadados?intrarregiao=municipio,2026-10-05
2906907,2377.889,-39.6893,-17.6574,Caravelas,BA,IBGE Malhas v3,https://servicodados.ibge.gov.br/api/v3/malhas/estados/29/metadados?intrarregiao=municipio,2026-10-05
2907004,293.456,-37.9384,-12.043,Cardeal da Silva,BA,IBGE Malhas v3,https://servicodados.ibge.gov.br/api/v3/malhas/estados/29/metadados?intrarregiao=municipio,2026-10-05
2907103,2525.906,-43.849,-14.0205,Carinhanha,BA,IBGE Malhas v3,https://servicodados.ibge.gov.br/api/v3/malhas/estados/29/metadados?intrarregiao=municipio,2026-10-05
2907202,9647.072,-41.3365,-9.2403,Casa Nova,BA,IBGE Malhas v3,https://servicodados.ibge.gov.br/api/v3/malhas/estados/29/metadados?intrarregiao=municipio,2026-10-05
2907301,713.789,-39.364,-12.7316,Castro Alves,BA,IBGE Malhas v3,https://servicodados.ibge.gov.br/api/v3/malhas/estados/29/metadados?intrarregiao=municipio,2026-10-05
2907400,702.504,-44.6971,-12.2734,Catolândia,BA,IBGE Malhas v3,https://servicodados.ibge.gov.br/api/v3/malhas/estados/29/metadados?intrarregiao=municipio,2026-10-05
2907509,426.955,-38.4129,-12.3306,Catu,BA,IBGE Malhas v3,https://servicodados.ibge.gov.br/api/v3/malhas/estados/29/metadados?intrarregiao=municipio,2026-10-05
2907558,716.261,-42.3194,-13.2335,Caturama,BA,IBGE Malhas v3,https://servicodados.ibge.gov.br/api/v3/malhas/estados/29/metadados?intrarregiao=municipio,2026-10-05
2907608,566.974,-42.1124,-11.1513,Central,BA,IBGE Malhas v3,https://servicodados.ibge.gov.br/api/v3/malhas/estados/29/metadados?intrarregiao=municipio,2026-10-05
2907707,3005.319,-39.1891,-9.2717,Chorrochó,BA,IBGE Malhas v3,https://servicodados.ibge.gov.br/api/v3/malhas/estados/29/metadados?intrarregiao=municipio,2026-10-05
2907806,819.969,-38.4542,-10.5069,Cícero Dantas,BA,IBGE Malhas v3,https://servicodados.ibge.gov.br/api/v3/malhas/estados/29/metadados?intrarregiao=municipio,2026-10-05
2907905,168.33,-38.5231,-11.1078,Cipó,BA,IBGE Malhas v3,https://servicodados.ibge.gov.br/api/v3/malhas/estados/29/metadados?intrarregiao=municipio,2026-10-05
2908002,274.5,-39.5932,-14.6318,Coaraci,BA,IBGE Malhas v3,https://servicodados.ibge.gov.br/api/v3/malhas/estados/29/metadados?intrarregiao=municipio,2026-10-05
2908101,10140.572,-45.2199,-14.4969,Cocos,BA,IBGE Malhas v3,https://servicodados.ibge.gov.br/api/v3/malhas/estados/29/metadados?intrarregiao=municipio,2026-10-05
2908200,164.798,-38.9998,-12.5049,Conceição da Feira,BA,IBGE Malhas v3,https://servicodados.ibge.gov.br/api/v3/malhas/estados/29/metadados?intrarregiao=municipio,2026-10-05
2908309,284.836,-39.2456,-12.8599,Conceição do Almeida,BA,IBGE Malhas v3,https://servicodados.ibge.gov.br/api/v3/malhas/estados/29/metadados?intrarregiao=municipio,2026-10-05
2908408,1015.252,-39.2498,-11.5241,Conceição do Coité,BA,IBGE Malhas v3,https://servicodados.ibge.gov.br/api/v3/malhas/estados/29/metadados?intrarregiao=municipio,2026-10-05
2908507,114.869,-38.7422,-12.3372,Conceição do Jacuípe,BA,IBGE Malhas v3,https://servicodados.ibge.gov.br/api/v3/malhas/estados/29/metadados?intrarregiao=municipio,2026-10-05
2908606,931.106,-37.6776,-11.8277,Conde,BA,IBGE Malhas v3,https://servicodados.ibge.gov.br/api/v3/malhas/estados/29/metadados?intrarregiao=municipio,2026-10-05
2908705,1348.039,-42.0511,-14.9215,Condeúba,BA,IBGE Malhas v3,https://servicodados.ibge.gov.br/api/v3/malhas/estados/29/metadados?intrarregiao=municipio,2026-10-05
2908804,977.455,-41.0937,-13.8383,Contendas do Sincorá,BA,IBGE Malhas v3,https://servicodados.ibge.gov.br/api/v3/malhas/estados/29/metadados?intrarregiao=municipio,2026-10-05
2908903,378.42,-38.7831,-12.2106,Coração de Maria,BA,IBGE Malhas v3,https://servicodados.ibge.gov.br/api/v3/malhas/estados/29/metadados?intrarregiao=municipio,2026-10-05
2909000,523.64,-41.9082,-15.041,Cordeiros,BA,IBGE Malhas v3,https://servicodados.ibge.gov.br/api/v3/malhas/estados/29/metadados?intrarregiao=municipio,2026-10-05
2909109,2662.819,-44.3763,-13.8143,Coribe,BA,IBGE Malhas v3,https://servicodados.ibge.gov.br/api/v3/malhas/estados/29/metadados?intrarregiao=municipio,2026-10-05
2909208,797.434,-37.9363,-10.2802,Coronel João Sá,BA,IBGE Malhas v3,https://servicodados.ibge.gov.br/api/v3/malhas/estados/29/metadados?intrarregiao=municipio,2026-10-05
2909307,11504.314,-45.3959,-13.4672,Correntina,BA,IBGE Malhas v3,https://servicodados.ibge.gov.br/api/v3/malhas/estados/29/metadados?intrarregiao=municipio,2026-10-05
2909406,4282.775,-44.328,-11.7111,Cotegipe,BA,IBGE Malhas v3,https://servicodados.ibge.gov.br/api/v3/malhas/estados/29/metadados?intrarregiao=municipio,2026-10-05
2909505,182.585,-39.7845,-13.424,Cravolândia,BA,IBGE Malhas v3,https://servicodados.ibge.gov.br/api/v3/malhas/estados/29/metadados?intrarregiao=municipio,2026-10-05
2909604,636.609,-38.1726,-11.5181,Crisópolis,BA,IBGE Malhas v3,https://servicodados.ibge.gov.br/api/v3/malhas/estados/29/metadados?intrarregiao=municipio,2026-10-05
2909703,1052.837,-44.2588,-12.194,Cristópolis,BA,IBGE Malhas v3,https://servicodados.ibge.gov.br/api/v3/malhas/estados/29/metadados?intrarregiao=municipio,2026-10-05
2909802,139.117,-39.1179,-12.683,Cruz das Almas,BA,IBGE Malhas v3,https://servicodados.ibge.gov.br/api/v3/malhas/estados/29/metadados?intrarregiao=municipio,2026-10-05
2909901,5950.614,-39.6515,-9.2225,Curaçá,BA,IBGE Malhas v3,https://servicodados.ibge.gov.br/api/v3/malhas/estados/29/metadados?intrarregiao=municipio,2026-10-05
2910008,413.637,-39.988,-14.405,Dário Meira,BA,IBGE Malhas v3,https://servicodados.ibge.gov.br/api/v3/malhas/estados/29/metadados?intrarregiao=municipio,2026-10-05
2910057,183.759,-38.2824,-12.6013,Dias d'Ávila,BA,IBGE Malhas v3,https://servicodados.ibge.gov.br/api/v3/malhas/estados/29/metadados?intrarregiao=municipio,2026-10-05
2910107,689.516,-41.7122,-13.8563,Dom Basílio,BA,IBGE Malhas v3,https://servicodados.ibge.gov.br/api/v3/malhas/estados/29/metadados?intrarregiao=municipio,2026-10-05
2910206,94.778,-39.174,-12.9124,Dom Macedo Costa,BA,IBGE Malhas v3,https://servicodados.ibge.gov.br/api/v3/malhas/estados/29/metadados?intrarregiao=municipio,2026-10-05
2910305,179.329,-39.5263,-12.9349,Elísio Medrado,BA,IBGE Malhas v3,https://servicodados.ibge.gov.br/api/v3/malhas/estados/29/metadados?intrarregiao=municipio,2026-10-05
2910404,1890.133,-40.9999,-15.5949,Encruzilhada,BA,IBGE Malhas v3,https://servicodados.ibge.gov.br/api/v3/malhas/estados/29/metadados?intrarregiao=municipio,2026-10-05
2910503,1187.766,-38.0483,-12.0636,Entre Rios,BA,IBGE Malhas v3,https://servicodados.ibge.gov.br/api/v3/malhas/estados/29/metadados?intrarregiao=municipio,2026-10-05
2910602,1299.355,-37.8853,-11.9312,Esplanada,BA,IBGE Malhas v3,https://servicodados.ibge.gov.br/api/v3/malhas/estados/29/metadados?intrarregiao=municipio,2026-10-05
2910701,2025.368,-38.9151,-10.4642,Euclides da Cunha,BA,IBGE Malhas v3,https://servicodados.ibge.gov.br/api/v3/malhas/estados/29/metadados?intrarregiao=municipio,2026-10-05
2910727,1425.97,-39.6061,-16.2988,Eunápolis,BA,IBGE Malhas v3,https://servicodados.ibge.gov.br/api/v3/malhas/estados/29/metadados?intrarregiao=municipio,2026-10-05
2910750,364.419,-38.2021,-10.5952,Fátima,BA,IBGE Malhas v3,https://servicodados.ibge.gov.br/api/v3/malhas/estados/29/metadados?intrarregiao=municipio,2026-10-05
2910776,1176.111,-44.2322,-14.1317,Feira da Mata,BA,IBGE Malhas v3,https://servicodados.ibge.gov.br/api/v3/malhas/estados/29/metadados?intrarregiao=municipio,2026-10-05
2910800,1304.425,-39.034,-12.1931,Feira de Santana,BA,IBGE Malhas v3,https://servicodados.ibge.gov.br/api/v3/malhas/estados/29/metadados?intrarregiao=municipio,2026-10-05
2910859,579.686,-40.1369,-10.7232,Filadélfia,BA,IBGE Malhas v3,https://servicodados.ibge.gov.br/api/v3/malhas/estados/29/metadados?intrarregiao=municipio,2026-10-05
2910909,172.353,-39.9113,-14.9308,Firmino Alves,BA,IBGE Malhas v3,https://servicodados.ibge.gov.br/api/v3/malhas/estados/29/metadados?intrarregiao=municipio,2026-10-05
2911006,321.013,-39.7175,-14.8419,Floresta Azul,BA,IBGE Malhas v3,https://servicodados.ibge.gov.br/api/v3/malhas/estados/29/metadados?intrarregiao=municipio,2026-10-05
2911105,15634.328,-45.7453,-11.0142,Formosa do Rio Preto,BA,IBGE Malhas v3,https://servicodados.ibge.gov.br/api/v3/malhas/estados/29/metadados?intrarregiao=municipio,2026-10-05
2911204,229.661,-39.4827,-13.7887,Gandu,BA,IBGE Malhas v3,https://servicodados.ibge.gov.br/api/v3/malhas/estados/29/metadados?intrarregiao=municipio,2026-10-05
2911253,384.592,-39.7573,-11.5089,Gavião,BA,IBGE Malhas v3,https://servicodados.ibge.gov.br/api/v3/malhas/estados/29/metadados?intrarregiao=municipio,2026-10-05
2911303,3817.946,-42.6052,-11.4102,Gentio do Ouro,BA,IBGE Malhas v3,https://servicodados.ibge.gov.br/api/v3/malhas/estados/29/metadados?intrarregiao=municipio,2026-10-05
2911402,1566.609,-38.4448,-9.2294,Glória,BA,IBGE Malhas v3,https://servicodados.ibge.gov.br/api/v3/malhas/estados/29/metadados?intrarregiao=municipio,2026-10-05
2911501,202.194,-39.5819,-14.2806,Gongogi,BA,IBGE Malhas v3,https://servicodados.ibge.gov.br/api/v3/malhas/estados/29/metadados?intrarregiao=municipio,2026-10-05
2911600,106.848,-39.0724,-12.5834,Governador Mangabeira,BA,IBGE Malhas v3,https://servicodados.ibge.gov.br/api/v3/malhas/estados/29/metadados?intrarregiao=municipio,2026-10-05
2911659,872.867,-41.9864,-14.559,Guajeru,BA,IBGE Malhas v3,https://servicodados.ibge.gov.br/api/v3/malhas/estados/29/metadados?intrarregiao=municipio,2026-10-05
2911709,1272.366,-42.82,-14.204,Guanambi,BA,IBGE Malhas v3,https://servicodados.ibge.gov.br/api/v3/malhas/estados/29/metadados?intrarregiao=municipio,2026-10-05
2911808,2189.404,-39.9377,-16.5532,Guaratinga,BA,IBGE Malhas v3,https://servicodados.ibge.gov.br/api/v3/malhas/estados/29/metadados?intrarregiao=municipio,2026-10-05
2911857,313.438,-38.3088,-10.7499,Heliópolis,BA,IBGE Malhas v3,https://servicodados.ibge.gov.br/api/v3/malhas/estados/29/metadados?intrarregiao=municipio,2026-10-05
2911907,2342.497,-40.1131,-12.8135,Iaçu,BA,IBGE Malhas v3,https://servicodados.ibge.gov.br/api/v3/malhas/estados/29/metadados?intrarregiao=municipio,2026-10-05
2912004,483.274,-42.3054,-14.2915,Ibiassucê,BA,IBGE Malhas v3,https://servicodados.ibge.gov.br/api/v3/malhas/estados/29/metadados?intrarregiao=municipio,2026-10-05
2912103,230.953,-39.5685,-14.8488,Ibicaraí,BA,IBGE Malhas v3,https://servicodados.ibge.gov.br/api/v3/malhas/estados/29/metadados?intrarregiao=municipio,2026-10-05
2912202,817.355,-41.3279,-13.381,Ibicoara,BA,IBGE Malhas v3,https://servicodados.ibge.gov.br/api/v3/malhas/estados/29/metadados?intrarregiao=municipio,2026-10-05
2912301,1139.378,-39.8638,-14.6419,Ibicuí,BA,IBGE Malhas v3,https://servicodados.ibge.gov.br/api/v3/malhas/estados/29/metadados?intrarregiao=municipio,2026-10-05
2912400,1382.008,-42.1818,-11.5707,Ibipeba,BA,IBGE Malhas v3,https://servicodados.ibge.gov.br/api/v3/malhas/estados/29/metadados?intrarregiao=municipio,2026-10-05
2912509,954.373,-42.3597,-12.8593,Ibipitanga,BA,IBGE Malhas v3,https://servicodados.ibge.gov.br/api/v3/malhas/estados/29/metadados?intrarregiao=municipio,2026-10-05
2912608,698.245,-40.8848,-12.6032,Ibiquera,BA,IBGE Malhas v3,https://servicodados.ibge.gov.br/api/v3/malhas/estados/29/metadados?intrarregiao=municipio,2026-10-05
2912707,472.664,-39.4357,-14.0607,Ibirapitanga,BA,IBGE Malhas v3,https://servicodados.ibge.gov.br/api/v3/malhas/estados/29/metadados?intrarregiao=municipio,2026-10-05
2912806,771.098,-40.0128,-17.743,Ibirapuã,BA,IBGE Malhas v3,https://servicodados.ibge.gov.br/api/v3/malhas/estados/29/metadados?intrarregiao=municipio,2026-10-05
2912905,318.129,-39.6262,-13.976,Ibirataia,BA,IBGE Malhas v3,https://servicodados.ibge.gov.br/api/v3/malhas/estados/29/metadados?intrarregiao=municipio,2026-10-05
2913002,1834.002,-42.2827,-12.5759,Ibitiara,BA,IBGE Malhas v3,https://servicodados.ibge.gov.br/api/v3/malhas/estados/29/metadados?intrarregiao=municipio,2026-10-05
2913101,573.033,-41.9151,-11.579,Ibititá,BA,IBGE Malhas v3,https://servicodados.ibge.gov.br/api/v3/malhas/estados/29/metadados?intrarregiao=municipio,2026-10-05
2913200,1740.113,-43.2048,-12.0386,Ibotirama,BA,IBGE Malhas v3,https://servicodados.ibge.gov.br/api/v3/malhas/estados/29/metadados?intrarregiao=municipio,2026-10-05
2913309,138.016,-39.1523,-11.7315,Ichu,BA,IBGE Malhas v3,https://servicodados.ibge.gov.br/api/v3/malhas/estados/29/metadados?intrarregiao=municipio,2026-10-05
2913408,836.586,-42.7041,-13.8631,Igaporã,BA,IBGE Malhas v3,https://servicodados.ibge.gov.br/api/v3/malhas/estados/29/metadados?intrarregiao=municipio,2026-10-05
2913457,591.312,-39.2055,-13.871,Igrapiúna,BA,IBGE Malhas v3,https://servicodados.ibge.gov.br/api/v3/malhas/estados/29/metadados?intrarregiao=municipio,2026-10-05
2913507,860.223,-40.0659,-14.6324,Iguaí,BA,IBGE Malhas v3,https://servicodados.ibge.gov.br/api/v3/malhas/estados/29/metadados?intrarregiao=municipio,2026-10-05
2913606,1588.555,-39.1918,-14.7527,Ilhéus,BA,IBGE Malhas v3,https://servicodados.ibge.gov.br/api/v3/malhas/estados/29/metadados?intrarregiao=municipio,2026-10-05
2913705,1082.283,-38.4038,-11.8051,Inhambupe,BA,IBGE Malhas v3,https://servicodados.ibge.gov.br/api/v3/malhas/estados/29/metadados?intrarregiao=municipio,2026-10-05
2913804,372.565,-39.327,-12.3074,Ipecaetá,BA,IBGE Malhas v3,https://servicodados.ibge.gov.br/api/v3/malhas/estados/29/metadados?intrarregiao=municipio,2026-10-05
2913903,280.454,-39.7265,-14.0549,Ipiaú,BA,IBGE Malhas v3,https://servicodados.ibge.gov.br/api/v3/malhas/estados/29/metadados?intrarregiao=municipio,2026-10-05
2914000,3105.281,-39.7771,-12.2112,Ipirá,BA,IBGE Malhas v3,https://servicodados.ibge.gov.br/api/v3/malhas/estados/29/metadados?intrarregiao=municipio,2026-10-05
2914109,1055.76,-42.5018,-11.8359,Ipupiara,BA,IBGE Malhas v3,https://servicodados.ibge.gov.br/api/v3/malhas/estados/29/metadados?intrarregiao=municipio,2026-10-05
2914208,459.047,-40.0523,-13.2307,Irajuba,BA,IBGE Malhas v3,https://servicodados.ibge.gov.br/api/v3/malhas/estados/29/metadados?intrarregiao=municipio,2026-10-05
2914307,1708.115,-40.9208,-13.4686,Iramaia,BA,IBGE Malhas v3,https://servicodados.ibge.gov.br/api/v3/malhas/estados/29/metadados?intrarregiao=municipio,2026-10-05
2914406,991.822,-41.5831,-12.2483,Iraquara,BA,IBGE Malhas v3,https://servicodados.ibge.gov.br/api/v3/malhas/estados/29/metadados?intrarregiao=municipio,2026-10-05
2914505,267.88,-38.7539,-12.0464,Irará,BA,IBGE Malhas v3,https://servicodados.ibge.gov.br/api/v3/malhas/estados/29/metadados?intrarregiao=municipio,2026-10-05
2914604,319.174,-41.839,-11.3094,Irecê,BA,IBGE Malhas v3,https://servicodados.ibge.gov.br/api/v3/malhas/estados/29/metadados?intrarregiao=municipio,2026-10-05
2914653,924.914,-39.5513,-16.6629,Itabela,BA,IBGE Malhas v3,https://servicodados.ibge.gov.br/api/v3/malhas/estados/29/metadados?intrarregiao=municipio,2026-10-05
2914703,2386.39,-40.2623,-12.4991,Itaberaba,BA,IBGE Malhas v3,https://servicodados.ibge.gov.br/api/v3/malhas/estados/29/metadados?intrarregiao=municipio,2026-10-05
2914802,401.028,-39.3128,-14.8516,Itabuna,BA,IBGE Malhas v3,https://servicodados.ibge.gov.br/api/v3/malhas/estados/29/metadados?intrarregiao=municipio,2026-10-05
2914901,726.265,-39.1578,-14.3621,Itacaré,BA,IBGE Malhas v3,https://servicodados.ibge.gov.br/api/v3/malhas/estados/29/metadados?intrarregiao=municipio,2026-10-05
2915007,1331.822,-41.0404,-13.0918,Itaeté,BA,IBGE Malhas v3,https://servicodados.ibge.gov.br/api/v3/malhas/estados/29/metadados?intrarregiao=municipio,2026-10-05
2915106,310.621,-40.0249,-14.1623,Itagi,BA,IBGE Malhas v3,https://servicodados.ibge.gov.br/api/v3/malhas/estados/29/metadados?intrarregiao=municipio,2026-10-05
2915205,810.993,-39.8305,-14.2526,Itagibá,BA,IBGE Malhas v3,https://servicodados.ibge.gov.br/api/v3/malhas/estados/29/metadados?intrarregiao=municipio,2026-10-05
2915304,876.8,-39.738,-16.0963,Itagimirim,BA,IBGE Malhas v3,https://servicodados.ibge.gov.br/api/v3/malhas/estados/29/metadados?intrarregiao=municipio,2026-10-05
2915353,4310.238,-42.239,-10.7697,Itaguaçu da Bahia,BA,IBGE Malhas v3,https://servicodados.ibge.gov.br/api/v3/malhas/estados/29/metadados?intrarregiao=municipio,2026-10-05
2915403,1225.287,-39.7317,-15.1483,Itaju do Colônia,BA,IBGE Malhas v3,https://servicodados.ibge.gov.br/api/v3/malhas/estados/29/metadados?intrarregiao=municipio,2026-10-05
2915502,270.752,-39.4449,-14.6715,Itajuípe,BA,IBGE Malhas v3,https://servicodados.ibge.gov.br/api/v3/malhas/estados/29/metadados?intrarregiao=municipio,2026-10-05
2915601,2360.584,-39.7648,-17.0088,Itamaraju,BA,IBGE Malhas v3,https://servicodados.ibge.gov.br/api/v3/malhas/estados/29/metadados?intrarregiao=municipio,2026-10-05
2915700,143.479,-39.6671,-13.7666,Itamari,BA,IBGE Malhas v3,https://servicodados.ibge.gov.br/api/v3/malhas/estados/29/metadados?intrarregiao=municipio,2026-10-05
2915809,1534.575,-40.4622,-15.1582,Itambé,BA,IBGE Malhas v3,https://servicodados.ibge.gov.br/api/v3/malhas/estados/29/metadados?intrarregiao=municipio,2026-10-05
2915908,533.634,-38.0426,-12.3153,Itanagra,BA,IBGE Malhas v3,https://servicodados.ibge.gov.br/api/v3/malhas/estados/29/metadados?intrarregiao=municipio,2026-10-05
2916005,1394.174,-40.3784,-17.1154,Itanhém,BA,IBGE Malhas v3,https://servicodados.ibge.gov.br/api/v3/malhas/estados/29/metadados?intrarregiao=municipio,2026-10-05
2916104,121.373,-38.655,-12.8922,Itaparica,BA,IBGE Malhas v3,https://servicodados.ibge.gov.br/api/v3/malhas/estados/29/metadados?intrarregiao=municipio,2026-10-05
2916203,453.144,-39.4959,-14.9544,Itapé,BA,IBGE Malhas v3,https://servicodados.ibge.gov.br/api/v3/malhas/estados/29/metadados?intrarregiao=municipio,2026-10-05
2916302,1013.074,-39.6532,-15.9121,Itapebi,BA,IBGE Malhas v3,https://servicodados.ibge.gov.br/api/v3/malhas/estados/29/metadados?intrarregiao=municipio,2026-10-05
2916401,1651.158,-40.0575,-15.2993,Itapetinga,BA,IBGE Malhas v3,https://servicodados.ibge.gov.br/api/v3/malhas/estados/29/metadados?intrarregiao=municipio,2026-10-05
2916500,1557.685,-38.1942,-11.192,Itapicuru,BA,IBGE Malhas v3,https://servicodados.ibge.gov.br/api/v3/malhas/estados/29/metadados?intrarregiao=municipio,2026-10-05
2916609,420.663,-39.62,-14.4729,Itapitanga,BA,IBGE Malhas v3,https://servicodados.ibge.gov.br/api/v3/malhas/estados/29/metadados?intrarregiao=municipio,2026-10-05
2916708,344.093,-39.8985,-13.4489,Itaquara,BA,IBGE Malhas v3,https://servicodados.ibge.gov.br/api/v3/malhas/estados/29/metadados?intrarregiao=municipio,2026-10-05
2916807,1674.029,-40.0491,-15.6977,Itarantim,BA,IBGE Malhas v3,https://servicodados.ibge.gov.br/api/v3/malhas/estados/29/metadados?intrarregiao=municipio,2026-10-05
2916856,547.51,-39.7347,-12.7128,Itatim,BA,IBGE Malhas v3,https://servicodados.ibge.gov.br/api/v3/malhas/estados/29/metadados?intrarregiao=municipio,2026-10-05
2916906,322.243,-40.153,-13.4876,Itiruçu,BA,IBGE Malhas v3,https://servicodados.ibge.gov.br/api/v3/malhas/estados/29/metadados?intrarregiao=municipio,2026-10-05
2917003,1650.593,-39.8454,-10.7314,Itiúba,BA,IBGE Malhas v3,https://servicodados.ibge.gov.br/api/v3/malhas/estados/29/metadados?intrarregiao=municipio,2026-10-05
2917102,313.839,-40.0071,-15.0488,Itororó,BA,IBGE Malhas v3,https://servicodados.ibge.gov.br/api/v3/malhas/estados/29/metadados?intrarregiao=municipio,2026-10-05
2917201,1199.374,-41.39,-13.8371,Ituaçu,BA,IBGE Malhas v3,https://servicodados.ibge.gov.br/api/v3/malhas/estados/29/metadados?intrarregiao=municipio,2026-10-05
2917300,415.428,-39.153,-13.7493,Ituberá,BA,IBGE Malhas v3,https://servicodados.ibge.gov.br/api/v3/malhas/estados/29/metadados?intrarregiao=municipio,2026-10-05
2917334,1525.142,-43.5429,-14.4663,Iuiu,BA,IBGE Malhas v3,https://servicodados.ibge.gov.br/api/v3/malhas/estados/29/metadados?intrarregiao=municipio,2026-10-05
2917359,9955.113,-45.4404,-14.0319,Jaborandi,BA,IBGE Malhas v3,https://servicodados.ibge.gov.br/api/v3/malhas/estados/29/metadados?intrarregiao=municipio,2026-10-05
2917409,1332.42,-42.3223,-14.7848,Jacaraci,BA,IBGE Malhas v3,https://servicodados.ibge.gov.br/api/v3/malhas/estados/29/metadados?intrarregiao=municipio,2026-10-05
2917508,2192.905,-40.5685,-11.1349,Jacobina,BA,IBGE Malhas v3,https://servicodados.ibge.gov.br/api/v3/malhas/estados/29/metadados?intrarregiao=municipio,2026-10-05
2917607,924.512,-39.957,-13.5539,Jaguaquara,BA,IBGE Malhas v3,https://servicodados.ibge.gov.br/api/v3/malhas/estados/29/metadados?intrarregiao=municipio,2026-10-05
2917706,2466.009,-40.0683,-10.0426,Jaguarari,BA,IBGE Malhas v3,https://servicodados.ibge.gov.br/api/v3/malhas/estados/29/metadados?intrarregiao=municipio,2026-10-05
2917805,863.424,-38.9866,-13.1213,Jaguaripe,BA,IBGE Malhas v3,https://servicodados.ibge.gov.br/api/v3/malhas/estados/29/metadados?intrarregiao=municipio,2026-10-05
2917904,640.772,-37.5952,-11.5984,Jandaíra,BA,IBGE Malhas v3,https://servicodados.ibge.gov.br/api/v3/malhas/estados/29/metadados?intrarregiao=municipio,2026-10-05
2918001,2969.039,-40.1461,-13.8776,Jequié,BA,IBGE Malhas v3,https://servicodados.ibge.gov.br/api/v3/malhas/estados/29/metadados?intrarregiao=municipio,2026-10-05
2918100,4267.488,-38.4993,-9.9814,Jeremoabo,BA,IBGE Malhas v3,https://servicodados.ibge.gov.br/api/v3/malhas/estados/29/metadados?intrarregiao=municipio,2026-10-05
2918209,238.66,-39.5847,-13.3245,Jiquiriçá,BA,IBGE Malhas v3,https://servicodados.ibge.gov.br/api/v3/malhas/estados/29/metadados?intrarregiao=municipio,2026-10-05
2918308,262.05,-39.8667,-13.958,Jitaúna,BA,IBGE Malhas v3,https://servicodados.ibge.gov.br/api/v3/malhas/estados/29/metadados?intrarregiao=municipio,2026-10-05
2918357,913.258,-41.5672,-11.2202,João Dourado,BA,IBGE Malhas v3,https://servicodados.ibge.gov.br/api/v3/malhas/estados/29/metadados?intrarregiao=municipio,2026-10-05
2918407,6721.237,-40.2747,-9.5569,Juazeiro,BA,IBGE Malhas v3,https://servicodados.ibge.gov.br/api/v3/malhas/estados/29/metadados?intrarregiao=municipio,2026-10-05
2918456,1457.656,-40.1008,-16.8456,Jucuruçu,BA,IBGE Malhas v3,https://servicodados.ibge.gov.br/api/v3/malhas/estados/29/metadados?intrarregiao=municipio,2026-10-05
2918506,1355.173,-41.8803,-10.9255,Jussara,BA,IBGE Malhas v3,https://servicodados.ibge.gov.br/api/v3/malhas/estados/29/metadados?intrarregiao=municipio,2026-10-05
2918555,329.19,-39.498,-15.1366,Jussari,BA,IBGE Malhas v3,https://servicodados.ibge.gov.br/api/v3/malhas/estados/29/metadados?intrarregiao=municipio,2026-10-05
2918605,589.763,-41.5989,-13.5113,Jussiape,BA,IBGE Malhas v3,https://servicodados.ibge.gov.br/api/v3/malhas/estados/29/metadados?intrarregiao=municipio,2026-10-05
2918704,498.11,-40.2926,-13.6416,Lafaiete Coutinho,BA,IBGE Malhas v3,https://servicodados.ibge.gov.br/api/v3/malhas/estados/29/metadados?intrarregiao=municipio,2026-10-05
2918753,912.222,-42.2196,-14.0473,Lagoa Real,BA,IBGE Malhas v3,https://servicodados.ibge.gov.br/api/v3/malhas/estados/29/metadados?intrarregiao=municipio,2026-10-05
2918803,449.834,-39.3464,-13.167,Laje,BA,IBGE Malhas v3,https://servicodados.ibge.gov.br/api/v3/malhas/estados/29/metadados?intrarregiao=municipio,2026-10-05
2918902,624.353,-40.3098,-17.5596,Lajedão,BA,IBGE Malhas v3,https://servicodados.ibge.gov.br/api/v3/malhas/estados/29/metadados?intrarregiao=municipio,2026-10-05
2919009,846.728,-40.9634,-12.381,Lajedinho,BA,IBGE Malhas v3,https://servicodados.ibge.gov.br/api/v3/malhas/estados/29/metadados?intrarregiao=municipio,2026-10-05
2919058,382.937,-40.2823,-13.4602,Lajedo do Tabocal,BA,IBGE Malhas v3,https://servicodados.ibge.gov.br/api/v3/malhas/estados/29/metadados?intrarregiao=municipio,2026-10-05
2919108,189.257,-38.91,-11.7859,Lamarão,BA,IBGE Malhas v3,https://servicodados.ibge.gov.br/api/v3/malhas/estados/29/metadados?intrarregiao=municipio,2026-10-05
2919157,642.882,-41.7767,-11.5013,Lapão,BA,IBGE Malhas v3,https://servicodados.ibge.gov.br/api/v3/malhas/estados/29/metadados?intrarregiao=municipio,2026-10-05
2919207,57.942,-38.3272,-12.8636,Lauro de Freitas,BA,IBGE Malhas v3,https://servicodados.ibge.gov.br/api/v3/malhas/estados/29/metadados?intrarregiao=municipio,2026-10-05
2919306,1283.328,-41.3373,-12.425,Lençóis,BA,IBGE Malhas v3,https://servicodados.ibge.gov.br/api/v3/malhas/estados/29/metadados?intrarregiao=municipio,2026-10-05
2919405,856.626,-42.4701,-14.586,Licínio de Almeida,BA,IBGE Malhas v3,https://servicodados.ibge.gov.br/api/v3/malhas/estados/29/metadados?intrarregiao=municipio,2026-10-05
2919504,1952.51,-41.9909,-13.8107,Livramento de Nossa Senhora,BA,IBGE Malhas v3,https://servicodados.ibge.gov.br/api/v3/malhas/estados/29/metadados?intrarregiao=municipio,2026-10-05
2919553,4036.094,-46.0204,-12.1984,Luís Eduardo Magalhães,BA,IBGE Malhas v3,https://servicodados.ibge.gov.br/api/v3/malhas/estados/29/metadados?intrarregiao=municipio,2026-10-05
2919603,701.171,-40.2623,-12.1293,Macajuba,BA,IBGE Malhas v3,https://servicodados.ibge.gov.br/api/v3/malhas/estados/29/metadados?intrarregiao=municipio,2026-10-05
2919702,1210.106,-40.401,-15.5458,Macarani,BA,IBGE Malhas v3,https://servicodados.ibge.gov.br/api/v3/malhas/estados/29/metadados?intrarregiao=municipio,2026-10-05
2919801,2459.102,-42.6929,-13.1081,Macaúbas,BA,IBGE Malhas v3,https://servicodados.ibge.gov.br/api/v3/malhas/estados/29/metadados?intrarregiao=municipio,2026-10-05
2919900,2545.856,-38.8967,-9.2911,Macururé,BA,IBGE Malhas v3,https://servicodados.ibge.gov.br/api/v3/malhas/estados/29/metadados?intrarregiao=municipio,2026-10-05
2919926,32.201,-38.6427,-12.7411,Madre de Deus,BA,IBGE Malhas v3,https://servicodados.ibge.gov.br/api/v3/malhas/estados/29/metadados?intrarregiao=municipio,2026-10-05
2919959,614.834,-41.5162,-14.6556,Maetinga,BA,IBGE Malhas v3,https://servicodados.ibge.gov.br/api/v3/malhas/estados/29/metadados?intrarregiao=municipio,2026-10-05
2920007,588.297,-40.2691,-15.674,Maiquinique,BA,IBGE Malhas v3,https://servicodados.ibge.gov.br/api/v3/malhas/estados/29/metadados?intrarregiao=municipio,2026-10-05
2920106,906.68,-40.1806,-11.7317,Mairi,BA,IBGE Malhas v3,https://servicodados.ibge.gov.br/api/v3/malhas/estados/29/metadados?intrarregiao=municipio,2026-10-05
2920205,1979.193,-43.646,-14.2164,Malhada,BA,IBGE Malhas v3,https://servicodados.ibge.gov.br/api/v3/malhas/estados/29/metadados?intrarregiao=municipio,2026-10-05
2920304,550.55,-41.8452,-14.3524,Malhada de Pedras,BA,IBGE Malhas v3,https://servicodados.ibge.gov.br/api/v3/malhas/estados/29/metadados?intrarregiao=municipio,2026-10-05
2920403,2201.764,-40.5476,-14.0509,Manoel Vitorino,BA,IBGE Malhas v3,https://servicodados.ibge.gov.br/api/v3/malhas/estados/29/metadados?intrarregiao=municipio,2026-10-05
2920452,3129.588,-44.1084,-11.1281,Mansidão,BA,IBGE Malhas v3,https://servicodados.ibge.gov.br/api/v3/malhas/estados/29/metadados?intrarregiao=municipio,2026-10-05
2920502,2413.27,-40.5552,-13.4952,Maracás,BA,IBGE Malhas v3,https://servicodados.ibge.gov.br/api/v3/malhas/estados/29/metadados?intrarregiao=municipio,2026-10-05
2920601,437.61,-38.9383,-12.823,Maragogipe,BA,IBGE Malhas v3,https://servicodados.ibge.gov.br/api/v3/malhas/estados/29/metadados?intrarregiao=municipio,2026-10-05
2920700,848.885,-39.1505,-14.1557,Maraú,BA,IBGE Malhas v3,https://servicodados.ibge.gov.br/api/v3/malhas/estados/29/metadados?intrarregiao=municipio,2026-10-05
2920809,1099.283,-40.6753,-13.1401,Marcionílio Souza,BA,IBGE Malhas v3,https://servicodados.ibge.gov.br/api/v3/malhas/estados/29/metadados?intrarregiao=municipio,2026-10-05
2920908,742.689,-39.4205,-15.6661,Mascote,BA,IBGE Malhas v3,https://servicodados.ibge.gov.br/api/v3/malhas/estados/29/metadados?intrarregiao=municipio,2026-10-05
2921005,605.168,-38.1489,-12.484,Mata de São João,BA,IBGE Malhas v3,https://servicodados.ibge.gov.br/api/v3/malhas/estados/29/metadados?intrarregiao=municipio,2026-10-05
2921054,773.278,-42.9401,-13.8488,Matina,BA,IBGE Malhas v3,https://servicodados.ibge.gov.br/api/v3/malhas/estados/29/metadados?intrarregiao=municipio,2026-10-05
2921104,1311.739,-40.2856,-17.3613,Medeiros Neto,BA,IBGE Malhas v3,https://servicodados.ibge.gov.br/api/v3/malhas/estados/29/metadados?intrarregiao=municipio,2026-10-05
2921203,1599.672,-40.6242,-11.4206,Miguel Calmon,BA,IBGE Malhas v3,https://servicodados.ibge.gov.br/api/v3/malhas/estados/29/metadados?intrarregiao=municipio,2026-10-05
2921302,420.358,-39.7976,-12.8999,Milagres,BA,IBGE Malhas v3,https://servicodados.ibge.gov.br/api/v3/malhas/estados/29/metadados?intrarregiao=municipio,2026-10-05
2921401,1751.778,-40.7145,-10.777,Mirangaba,BA,IBGE Malhas v3,https://servicodados.ibge.gov.br/api/v3/malhas/estados/29/metadados?intrarregiao=municipio,2026-10-05
2921450,1172.86,-40.7641,-14.1678,Mirante,BA,IBGE Malhas v3,https://servicodados.ibge.gov.br/api/v3/malhas/estados/29/metadados?intrarregiao=municipio,2026-10-05
2921500,3034.197,-39.4542,-10.383,Monte Santo,BA,IBGE Malhas v3,https://servicodados.ibge.gov.br/api/v3/malhas/estados/29/metadados?intrarregiao=municipio,2026-10-05
2921609,2093.872,-43.0398,-11.7508,Morpará,BA,IBGE Malhas v3,https://servicodados.ibge.gov.br/api/v3/malhas/estados/29/metadados?intrarregiao=municipio,2026-10-05
2921708,5744.969,-41.1671,-11.4649,Morro do Chapéu,BA,IBGE Malhas v3,https://servicodados.ibge.gov.br/api/v3/malhas/estados/29/metadados?intrarregiao=municipio,2026-10-05
2921807,528.214,-42.3203,-14.9726,Mortugaba,BA,IBGE Malhas v3,https://servicodados.ibge.gov.br/api/v3/malhas/estados/29/metadados?intrarregiao=municipio,2026-10-05
2921906,2462.153,-41.4749,-13.0651,Mucugê,BA,IBGE Malhas v3,https://servicodados.ibge.gov.br/api/v3/malhas/estados/29/metadados?intrarregiao=municipio,2026-10-05
2922003,1787.626,-39.867,-18.0592,Mucuri,BA,IBGE Malhas v3,https://servicodados.ibge.gov.br/api/v3/malhas/estados/29/metadados?intrarregiao=municipio,2026-10-05
2922052,646.621,-41.5239,-11.9778,Mulungu do Morro,BA,IBGE Malhas v3,https://servicodados.ibge.gov.br/api/v3/malhas/estados/29/metadados?intrarregiao=municipio,2026-10-05
2922102,1491.99,-40.5594,-11.9528,Mundo Novo,BA,IBGE Malhas v3,https://servicodados.ibge.gov.br/api/v3/malhas/estados/29/metadados?intrarregiao=municipio,2026-10-05
2922201,104.54,-39.0877,-13.0025,Muniz Ferreira,BA,IBGE Malhas v3,https://servicodados.ibge.gov.br/api/v3/malhas/estados/29/metadados?intrarregiao=municipio,2026-10-05
2922250,3852.111,-43.4987,-12.2118,Muquém do São Francisco,BA,IBGE Malhas v3,https://servicodados.ibge.gov.br/api/v3/malhas/estados/29/metadados?intrarregiao=municipio,2026-10-05
2922300,86.311,-39.0863,-12.6218,Muritiba,BA,IBGE Malhas v3,https://servicodados.ibge.gov.br/api/v3/malhas/estados/29/metadados?intrarregiao=municipio,2026-10-05
2922409,275.854,-39.5066,-13.3119,Mutuípe,BA,IBGE Malhas v3,https://servicodados.ibge.gov.br/api/v3/malhas/estados/29/metadados?intrarregiao=municipio,2026-10-05
2922508,278.629,-38.9809,-12.9537,Nazaré,BA,IBGE Malhas v3,https://servicodados.ibge.gov.br/api/v3/malhas/estados/29/metadados?intrarregiao=municipio,2026-10-05
2922607,388.936,-39.1741,-13.6601,Nilo Peçanha,BA,IBGE Malhas v3,https://servicodados.ibge.gov.br/api/v3/malhas/estados/29/metadados?intrarregiao=municipio,2026-10-05
2922656,465.407,-39.4514,-10.8731,Nordestina,BA,IBGE Malhas v3,https://servicodados.ibge.gov.br/api/v3/malhas/estados/29/metadados?intrarregiao=municipio,2026-10-05
2922706,804.617,-40.1803,-14.8575,Nova Canaã,BA,IBGE Malhas v3,https://servicodados.ibge.gov.br/api/v3/malhas/estados/29/metadados?intrarregiao=municipio,2026-10-05
2922730,346.784,-39.6356,-11.6214,Nova Fátima,BA,IBGE Malhas v3,https://servicodados.ibge.gov.br/api/v3/malhas/estados/29/metadados?intrarregiao=municipio,2026-10-05
2922755,203.198,-39.5828,-13.825,Nova Ibiá,BA,IBGE Malhas v3,https://servicodados.ibge.gov.br/api/v3/malhas/estados/29/metadados?intrarregiao=municipio,2026-10-05
2922805,475.381,-40.0346,-13.0465,Nova Itarana,BA,IBGE Malhas v3,https://servicodados.ibge.gov.br/api/v3/malhas/estados/29/metadados?intrarregiao=municipio,2026-10-05
2922854,565.356,-41.0912,-12.8001,Nova Redenção,BA,IBGE Malhas v3,https://servicodados.ibge.gov.br/api/v3/malhas/estados/29/metadados?intrarregiao=municipio,2026-10-05
2922904,966.993,-38.5548,-11.312,Nova Soure,BA,IBGE Malhas v3,https://servicodados.ibge.gov.br/api/v3/malhas/estados/29/metadados?intrarregiao=municipio,2026-10-05
2923001,1316.379,-39.7154,-17.8997,Nova Viçosa,BA,IBGE Malhas v3,https://servicodados.ibge.gov.br/api/v3/malhas/estados/29/metadados?intrarregiao=municipio,2026-10-05
2923035,627.5,-42.1287,-12.8409,Novo Horizonte,BA,IBGE Malhas v3,https://servicodados.ibge.gov.br/api/v3/malhas/estados/29/metadados?intrarregiao=municipio,2026-10-05
2923050,278.487,-38.4564,-10.3613,Novo Triunfo,BA,IBGE Malhas v3,https://servicodados.ibge.gov.br/api/v3/malhas/estados/29/metadados?intrarregiao=municipio,2026-10-05
2923100,637.317,-38.3548,-11.4349,Olindina,BA,IBGE Malhas v3,https://servicodados.ibge.gov.br/api/v3/malhas/estados/29/metadados?intrarregiao=municipio,2026-10-05
2923209,3313.418,-42.7349,-12.2834,Oliveira dos Brejinhos,BA,IBGE Malhas v3,https://servicodados.ibge.gov.br/api/v3/malhas/estados/29/metadados?intrarregiao=municipio,2026-10-05
2923308,156.982,-38.6537,-12.0093,Ouriçangas,BA,IBGE Malhas v3,https://servicodados.ibge.gov.br/api/v3/malhas/estados/29/metadados?intrarregiao=municipio,2026-10-05
2923357,1544.988,-41.1371,-10.8479,Ourolândia,BA,IBGE Malhas v3,https://servicodados.ibge.gov.br/api/v3/malhas/estados/29/metadados?intrarregiao=municipio,2026-10-05
2923407,2560.027,-43.2176,-14.1752,Palmas de Monte Alto,BA,IBGE Malhas v3,https://servicodados.ibge.gov.br/api/v3/malhas/estados/29/metadados?intrarregiao=municipio,2026-10-05
2923506,737.454,-41.5539,-12.5524,Palmeiras,BA,IBGE Malhas v3,https://servicodados.ibge.gov.br/api/v3/malhas/estados/29/metadados?intrarregiao=municipio,2026-10-05
2923605,1087.06,-42.2404,-13.5197,Paramirim,BA,IBGE Malhas v3,https://servicodados.ibge.gov.br/api/v3/malhas/estados/29/metadados?intrarregiao=municipio,2026-10-05
2923704,2624.998,-43.0645,-12.6907,Paratinga,BA,IBGE Malhas v3,https://servicodados.ibge.gov.br/api/v3/malhas/estados/29/metadados?intrarregiao=municipio,2026-10-05
2923803,442.186,-37.8992,-10.6143,Paripiranga,BA,IBGE Malhas v3,https://servicodados.ibge.gov.br/api/v3/malhas/estados/29/metadados?intrarregiao=municipio,2026-10-05
2923902,626.306,-39.6905,-15.4683,Pau Brasil,BA,IBGE Malhas v3,https://servicodados.ibge.gov.br/api/v3/malhas/estados/29/metadados?intrarregiao=municipio,2026-10-05
2924009,1544.388,-38.2937,-9.5396,Paulo Afonso,BA,IBGE Malhas v3,https://servicodados.ibge.gov.br/api/v3/malhas/estados/29/metadados?intrarregiao=municipio,2026-10-05
2924058,596.771,-39.6097,-11.872,Pé de Serra,BA,IBGE Malhas v3,https://servicodados.ibge.gov.br/api/v3/malhas/estados/29/metadados?intrarregiao=municipio,2026-10-05
2924108,158.488,-38.6405,-12.1296,Pedrão,BA,IBGE Malhas v3,https://servicodados.ibge.gov.br/api/v3/malhas/estados/29/metadados?intrarregiao=municipio,2026-10-05
2924207,889.572,-37.9407,-10.0622,Pedro Alexandre,BA,IBGE Malhas v3,https://servicodados.ibge.gov.br/api/v3/malhas/estados/29/metadados?intrarregiao=municipio,2026-10-05
2924306,1825.857,-41.8774,-13.046,Piatã,BA,IBGE Malhas v3,https://servicodados.ibge.gov.br/api/v3/malhas/estados/29/metadados?intrarregiao=municipio,2026-10-05
2924405,11597.923,-43.1152,-10.0078,Pilão Arcado,BA,IBGE Malhas v3,https://servicodados.ibge.gov.br/api/v3/malhas/estados/29/metadados?intrarregiao=municipio,2026-10-05
2924504,628.468,-42.6786,-14.4716,Pindaí,BA,IBGE Malhas v3,https://servicodados.ibge.gov.br/api/v3/malhas/estados/29/metadados?intrarregiao=municipio,2026-10-05
2924603,495.845,-40.341,-10.7239,Pindobaçu,BA,IBGE Malhas v3,https://servicodados.ibge.gov.br/api/v3/malhas/estados/29/metadados?intrarregiao=municipio,2026-10-05
2924652,647.144,-39.898,-11.8689,Pintadas,BA,IBGE Malhas v3,https://servicodados.ibge.gov.br/api/v3/malhas/estados/29/metadados?intrarregiao=municipio,2026-10-05
2924678,193.427,-39.3769,-13.8054,Piraí do Norte,BA,IBGE Malhas v3,https://servicodados.ibge.gov.br/api/v3/malhas/estados/29/metadados?intrarregiao=municipio,2026-10-05
2924702,511.756,-41.7161,-15.0039,Piripá,BA,IBGE Malhas v3,https://servicodados.ibge.gov.br/api/v3/malhas/estados/29/metadados?intrarregiao=municipio,2026-10-05
2924801,980.328,-40.6054,-11.695,Piritiba,BA,IBGE Malhas v3,https://servicodados.ibge.gov.br/api/v3/malhas/estados/29/metadados?intrarregiao=municipio,2026-10-05
2924900,955.454,-40.3032,-13.1865,Planaltino,BA,IBGE Malhas v3,https://servicodados.ibge.gov.br/api/v3/malhas/estados/29/metadados?intrarregiao=municipio,2026-10-05
2925006,769.0,-40.4574,-14.7086,Planalto,BA,IBGE Malhas v3,https://servicodados.ibge.gov.br/api/v3/malhas/estados/29/metadados?intrarregiao=municipio,2026-10-05
2925105,937.855,-40.3826,-14.5364,Poções,BA,IBGE Malhas v3,https://servicodados.ibge.gov.br/api/v3/malhas/estados/29/metadados?intrarregiao=municipio,2026-10-05
2925204,314.932,-38.253,-12.3617,Pojuca,BA,IBGE Malhas v3,https://servicodados.ibge.gov.br/api/v3/malhas/estados/29/metadados?intrarregiao=municipio,2026-10-05
2925253,530.144,-40.1057,-10.9589,Ponto Novo,BA,IBGE Malhas v3,https://servicodados.ibge.gov.br/api/v3/malhas/estados/29/metadados?intrarregiao=municipio,2026-10-05
2925303,2285.734,-39.2791,-16.625,Porto Seguro,BA,IBGE Malhas v3,https://servicodados.ibge.gov.br/api/v3/malhas/estados/29/metadados?intrarregiao=municipio,2026-10-05
2925402,1111.567,-39.7721,-15.6812,Potiraguá,BA,IBGE Malhas v3,https://servicodados.ibge.gov.br/api/v3/malhas/estados/29/metadados?intrarregiao=municipio,2026-10-05
2925501,1692.1,-39.3517,-17.1304,Prado,BA,IBGE Malhas v3,https://servicodados.ibge.gov.br/api/v3/malhas/estados/29/metadados?intrarregiao=municipio,2026-10-05
2925600,232.064,-41.9953,-11.3034,Presidente Dutra,BA,IBGE Malhas v3,https://servicodados.ibge.gov.br/api/v3/malhas/estados/29/metadados?intrarregiao=municipio,2026-10-05
2925709,1208.549,-41.7259,-14.6966,Presidente Jânio Quadros,BA,IBGE Malhas v3,https://servicodados.ibge.gov.br/api/v3/malhas/estados/29/metadados?intrarregiao=municipio,2026-10-05
2925758,441.82,-39.4176,-13.4492,Presidente Tancredo Neves,BA,IBGE Malhas v3,https://servicodados.ibge.gov.br/api/v3/malhas/estados/29/metadados?intrarregiao=municipio,2026-10-05
2925808,2011.06,-39.7525,-11.0567,Queimadas,BA,IBGE Malhas v3,https://servicodados.ibge.gov.br/api/v3/malhas/estados/29/metadados?intrarregiao=municipio,2026-10-05
2925907,1380.798,-39.0498,-10.7781,Quijingue,BA,IBGE Malhas v3,https://servicodados.ibge.gov.br/api/v3/malhas/estados/29/metadados?intrarregiao=municipio,2026-10-05
2925931,366.387,-40.1186,-11.3925,Quixabeira,BA,IBGE Malhas v3,https://servicodados.ibge.gov.br/api/v3/malhas/estados/29/metadados?intrarregiao=municipio,2026-10-05
2925956,1090.552,-39.5741,-12.4787,Rafael Jambeiro,BA,IBGE Malhas v3,https://servicodados.ibge.gov.br/api/v3/malhas/estados/29/metadados?intrarregiao=municipio,2026-10-05
2926004,4573.505,-42.2453,-9.5948,Remanso,BA,IBGE Malhas v3,https://servicodados.ibge.gov.br/api/v3/malhas/estados/29/metadados?intrarregiao=municipio,2026-10-05
2926103,242.329,-39.4167,-11.503,Retirolândia,BA,IBGE Malhas v3,https://servicodados.ibge.gov.br/api/v3/malhas/estados/29/metadados?intrarregiao=municipio,2026-10-05
2926202,5977.931,-45.2176,-11.623,Riachão das Neves,BA,IBGE Malhas v3,https://servicodados.ibge.gov.br/api/v3/malhas/estados/29/metadados?intrarregiao=municipio,2026-10-05
2926301,1155.418,-39.4235,-11.801,Riachão do Jacuípe,BA,IBGE Malhas v3,https://servicodados.ibge.gov.br/api/v3/malhas/estados/29/metadados?intrarregiao=municipio,2026-10-05
2926400,3183.911,-43.0497,-13.6332,Riacho de Santana,BA,IBGE Malhas v3,https://servicodados.ibge.gov.br/api/v3/malhas/estados/29/metadados?intrarregiao=municipio,2026-10-05
2926509,644.229,-38.3791,-10.9718,Ribeira do Amparo,BA,IBGE Malhas v3,https://servicodados.ibge.gov.br/api/v3/malhas/estados/29/metadados?intrarregiao=municipio,2026-10-05
2926608,1252.144,-38.5438,-10.7919,Ribeira do Pombal,BA,IBGE Malhas v3,https://servicodados.ibge.gov.br/api/v3/malhas/estados/29/metadados?intrarregiao=municipio,2026-10-05
2926657,1363.7,-40.6518,-15.4272,Ribeirão do Largo,BA,IBGE Malhas v3,https://servicodados.ibge.gov.br/api/v3/malhas/estados/29/metadados?intrarregiao=municipio,2026-10-05
2926707,1115.252,-41.7466,-13.5816,Rio de Contas,BA,IBGE Malhas v3,https://servicodados.ibge.gov.br/api/v3/malhas/estados/29/metadados?intrarregiao=municipio,2026-10-05
2926806,777.903,-42.0841,-14.3103,Rio do Antônio,BA,IBGE Malhas v3,https://servicodados.ibge.gov.br/api/v3/malhas/estados/29/metadados?intrarregiao=municipio,2026-10-05
2926905,656.223,-42.1477,-13.1348,Rio do Pires,BA,IBGE Malhas v3,https://servicodados.ibge.gov.br/api/v3/malhas/estados/29/metadados?intrarregiao=municipio,2026-10-05
2927002,739.775,-37.9127,-11.5477,Rio Real,BA,IBGE Malhas v3,https://servicodados.ibge.gov.br/api/v3/malhas/estados/29/metadados?intrarregiao=municipio,2026-10-05
2927101,2207.159,-38.6925,-9.1839,Rodelas,BA,IBGE Malhas v3,https://servicodados.ibge.gov.br/api/v3/malhas/estados/29/metadados?intrarregiao=municipio,2026-10-05
2927200,1991.772,-40.6297,-12.2435,Ruy Barbosa,BA,IBGE Malhas v3,https://servicodados.ibge.gov.br/api/v3/malhas/estados/29/metadados?intrarregiao=municipio,2026-10-05
2927309,150.569,-38.7591,-12.8859,Salinas da Margarida,BA,IBGE Malhas v3,https://servicodados.ibge.gov.br/api/v3/malhas/estados/29/metadados?intrarregiao=municipio,2026-10-05
2927408,693.442,-38.5147,-12.8735,Salvador,BA,IBGE Malhas v3,https://servicodados.ibge.gov.br/api/v3/malhas/estados/29/metadados?intrarregiao=municipio,2026-10-05
2927507,347.021,-38.9823,-11.9394,Santa Bárbara,BA,IBGE Malhas v3,https://servicodados.ibge.gov.br/api/v3/malhas/estados/29/metadados?intrarregiao=municipio,2026-10-05
2927606,934.461,-38.1694,-9.7694,Santa Brígida,BA,IBGE Malhas v3,https://servicodados.ibge.gov.br/api/v3/malhas/estados/29/metadados?intrarregiao=municipio,2026-10-05
2927705,1462.942,-39.201,-16.2292,Santa Cruz Cabrália,BA,IBGE Malhas v3,https://servicodados.ibge.gov.br/api/v3/malhas/estados/29/metadados?intrarregiao=municipio,2026-10-05
2927804,284.083,-39.8148,-14.8917,Santa Cruz da Vitória,BA,IBGE Malhas v3,https://servicodados.ibge.gov.br/api/v3/malhas/estados/29/metadados?intrarregiao=municipio,2026-10-05
2927903,379.27,-39.8488,-13.2847,Santa Inês,BA,IBGE Malhas v3,https://servicodados.ibge.gov.br/api/v3/malhas/estados/29/metadados?intrarregiao=municipio,2026-10-05
2928000,1623.445,-39.4852,-11.2202,Santaluz,BA,IBGE Malhas v3,https://servicodados.ibge.gov.br/api/v3/malhas/estados/29/metadados?intrarregiao=municipio,2026-10-05
2928059,824.473,-39.245,-15.4482,Santa Luzia,BA,IBGE Malhas v3,https://servicodados.ibge.gov.br/api/v3/malhas/estados/29/metadados?intrarregiao=municipio,2026-10-05
2928109,1984.91,-44.38,-13.2184,Santa Maria da Vitória,BA,IBGE Malhas v3,https://servicodados.ibge.gov.br/api/v3/malhas/estados/29/metadados?intrarregiao=municipio,2026-10-05
2928208,1909.353,-43.9424,-13.0657,Santana,BA,IBGE Malhas v3,https://servicodados.ibge.gov.br/api/v3/malhas/estados/29/metadados?intrarregiao=municipio,2026-10-05
2928307,222.686,-38.8623,-11.9752,Santanópolis,BA,IBGE Malhas v3,https://servicodados.ibge.gov.br/api/v3/malhas/estados/29/metadados?intrarregiao=municipio,2026-10-05
2928406,6030.491,-44.5558,-11.008,Santa Rita de Cássia,BA,IBGE Malhas v3,https://servicodados.ibge.gov.br/api/v3/malhas/estados/29/metadados?intrarregiao=municipio,2026-10-05
2928505,719.257,-39.5717,-12.7342,Santa Terezinha,BA,IBGE Malhas v3,https://servicodados.ibge.gov.br/api/v3/malhas/estados/29/metadados?intrarregiao=municipio,2026-10-05
2928604,494.502,-38.7644,-12.5618,Santo Amaro,BA,IBGE Malhas v3,https://servicodados.ibge.gov.br/api/v3/malhas/estados/29/metadados?intrarregiao=municipio,2026-10-05
2928703,261.74,-39.2266,-13.0083,Santo Antônio de Jesus,BA,IBGE Malhas v3,https://servicodados.ibge.gov.br/api/v3/malhas/estados/29/metadados?intrarregiao=municipio,2026-10-05
2928802,360.334,-39.269,-12.4683,Santo Estêvão,BA,IBGE Malhas v3,https://servicodados.ibge.gov.br/api/v3/malhas/estados/29/metadados?intrarregiao=municipio,2026-10-05
2928901,15156.712,-45.4926,-12.8024,São Desidério,BA,IBGE Malhas v3,https://servicodados.ibge.gov.br/api/v3/malhas/estados/29/metadados?intrarregiao=municipio,2026-10-05
2928950,289.963,-39.5804,-11.4544,São Domingos,BA,IBGE Malhas v3,https://servicodados.ibge.gov.br/api/v3/malhas/estados/29/metadados?intrarregiao=municipio,2026-10-05
2929008,103.226,-38.999,-12.675,São Félix,BA,IBGE Malhas v3,https://servicodados.ibge.gov.br/api/v3/malhas/estados/29/metadados?intrarregiao=municipio,2026-10-05
2929057,1751.671,-44.0298,-13.5516,São Félix do Coribe,BA,IBGE Malhas v3,https://servicodados.ibge.gov.br/api/v3/malhas/estados/29/metadados?intrarregiao=municipio,2026-10-05
2929107,222.407,-39.0947,-12.8453,São Felipe,BA,IBGE Malhas v3,https://servicodados.ibge.gov.br/api/v3/malhas/estados/29/metadados?intrarregiao=municipio,2026-10-05
2929206,269.715,-38.632,-12.6508,São Francisco do Conde,BA,IBGE Malhas v3,https://servicodados.ibge.gov.br/api/v3/malhas/estados/29/metadados?intrarregiao=municipio,2026-10-05
2929255,1146.054,-41.6983,-11.0664,São Gabriel,BA,IBGE Malhas v3,https://servicodados.ibge.gov.br/api/v3/malhas/estados/29/metadados?intrarregiao=municipio,2026-10-05
2929305,294.768,-38.9414,-12.4172,São Gonçalo dos Campos,BA,IBGE Malhas v3,https://servicodados.ibge.gov.br/api/v3/malhas/estados/29/metadados?intrarregiao=municipio,2026-10-05
2929354,127.925,-39.3538,-15.0734,São José da Vitória,BA,IBGE Malhas v3,https://servicodados.ibge.gov.br/api/v3/malhas/estados/29/metadados?intrarregiao=municipio,2026-10-05
2929370,362.365,-39.9103,-11.44,São José do Jacuípe,BA,IBGE Malhas v3,https://servicodados.ibge.gov.br/api/v3/malhas/estados/29/metadados?intrarregiao=municipio,2026-10-05
2929404,230.906,-39.4233,-13.0541,São Miguel das Matas,BA,IBGE Malhas v3,https://servicodados.ibge.gov.br/api/v3/malhas/estados/29/metadados?intrarregiao=municipio,2026-10-05
2929503,536.678,-38.4982,-12.5172,São Sebastião do Passé,BA,IBGE Malhas v3,https://servicodados.ibge.gov.br/api/v3/malhas/estados/29/metadados?intrarregiao=municipio,2026-10-05
2929602,131.218,-39.2129,-12.7259,Sapeaçu,BA,IBGE Malhas v3,https://servicodados.ibge.gov.br/api/v3/malhas/estados/29/metadados?intrarregiao=municipio,2026-10-05
2929701,949.223,-38.5901,-11.5725,Sátiro Dias,BA,IBGE Malhas v3,https://servicodados.ibge.gov.br/api/v3/malhas/estados/29/metadados?intrarregiao=municipio,2026-10-05
2929750,166.428,-38.7693,-12.7754,Saubara,BA,IBGE Malhas v3,https://servicodados.ibge.gov.br/api/v3/malhas/estados/29/metadados?intrarregiao=municipio,2026-10-05
2929800,509.098,-40.3813,-10.9125,Saúde,BA,IBGE Malhas v3,https://servicodados.ibge.gov.br/api/v3/malhas/estados/29/metadados?intrarregiao=municipio,2026-10-05
2929909,2402.17,-41.8848,-12.4177,Seabra,BA,IBGE Malhas v3,https://servicodados.ibge.gov.br/api/v3/malhas/estados/29/metadados?intrarregiao=municipio,2026-10-05
2930006,1984.511,-43.1273,-14.5734,Sebastião Laranjeiras,BA,IBGE Malhas v3,https://servicodados.ibge.gov.br/api/v3/malhas/estados/29/metadados?intrarregiao=municipio,2026-10-05
2930105,789.361,-40.1152,-10.4842,Senhor do Bonfim,BA,IBGE Malhas v3,https://servicodados.ibge.gov.br/api/v3/malhas/estados/29/metadados?intrarregiao=municipio,2026-10-05
2930154,2340.684,-43.6763,-13.4842,Serra do Ramalho,BA,IBGE Malhas v3,https://servicodados.ibge.gov.br/api/v3/malhas/estados/29/metadados?intrarregiao=municipio,2026-10-05
2930204,11980.172,-41.6488,-10.1081,Sento Sé,BA,IBGE Malhas v3,https://servicodados.ibge.gov.br/api/v3/malhas/estados/29/metadados?intrarregiao=municipio,2026-10-05
2930303,1592.245,-43.7976,-12.8063,Serra Dourada,BA,IBGE Malhas v3,https://servicodados.ibge.gov.br/api/v3/malhas/estados/29/metadados?intrarregiao=municipio,2026-10-05
2930402,595.297,-39.3786,-12.0954,Serra Preta,BA,IBGE Malhas v3,https://servicodados.ibge.gov.br/api/v3/malhas/estados/29/metadados?intrarregiao=municipio,2026-10-05
2930501,583.314,-38.9938,-11.6657,Serrinha,BA,IBGE Malhas v3,https://servicodados.ibge.gov.br/api/v3/malhas/estados/29/metadados?intrarregiao=municipio,2026-10-05
2930600,322.022,-40.2609,-11.429,Serrolândia,BA,IBGE Malhas v3,https://servicodados.ibge.gov.br/api/v3/malhas/estados/29/metadados?intrarregiao=municipio,2026-10-05
2930709,201.528,-38.4007,-12.7677,Simões Filho,BA,IBGE Malhas v3,https://servicodados.ibge.gov.br/api/v3/malhas/estados/29/metadados?intrarregiao=municipio,2026-10-05
2930758,1627.806,-43.475,-12.8552,Sítio do Mato,BA,IBGE Malhas v3,https://servicodados.ibge.gov.br/api/v3/malhas/estados/29/metadados?intrarregiao=municipio,2026-10-05
2930766,684.089,-38.1516,-10.3297,Sítio do Quinto,BA,IBGE Malhas v3,https://servicodados.ibge.gov.br/api/v3/malhas/estados/29/metadados?intrarregiao=municipio,2026-10-05
2930774,1355.972,-40.8833,-9.657,Sobradinho,BA,IBGE Malhas v3,https://servicodados.ibge.gov.br/api/v3/malhas/estados/29/metadados?intrarregiao=municipio,2026-10-05
2930808,1026.634,-41.7896,-12.0276,Souto Soares,BA,IBGE Malhas v3,https://servicodados.ibge.gov.br/api/v3/malhas/estados/29/metadados?intrarregiao=municipio,2026-10-05
2930907,1437.189,-44.1556,-12.4799,Tabocas do Brejo Velho,BA,IBGE Malhas v3,https://servicodados.ibge.gov.br/api/v3/malhas/estados/29/metadados?intrarregiao=municipio,2026-10-05
2931004,1277.514,-41.1954,-14.146,Tanhaçu,BA,IBGE Malhas v3,https://servicodados.ibge.gov.br/api/v3/malhas/estados/29/metadados?intrarregiao=municipio,2026-10-05
2931053,729.516,-42.5375,-13.556,Tanque Novo,BA,IBGE Malhas v3,https://servicodados.ibge.gov.br/api/v3/malhas/estados/29/metadados?intrarregiao=municipio,2026-10-05
2931103,243.839,-39.0943,-11.9583,Tanquinho,BA,IBGE Malhas v3,https://servicodados.ibge.gov.br/api/v3/malhas/estados/29/metadados?intrarregiao=municipio,2026-10-05
2931202,454.081,-39.2278,-13.5729,Taperoá,BA,IBGE Malhas v3,https://servicodados.ibge.gov.br/api/v3/malhas/estados/29/metadados?intrarregiao=municipio,2026-10-05
2931301,714.691,-40.7914,-11.8762,Tapiramutá,BA,IBGE Malhas v3,https://servicodados.ibge.gov.br/api/v3/malhas/estados/29/metadados?intrarregiao=municipio,2026-10-05
2931350,1165.622,-39.7869,-17.4241,Teixeira de Freitas,BA,IBGE Malhas v3,https://servicodados.ibge.gov.br/api/v3/malhas/estados/29/metadados?intrarregiao=municipio,2026-10-05
2931400,244.613,-38.6151,-12.2673,Teodoro Sampaio,BA,IBGE Malhas v3,https://servicodados.ibge.gov.br/api/v3/malhas/estados/29/metadados?intrarregiao=municipio,2026-10-05
2931509,351.892,-38.951,-11.4708,Teofilândia,BA,IBGE Malhas v3,https://servicodados.ibge.gov.br/api/v3/malhas/estados/29/metadados?intrarregiao=municipio,2026-10-05
2931608,289.782,-39.4975,-13.5544,Teolândia,BA,IBGE Malhas v3,https://servicodados.ibge.gov.br/api/v3/malhas/estados/29/metadados?intrarregiao=municipio,2026-10-05
2931707,193.241,-38.6023,-12.3964,Terra Nova,BA,IBGE Malhas v3,https://servicodados.ibge.gov.br/api/v3/malhas/estados/29/metadados?intrarregiao=municipio,2026-10-05
2931806,2010.316,-41.472,-15.0536,Tremedal,BA,IBGE Malhas v3,https://servicodados.ibge.gov.br/api/v3/malhas/estados/29/metadados?intrarregiao=municipio,2026-10-05
2931905,2198.237,-38.8115,-11.035,Tucano,BA,IBGE Malhas v3,https://servicodados.ibge.gov.br/api/v3/malhas/estados/29/metadados?intrarregiao=municipio,2026-10-05
2932002,3060.116,-39.4623,-9.9062,Uauá,BA,IBGE Malhas v3,https://servicodados.ibge.gov.br/api/v3/malhas/estados/29/metadados?intrarregiao=municipio,2026-10-05
2932101,659.08,-39.6793,-13.276,Ubaíra,BA,IBGE Malhas v3,https://servicodados.ibge.gov.br/api/v3/malhas/estados/29/metadados?intrarregiao=municipio,2026-10-05
2932200,181.102,-39.4218,-14.2675,Ubaitaba,BA,IBGE Malhas v3,https://servicodados.ibge.gov.br/api/v3/malhas/estados/29/metadados?intrarregiao=municipio,2026-10-05
2932309,177.643,-39.5219,-14.0964,Ubatã,BA,IBGE Malhas v3,https://servicodados.ibge.gov.br/api/v3/malhas/estados/29/metadados?intrarregiao=municipio,2026-10-05
2932408,545.298,-42.104,-11.3799,Uibaí,BA,IBGE Malhas v3,https://servicodados.ibge.gov.br/api/v3/malhas/estados/29/metadados?intrarregiao=municipio,2026-10-05
2932457,1775.633,-41.2469,-10.5758,Umburanas,BA,IBGE Malhas v3,https://servicodados.ibge.gov.br/api/v3/malhas/estados/29/metadados?intrarregiao=municipio,2026-10-05
2932507,1126.733,-39.1514,-15.2191,Una,BA,IBGE Malhas v3,https://servicodados.ibge.gov.br/api/v3/malhas/estados/29/metadados?intrarregiao=municipio,2026-10-05
2932606,902.402,-42.684,-14.7366,Urandi,BA,IBGE Malhas v3,https://servicodados.ibge.gov.br/api/v3/malhas/estados/29/metadados?intrarregiao=municipio,2026-10-05
2932705,510.098,-39.2316,-14.5274,Uruçuca,BA,IBGE Malhas v3,https://servicodados.ibge.gov.br/api/v3/malhas/estados/29/metadados?intrarregiao=municipio,2026-10-05
2932804,633.76,-41.069,-12.0522,Utinga,BA,IBGE Malhas v3,https://servicodados.ibge.gov.br/api/v3/malhas/estados/29/metadados?intrarregiao=municipio,2026-10-05
2932903,1123.975,-39.194,-13.3474,Valença,BA,IBGE Malhas v3,https://servicodados.ibge.gov.br/api/v3/malhas/estados/29/metadados?intrarregiao=municipio,2026-10-05
2933000,394.877,-39.4497,-11.3768,Valente,BA,IBGE Malhas v3,https://servicodados.ibge.gov.br/api/v3/malhas/estados/29/metadados?intrarregiao=municipio,2026-10-05
2933059,468.407,-40.0667,-11.5985,Várzea da Roça,BA,IBGE Malhas v3,https://servicodados.ibge.gov.br/api/v3/malhas/estados/29/metadados?intrarregiao=municipio,2026-10-05
2933109,206.478,-40.3157,-11.5411,Várzea do Poço,BA,IBGE Malhas v3,https://servicodados.ibge.gov.br/api/v3/malhas/estados/29/metadados?intrarregiao=municipio,2026-10-05
2933158,1225.892,-41.0199,-11.1231,Várzea Nova,BA,IBGE Malhas v3,https://servicodados.ibge.gov.br/api/v3/malhas/estados/29/metadados?intrarregiao=municipio,2026-10-05
2933174,221.399,-39.3918,-12.9566,Varzedo,BA,IBGE Malhas v3,https://servicodados.ibge.gov.br/api/v3/malhas/estados/29/metadados?intrarregiao=municipio,2026-10-05
2933208,297.537,-38.697,-13.0071,Vera Cruz,BA,IBGE Malhas v3,https://servicodados.ibge.gov.br/api/v3/malhas/estados/29/metadados?intrarregiao=municipio,2026-10-05
2933257,782.159,-39.9601,-17.1891,Vereda,BA,IBGE Malhas v3,https://servicodados.ibge.gov.br/api/v3/malhas/estados/29/metadados?intrarregiao=municipio,2026-10-05
2933307,3254.186,-40.9132,-15.0223,Vitória da Conquista,BA,IBGE Malhas v3,https://servicodados.ibge.gov.br/api/v3/malhas/estados/29/metadados?intrarregiao=municipio,2026-10-05
2933406,522.37,-41.146,-12.2314,Wagner,BA,IBGE Malhas v3,https://servicodados.ibge.gov.br/api/v3/malhas/estados/29/metadados?intrarregiao=municipio,2026-10-05
2933455,2920.579,-43.9067,-11.8089,Wanderley,BA,IBGE Malhas v3,https://servicodados.ibge.gov.br/api/v3/malhas/estados/29/metadados?intrarregiao=municipio,2026-10-05
2933505,655.057,-39.6193,-13.6286,Wenceslau Guimarães,BA,IBGE Malhas v3,https://servicodados.ibge.gov.br/api/v3/malhas/estados/29/metadados?intrarregiao=municipio,2026-10-05
2933604,5079.662,-42.7801,-10.9843,Xique-Xique,BA,IBGE Malhas v3,https://servicodados.ibge.gov.br/api/v3/malhas/estados/29/metadados?intrarregiao=municipio,2026-10-05
