codigo_ibge,tipo_geometria,n_vertices_aprox,municipio
2900108,Polygon,23,Abaíra
2900207,Polygon,22,Abaré
2900306,Polygon,14,Acajutiba
2900355,Polygon,17,Adustina
2900405,Polygon,16,Água Fria
2900504,Polygon,26,Érico Cardoso
2900603,Polygon,13,Aiquara
2900702,Polygon,22,Alagoinhas
2900801,Polygon,23,Alcobaça
2900900,Polygon,10,Almadina
2901007,Polygon,19,Amargosa
2901106,Polygon,11,Amélia Rodrigues
2901155,Polygon,21,América Dourada
2901205,Polygon,22,Anagé
2901304,Polygon,34,Andaraí
2901353,Polygon,29,Andorinha
2901403,Polygon,25,Angical
2901502,Polygon,11,Anguera
2901601,Polygon,14,Antas
2901700,Polygon,15,Antônio Cardoso
2901809,Polygon,18,Antônio Gonçalves
2901908,Polygon,17,Aporá
2901957,Polygon,18,Apuarema
2902005,Polygon,28,Aracatu
2902054,Polygon,18,Araçás
2902104,Polygon,30,Araci
2902203,Polygon,15,Aramari
2902252,Polygon,17,Arataca
2902302,Polygon,12,Aratuípe
2902401,Polygon,22,Aurelino Leal
