codigo_ibge,municipio,ano_referencia,pib_mil_reais,pib_per_capita_reais,fonte_pib_per_capita,area_km2,pib_por_km2_mil_reais,populacao_ultimo_ano,ano_populacao,densidade_demografica_hab_km2
2901106,Amélia Rodrigues,2023,521349.037,21598.68,IBGE PIB dos Municípios (oficial),166.872,3124.25,24814,2026,148.7
2903201,Barreiras,2023,9499498.974,59470.74,IBGE PIB dos Municípios (oficial),8051.274,1179.88,172521,2026,21.43
2905701,Camaçari,2023,27418877.532,91283.07,IBGE PIB dos Municípios (oficial),785.421,34909.78,323676,2026,412.11
2906006,Campo Formoso,2023,1617786.003,22665.37,IBGE PIB dos Municípios (oficial),7161.827,225.89,75311,2026,10.52
2907202,Casa Nova,2023,1135275.591,15748.91,IBGE PIB dos Municípios (oficial),9647.072,117.68,76416,2026,7.92
2910800,Feira de Santana,2023,21846454.667,35449.37,IBGE PIB dos Municípios (oficial),1304.425,16747.96,663408,2026,508.58
2913606,Ilhéus,2023,7234380.827,40494.94,IBGE PIB dos Municípios (oficial),1588.555,4554.06,189259,2026,119.14
2914802,Itabuna,2023,5152367.087,27595.86,IBGE PIB dos Municípios (oficial),401.028,12847.9,196041,2026,488.85
2918407,Juazeiro,2023,6159603.827,25900.17,IBGE PIB dos Municípios (oficial),6721.237,916.44,257616,2026,38.33
2919207,Lauro de Freitas,2023,8918479.61,43861.88,IBGE PIB dos Municípios (oficial),57.942,153920.81,221023,2026,3814.56
2925303,Porto Seguro,2023,5009893.696,29763.04,IBGE PIB dos Municípios (oficial),2285.734,2191.81,184087,2026,80.54
2927408,Salvador,2023,76698777.218,31724.15,IBGE PIB dos Municípios (oficial),693.442,110605.9,2559945,2026,3691.65
2930709,Simões Filho,2023,8508321.271,74270.21,IBGE PIB dos Municípios (oficial),201.528,42219.05,120429,2026,597.58
2932903,Valença,2023,2194454.273,25619.69,IBGE PIB dos Municípios (oficial),1123.975,1952.4,90075,2026,80.14
2933307,Vitória da Conquista,2023,12666570.589,34152.84,IBGE PIB dos Municípios (oficial),3254.186,3892.39,398970,2026,122.6
