CO_MUNICIPIO,NO_MUNICIPIO,nivel_cti,QT_CURSO,QT_VG_TOTAL,QT_MAT,QT_ING,QT_CONC
2903201.0,Barreiras,CT&I ampliado,21,3040,4018,1115,569
2903201.0,Barreiras,CT&I núcleo (STEM),13,687,949,273,138
2903201.0,Barreiras,Fora de CT&I,25,2008,3356,1052,378
2905701.0,Camaçari,CT&I ampliado,5,193,97,48,17
2905701.0,Camaçari,CT&I núcleo (STEM),6,305,424,160,47
2905701.0,Camaçari,Fora de CT&I,11,833,1350,451,207
2907202.0,Casa Nova,Fora de CT&I,1,223,99,18,31
2910800.0,Feira de Santana,CT&I ampliado,57,10656,8847,2771,1321
2910800.0,Feira de Santana,CT&I núcleo (STEM),45,4532,3841,1137,506
2910800.0,Feira de Santana,Fora de CT&I,71,9057,12983,4362,1792
2913606.0,Ilhéus,CT&I ampliado,13,1390,2197,529,344
2913606.0,Ilhéus,CT&I núcleo (STEM),13,1168,1815,524,163
2913606.0,Ilhéus,Fora de CT&I,28,2953,5025,1450,588
2914802.0,Itabuna,CT&I ampliado,25,3564,3715,1379,497
2914802.0,Itabuna,CT&I núcleo (STEM),12,1088,849,307,93
2914802.0,Itabuna,Fora de CT&I,20,3021,3163,1396,295
2918407.0,Juazeiro,CT&I ampliado,17,1691,2907,842,357
2918407.0,Juazeiro,CT&I núcleo (STEM),8,295,211,161,119
2918407.0,Juazeiro,Fora de CT&I,21,1236,1060,514,148
2919207.0,Lauro de Freitas,CT&I ampliado,10,1764,4020,1357,467
2919207.0,Lauro de Freitas,CT&I núcleo (STEM),13,762,1148,424,188
2919207.0,Lauro de Freitas,Fora de CT&I,18,1361,2585,1265,281
2925303.0,Porto Seguro,CT&I ampliado,3,117,226,90,5
2925303.0,Porto Seguro,CT&I núcleo (STEM),4,355,270,96,11
2925303.0,Porto Seguro,Fora de CT&I,17,2428,1194,474,63
2927408.0,Salvador,CT&I ampliado,153,34826,34290,11088,5341
2927408.0,Salvador,CT&I núcleo (STEM),143,39223,17061,5842,2498
2927408.0,Salvador,Fora de CT&I,287,48369,45595,16637,6741
2930709.0,Simões Filho,CT&I núcleo (STEM),1,50,143,36,4
2930709.0,Simões Filho,Fora de CT&I,1,40,54,11,5
2932903.0,Valença,CT&I ampliado,8,1862,868,288,85
2932903.0,Valença,CT&I núcleo (STEM),4,943,149,60,21
2932903.0,Valença,Fora de CT&I,18,2632,1453,462,140
2933307.0,Vitória da Conquista,CT&I ampliado,27,5437,6891,1723,989
2933307.0,Vitória da Conquista,CT&I núcleo (STEM),23,3647,3085,772,366
2933307.0,Vitória da Conquista,Fora de CT&I,41,6247,8850,2851,1163
