NU_ANO_CENSO,CO_IES,NO_IES,CO_CURSO,NO_CURSO,CO_MUNICIPIO,NO_MUNICIPIO,SG_UF,modalidade,dimensao,grau_academico,CO_CINE_AREA_GERAL,NO_CINE_AREA_GERAL,CO_CINE_AREA_ESPECIFICA,NO_CINE_AREA_ESPECIFICA,CO_CINE_AREA_DETALHADA,NO_CINE_AREA_DETALHADA,CO_CINE_ROTULO,NO_CINE_ROTULO,nivel_cti,QT_CURSO,QT_VG_TOTAL,QT_VG_TOTAL_EAD,QT_INSCRITO_TOTAL,QT_ING,QT_MAT,QT_CONC
2024,1883,CENTRO UNIVERSITÁRIO UNIME,1322107,Engenharia Química,2919207.0,Lauro de Freitas,BA,Presencial,Presencial (município de oferta),Bacharelado,07,"Engenharia, produção e construção",071,Engenharia e profissões correlatas,0711,Engenharia química e de processos,"""0711E05""",Engenharia química,CT&I núcleo (STEM),1,0,0,0,0,6,2
2024,2437,FACULDADE ANHANGUERA DE TEIXEIRA DE FREITAS,73519,Ciência Da Computação,2931350.0,Teixeira de Freitas,BA,Presencial,Presencial (município de oferta),Bacharelado,06,Computação e Tecnologias da Informação e Comunicação (TIC),061,Computação e Tecnologias da Informação e Comunicação (TIC),0613,Análise e desenvolvimento de algoritmos e aplicações,"""0613C01""",Ciência da computação,CT&I núcleo (STEM),1,0,0,0,0,2,1
2024,3962,UNIVERSIDADE SENAI CIMATEC,1151355,Engenharia De Controle E Automação,2927408.0,Salvador,BA,Presencial,Presencial (município de oferta),Bacharelado,07,"Engenharia, produção e construção",071,Engenharia e profissões correlatas,0714,Eletrônica e automação,"""0714E05""",Engenharia de controle e automação,CT&I núcleo (STEM),1,80,0,201,25,97,19
2024,396,Centro Universitário Ruy Barbosa Wyden,1258415,Engenharia De Controle E Automação,2927408.0,Salvador,BA,Presencial,Presencial (município de oferta),Bacharelado,07,"Engenharia, produção e construção",071,Engenharia e profissões correlatas,0714,Eletrônica e automação,"""0714E05""",Engenharia de controle e automação,CT&I núcleo (STEM),1,607,0,5,4,20,6
2024,396,Centro Universitário Ruy Barbosa Wyden,1070727,Manutenção Industrial,2927408.0,Salvador,BA,Presencial,Presencial (município de oferta),Tecnológico,07,"Engenharia, produção e construção",071,Engenharia e profissões correlatas,0715,Engenharia mecânica e metalurgia,"""0715M01""",Manutenção industrial,CT&I núcleo (STEM),1,0,0,0,0,0,0
2024,385,UNIVERSIDADE SALVADOR,1258708,Engenharia De Petróleo,2927408.0,Salvador,BA,Presencial,Presencial (município de oferta),Bacharelado,07,"Engenharia, produção e construção",072,Produção e processamento,0724,Mineração e extração,"""0724E02""",Engenharia de petróleo,CT&I núcleo (STEM),1,0,0,0,0,0,0
2024,24,UNIVERSIDADE ESTADUAL DE SANTA CRUZ,150314,Engenharia Civil,2913606.0,Ilhéus,BA,Presencial,Presencial (município de oferta),Bacharelado,07,"Engenharia, produção e construção",073,Arquitetura e construção,0732,Engenharia civil e construção,"""0732E01""",Engenharia civil,CT&I núcleo (STEM),1,70,0,211,46,162,9
2024,3984,FUNDAÇÃO UNIVERSIDADE FEDERAL DO VALE DO SÃO FRANCISCO,1661974,Geologia,2930105.0,Senhor do Bonfim,BA,Presencial,Presencial (município de oferta),Bacharelado,05,"Ciências naturais, matemática e estatística",053,Ciências físicas,0532,Ciências da terra,"""0532G02""",Geologia,CT&I núcleo (STEM),1,40,0,40,35,0,0
2024,2222,Centro Universitário do Rio São Francisco Unirios,73140,Sistema De Informação,2924009.0,Paulo Afonso,BA,Presencial,Presencial (município de oferta),Bacharelado,06,Computação e Tecnologias da Informação e Comunicação (TIC),061,Computação e Tecnologias da Informação e Comunicação (TIC),0613,Análise e desenvolvimento de algoritmos e aplicações,"""0613S01""",Sistemas de informação,CT&I núcleo (STEM),1,130,0,104,104,201,11
2024,2023,Centro Universitário FG,1489887,Análise E Desenvolvimento De Sistemas,2911709.0,Guanambi,BA,Presencial,Presencial (município de oferta),Tecnológico,06,Computação e Tecnologias da Informação e Comunicação (TIC),061,Computação e Tecnologias da Informação e Comunicação (TIC),0613,Análise e desenvolvimento de algoritmos e aplicações,"""0613S01""",Sistemas de informação,CT&I núcleo (STEM),1,45,0,105,45,80,12
2024,10058,FACULDADE DA FRATERNIDADE DE VALENÇA,1204205,Engenharia Civil,2932903.0,Valença,BA,Presencial,Presencial (município de oferta),Bacharelado,07,"Engenharia, produção e construção",073,Arquitetura e construção,0732,Engenharia civil e construção,"""0732E01""",Engenharia civil,CT&I núcleo (STEM),1,304,0,304,6,6,0
2024,385,UNIVERSIDADE SALVADOR,1404804,Análise E Desenvolvimento De Sistemas,2927408.0,Salvador,BA,Presencial,Presencial (município de oferta),Tecnológico,06,Computação e Tecnologias da Informação e Comunicação (TIC),061,Computação e Tecnologias da Informação e Comunicação (TIC),0613,Análise e desenvolvimento de algoritmos e aplicações,"""0613S01""",Sistemas de informação,CT&I núcleo (STEM),1,17,0,45,17,61,22
2024,519,UNIVERSIDADE CATÓLICA DO SALVADOR,1277134,Engenharia Mecânica,2927408.0,Salvador,BA,Presencial,Presencial (município de oferta),Bacharelado,07,"Engenharia, produção e construção",071,Engenharia e profissões correlatas,0715,Engenharia mecânica e metalurgia,"""0715E02""",Engenharia mecânica,CT&I núcleo (STEM),1,180,0,41,41,68,10
2024,385,UNIVERSIDADE SALVADOR,88574,Redes De Computadores,2927408.0,Salvador,BA,Presencial,Presencial (município de oferta),Tecnológico,06,Computação e Tecnologias da Informação e Comunicação (TIC),061,Computação e Tecnologias da Informação e Comunicação (TIC),0612,Infraestrutura e gestão de TIC,"""0612R01""",Redes de computadores,CT&I núcleo (STEM),1,0,0,0,0,0,0
2024,2067,Centro Universitário de Ciências e Empreendedorismo,1349776,Engenharia Mecânica,2928703.0,Santo Antônio de Jesus,BA,Presencial,Presencial (município de oferta),Bacharelado,07,"Engenharia, produção e construção",071,Engenharia e profissões correlatas,0715,Engenharia mecânica e metalurgia,"""0715E02""",Engenharia mecânica,CT&I núcleo (STEM),1,200,0,0,0,1,0
2024,1185,CENTRO UNIVERSITÁRIO JORGE AMADO,1377526,Biomedicina,2927408.0,Salvador,BA,Presencial,Presencial (município de oferta),Bacharelado,09,Saúde e bem-estar,091,Saúde,0914,Tecnologia de diagnóstico e tratamento médico,"""0914B01""",Biomedicina,CT&I ampliado,1,313,0,291,259,439,27
2024,1055,Centro Universitário Maurício de Nassau de Salvador,1282908,Odontologia,2927408.0,Salvador,BA,Presencial,Presencial (município de oferta),Bacharelado,09,Saúde e bem-estar,091,Saúde,0911,Odontologia,"""0911O01""",Odontologia,CT&I ampliado,1,307,0,136,116,360,78
2024,3365,Faculdade UniBRAS Juazeiro,1406008,Medicina Veterinária,2918407.0,Juazeiro,BA,Presencial,Presencial (município de oferta),Bacharelado,08,"Agricultura, silvicultura, pesca e veterinária",084,Veterinária,0841,Veterinária,"""0841M01""",Medicina veterinária,CT&I ampliado,1,100,0,100,44,137,5
2024,18059,FACULDADE SANTO ANTONIO DE QUEIMADAS,1353521,Enfermagem,2925808.0,Queimadas,BA,Presencial,Presencial (município de oferta),Bacharelado,09,Saúde e bem-estar,091,Saúde,0913,Enfermagem,"""0913E01""",Enfermagem,CT&I ampliado,1,0,0,0,0,29,0
2024,2222,Centro Universitário do Rio São Francisco Unirios,1520975,Fisioterapia,2924009.0,Paulo Afonso,BA,Presencial,Presencial (município de oferta),Bacharelado,09,Saúde e bem-estar,091,Saúde,0915,"Promoção, prevenção, terapia e reabilitação","""0915F01""",Fisioterapia,CT&I ampliado,1,130,0,102,83,248,23
2024,15504,FACULDADE IRECÊ,1466242,Ciências Contábeis,2914604.0,Irecê,BA,Presencial,Presencial (município de oferta),Bacharelado,04,"Negócios, administração e direito",041,Negócios e administração,0411,Contabilidade e tributação,"""0411C01""",Contabilidade,Fora de CT&I,1,130,0,57,32,69,0
2024,2402,Centro Universitário UNIFTC,1280924,Gestão Financeira,2927408.0,Salvador,BA,Presencial,Presencial (município de oferta),Tecnológico,04,"Negócios, administração e direito",041,Negócios e administração,0412,"Finanças, bancos e seguros","""0412G01""",Gestão financeira,Fora de CT&I,1,0,0,0,0,1,1
2024,40,UNIVERSIDADE DO ESTADO DA BAHIA,1268539,Administração,2910727.0,Eunápolis,BA,Presencial,Presencial (município de oferta),Bacharelado,04,"Negócios, administração e direito",041,Negócios e administração,0413,Gestão e administração,"""0413A01""",Administração,Fora de CT&I,1,40,0,282,16,68,10
2024,688,UNIVERSIDADE ESTADUAL DO SUDOESTE DA BAHIA,1188201,Dança,2918001.0,Jequié,BA,Presencial,Presencial (município de oferta),Licenciatura,01,Educação,011,Educação,0114,Formação de professores em áreas específicas (exceto Letras),"""0114D01""",Dança formação de professor,Fora de CT&I,1,49,0,95,13,40,5
2024,688,UNIVERSIDADE ESTADUAL DO SUDOESTE DA BAHIA,1214163,Ciências Sociais,2933307.0,Vitória da Conquista,BA,Presencial,Presencial (município de oferta),Licenciatura,01,Educação,011,Educação,0114,Formação de professores em áreas específicas (exceto Letras),"""0114C03""",Ciências sociais formação de professor,Fora de CT&I,1,52,0,157,36,181,18
2024,1196,UNIVERSIDADE CESUMAR,1595777,Redes De Computadores,2911709.0,Guanambi,BA,EAD,EAD ofertado no Brasil (por município/polo),Tecnológico,06,Computação e Tecnologias da Informação e Comunicação (TIC),061,Computação e Tecnologias da Informação e Comunicação (TIC),0612,Infraestrutura e gestão de TIC,"""0612R01""",Redes de computadores,CT&I núcleo (STEM),0,0,0,0,1,1,0
2024,221,UNIVERSIDADE CRUZEIRO DO SUL,1285859,Gestão Ambiental,2907509.0,Catu,BA,EAD,EAD ofertado no Brasil (por município/polo),Tecnológico,07,"Engenharia, produção e construção",071,Engenharia e profissões correlatas,0712,Tecnologia de proteção ambiental,"""0712G01""",Gestão ambiental,CT&I núcleo (STEM),0,0,0,0,0,0,0
2024,1365,CENTRO UNIVERSITÁRIO ADVENTISTA DE SÃO PAULO,1599596,Gestão Da Tecnologia Da Informação,2927408.0,Salvador,BA,EAD,EAD ofertado no Brasil (por município/polo),Tecnológico,06,Computação e Tecnologias da Informação e Comunicação (TIC),061,Computação e Tecnologias da Informação e Comunicação (TIC),0612,Infraestrutura e gestão de TIC,"""0612G01""",Gestão da tecnologia da informação,CT&I núcleo (STEM),0,0,0,0,3,8,0
2024,1196,UNIVERSIDADE CESUMAR,1170053,Análise E Desenvolvimento De Sistemas,2917607.0,Jaguaquara,BA,EAD,EAD ofertado no Brasil (por município/polo),Tecnológico,06,Computação e Tecnologias da Informação e Comunicação (TIC),061,Computação e Tecnologias da Informação e Comunicação (TIC),0613,Análise e desenvolvimento de algoritmos e aplicações,"""0613S01""",Sistemas de informação,CT&I núcleo (STEM),0,0,0,0,1,4,1
2024,4751,CENTRO UNIVERSITÁRIO UNIFATECIE,1556769,Engenharia De Produção,2918001.0,Jequié,BA,EAD,EAD ofertado no Brasil (por município/polo),Bacharelado,07,"Engenharia, produção e construção",072,Produção e processamento,0725,Produção e processos de fabricação,"""0725E02""",Engenharia de produção,CT&I núcleo (STEM),0,0,0,0,1,2,0
2024,163,UNIVERSIDADE ESTÁCIO DE SÁ,1453298,Ciências Biológicas,2926608.0,Ribeira do Pombal,BA,EAD,EAD ofertado no Brasil (por município/polo),Bacharelado,05,"Ciências naturais, matemática e estatística",051,Ciências biológicas e correlatas,0511,Biologia,"""0511B01""",Biologia,CT&I núcleo (STEM),0,0,0,0,1,2,0
2024,4751,CENTRO UNIVERSITÁRIO UNIFATECIE,1631092,Engenharia De Controle E Automação,2927408.0,Salvador,BA,EAD,EAD ofertado no Brasil (por município/polo),Bacharelado,07,"Engenharia, produção e construção",071,Engenharia e profissões correlatas,0714,Eletrônica e automação,"""0714E05""",Engenharia de controle e automação,CT&I núcleo (STEM),0,0,0,0,5,5,0
2024,515,Centro Universitário Anhanguera Pitágoras Unopar de Niterói,1576414,Cibersegurança,2926707.0,Rio de Contas,BA,EAD,EAD ofertado no Brasil (por município/polo),Tecnológico,06,Computação e Tecnologias da Informação e Comunicação (TIC),061,Computação e Tecnologias da Informação e Comunicação (TIC),0612,Infraestrutura e gestão de TIC,"""0612D01""",Defesa cibernética,CT&I núcleo (STEM),0,0,0,0,1,1,0
2024,1196,UNIVERSIDADE CESUMAR,1314145,Engenharia De Produção,2928802.0,Santo Estêvão,BA,EAD,EAD ofertado no Brasil (por município/polo),Bacharelado,07,"Engenharia, produção e construção",072,Produção e processamento,0725,Produção e processos de fabricação,"""0725E02""",Engenharia de produção,CT&I núcleo (STEM),0,0,0,0,1,1,0
2024,298,Universidade Pitágoras Unopar Anhanguera,1548987,Arquitetura De Dados,2925303.0,Porto Seguro,BA,EAD,EAD ofertado no Brasil (por município/polo),Tecnológico,06,Computação e Tecnologias da Informação e Comunicação (TIC),061,Computação e Tecnologias da Informação e Comunicação (TIC),0612,Infraestrutura e gestão de TIC,"""0612B01""",Banco de dados,CT&I núcleo (STEM),0,0,0,0,3,3,1
