exercicio,demonstrativo,periodo,periodicidade,instituicao,cod_ibge,uf,populacao,anexo,esfera,rotulo,coluna,cod_conta,conta,valor
2025,RREO,6,B,Prefeitura Municipal de Salvador - BA,2927408,BA,2610987,RREO-Anexo 02,M,Total das Despesas Exceto Intra-Orçamentárias,DOTAÇÃO INICIAL,RREO2TotalDespesas,Tecnologia da Informação,32918000.0
2025,RREO,6,B,Prefeitura Municipal de Salvador - BA,2927408,BA,2610987,RREO-Anexo 02,M,Total das Despesas Exceto Intra-Orçamentárias,DOTAÇÃO INICIAL,RREO2TotalDespesas,Ciência e Tecnologia,189649000.0
2025,RREO,6,B,Prefeitura Municipal de Salvador - BA,2927408,BA,2610987,RREO-Anexo 02,M,Total das Despesas Exceto Intra-Orçamentárias,DOTAÇÃO INICIAL,RREO2TotalDespesas,Desenvolvimento Tecnológico e Engenharia,131314000.0
2025,RREO,6,B,Prefeitura Municipal de Salvador - BA,2927408,BA,2610987,RREO-Anexo 02,M,Total das Despesas Exceto Intra-Orçamentárias,DOTAÇÃO INICIAL,RREO2TotalDespesas,TOTAL (III) = (I + II),12598614000.0
2025,RREO,6,B,Prefeitura Municipal de Salvador - BA,2927408,BA,2610987,RREO-Anexo 02,M,Total das Despesas Exceto Intra-Orçamentárias,DOTAÇÃO ATUALIZADA (a),RREO2TotalDespesas,Tecnologia da Informação,28231122.0
2025,RREO,6,B,Prefeitura Municipal de Salvador - BA,2927408,BA,2610987,RREO-Anexo 02,M,Total das Despesas Exceto Intra-Orçamentárias,DOTAÇÃO ATUALIZADA (a),RREO2TotalDespesas,Ciência e Tecnologia,213431149.0
2025,RREO,6,B,Prefeitura Municipal de Salvador - BA,2927408,BA,2610987,RREO-Anexo 02,M,Total das Despesas Exceto Intra-Orçamentárias,DOTAÇÃO ATUALIZADA (a),RREO2TotalDespesas,Desenvolvimento Tecnológico e Engenharia,153957707.0
2025,RREO,6,B,Prefeitura Municipal de Salvador - BA,2927408,BA,2610987,RREO-Anexo 02,M,Total das Despesas Exceto Intra-Orçamentárias,DOTAÇÃO ATUALIZADA (a),RREO2TotalDespesas,TOTAL (III) = (I + II),14083870268.0
2025,RREO,6,B,Prefeitura Municipal de Salvador - BA,2927408,BA,2610987,RREO-Anexo 02,M,Total das Despesas Exceto Intra-Orçamentárias,DESPESAS EMPENHADAS NO BIMESTRE,RREO2TotalDespesas,Tecnologia da Informação,4849107.12
2025,RREO,6,B,Prefeitura Municipal de Salvador - BA,2927408,BA,2610987,RREO-Anexo 02,M,Total das Despesas Exceto Intra-Orçamentárias,DESPESAS EMPENHADAS NO BIMESTRE,RREO2TotalDespesas,Ciência e Tecnologia,38167282.3
2025,RREO,6,B,Prefeitura Municipal de Salvador - BA,2927408,BA,2610987,RREO-Anexo 02,M,Total das Despesas Exceto Intra-Orçamentárias,DESPESAS EMPENHADAS NO BIMESTRE,RREO2TotalDespesas,Desenvolvimento Tecnológico e Engenharia,27386965.56
2025,RREO,6,B,Prefeitura Municipal de Salvador - BA,2927408,BA,2610987,RREO-Anexo 02,M,Total das Despesas Exceto Intra-Orçamentárias,DESPESAS EMPENHADAS NO BIMESTRE,RREO2TotalDespesas,TOTAL (III) = (I + II),2305082016.29
2025,RREO,6,B,Prefeitura Municipal de Salvador - BA,2927408,BA,2610987,RREO-Anexo 02,M,Total das Despesas Exceto Intra-Orçamentárias,DESPESAS EMPENHADAS ATÉ O BIMESTRE (b),RREO2TotalDespesas,Tecnologia da Informação,27065427.17
2025,RREO,6,B,Prefeitura Municipal de Salvador - BA,2927408,BA,2610987,RREO-Anexo 02,M,Total das Despesas Exceto Intra-Orçamentárias,DESPESAS EMPENHADAS ATÉ O BIMESTRE (b),RREO2TotalDespesas,Ciência e Tecnologia,145258664.38
2025,RREO,6,B,Prefeitura Municipal de Salvador - BA,2927408,BA,2610987,RREO-Anexo 02,M,Total das Despesas Exceto Intra-Orçamentárias,DESPESAS EMPENHADAS ATÉ O BIMESTRE (b),RREO2TotalDespesas,Desenvolvimento Tecnológico e Engenharia,89729144.75
2025,RREO,6,B,Prefeitura Municipal de Salvador - BA,2927408,BA,2610987,RREO-Anexo 02,M,Total das Despesas Exceto Intra-Orçamentárias,DESPESAS EMPENHADAS ATÉ O BIMESTRE (b),RREO2TotalDespesas,TOTAL (III) = (I + II),12301390006.89
2025,RREO,6,B,Prefeitura Municipal de Salvador - BA,2927408,BA,2610987,RREO-Anexo 02,M,Total das Despesas Exceto Intra-Orçamentárias,% (b/total b),RREO2TotalDespesas,Tecnologia da Informação,0.22
2025,RREO,6,B,Prefeitura Municipal de Salvador - BA,2927408,BA,2610987,RREO-Anexo 02,M,Total das Despesas Exceto Intra-Orçamentárias,% (b/total b),RREO2TotalDespesas,Ciência e Tecnologia,1.18
2025,RREO,6,B,Prefeitura Municipal de Salvador - BA,2927408,BA,2610987,RREO-Anexo 02,M,Total das Despesas Exceto Intra-Orçamentárias,% (b/total b),RREO2TotalDespesas,Desenvolvimento Tecnológico e Engenharia,0.73
2025,RREO,6,B,Prefeitura Municipal de Salvador - BA,2927408,BA,2610987,RREO-Anexo 02,M,Total das Despesas Exceto Intra-Orçamentárias,% (b/total b),RREO2TotalDespesas,TOTAL (III) = (I + II),100.0
2025,RREO,6,B,Prefeitura Municipal de Salvador - BA,2927408,BA,2610987,RREO-Anexo 02,M,Total das Despesas Exceto Intra-Orçamentárias,SALDO (c) = (a-b),RREO2TotalDespesas,Tecnologia da Informação,1165694.83
2025,RREO,6,B,Prefeitura Municipal de Salvador - BA,2927408,BA,2610987,RREO-Anexo 02,M,Total das Despesas Exceto Intra-Orçamentárias,SALDO (c) = (a-b),RREO2TotalDespesas,Ciência e Tecnologia,68172484.62
2025,RREO,6,B,Prefeitura Municipal de Salvador - BA,2927408,BA,2610987,RREO-Anexo 02,M,Total das Despesas Exceto Intra-Orçamentárias,SALDO (c) = (a-b),RREO2TotalDespesas,Desenvolvimento Tecnológico e Engenharia,64228562.25
2025,RREO,6,B,Prefeitura Municipal de Salvador - BA,2927408,BA,2610987,RREO-Anexo 02,M,Total das Despesas Exceto Intra-Orçamentárias,SALDO (c) = (a-b),RREO2TotalDespesas,TOTAL (III) = (I + II),1782480261.11
2025,RREO,6,B,Prefeitura Municipal de Salvador - BA,2927408,BA,2610987,RREO-Anexo 02,M,Total das Despesas Exceto Intra-Orçamentárias,DESPESAS LIQUIDADAS NO BIMESTRE,RREO2TotalDespesas,Tecnologia da Informação,4429984.69
2025,RREO,6,B,Prefeitura Municipal de Salvador - BA,2927408,BA,2610987,RREO-Anexo 02,M,Total das Despesas Exceto Intra-Orçamentárias,DESPESAS LIQUIDADAS NO BIMESTRE,RREO2TotalDespesas,Ciência e Tecnologia,29284012.66
2025,RREO,6,B,Prefeitura Municipal de Salvador - BA,2927408,BA,2610987,RREO-Anexo 02,M,Total das Despesas Exceto Intra-Orçamentárias,DESPESAS LIQUIDADAS NO BIMESTRE,RREO2TotalDespesas,Desenvolvimento Tecnológico e Engenharia,18170619.11
2025,RREO,6,B,Prefeitura Municipal de Salvador - BA,2927408,BA,2610987,RREO-Anexo 02,M,Total das Despesas Exceto Intra-Orçamentárias,DESPESAS LIQUIDADAS NO BIMESTRE,RREO2TotalDespesas,TOTAL (III) = (I + II),2496098158.89
2025,RREO,6,B,Prefeitura Municipal de Salvador - BA,2927408,BA,2610987,RREO-Anexo 02,M,Total das Despesas Exceto Intra-Orçamentárias,DESPESAS LIQUIDADAS ATÉ O BIMESTRE (d),RREO2TotalDespesas,Tecnologia da Informação,23912936.13
2025,RREO,6,B,Prefeitura Municipal de Salvador - BA,2927408,BA,2610987,RREO-Anexo 02,M,Total das Despesas Exceto Intra-Orçamentárias,DESPESAS LIQUIDADAS ATÉ O BIMESTRE (d),RREO2TotalDespesas,Ciência e Tecnologia,129373331.97
2025,RREO,6,B,Prefeitura Municipal de Salvador - BA,2927408,BA,2610987,RREO-Anexo 02,M,Total das Despesas Exceto Intra-Orçamentárias,DESPESAS LIQUIDADAS ATÉ O BIMESTRE (d),RREO2TotalDespesas,Desenvolvimento Tecnológico e Engenharia,75318995.21
2025,RREO,6,B,Prefeitura Municipal de Salvador - BA,2927408,BA,2610987,RREO-Anexo 02,M,Total das Despesas Exceto Intra-Orçamentárias,DESPESAS LIQUIDADAS ATÉ O BIMESTRE (d),RREO2TotalDespesas,TOTAL (III) = (I + II),11899037498.75
2025,RREO,6,B,Prefeitura Municipal de Salvador - BA,2927408,BA,2610987,RREO-Anexo 02,M,Total das Despesas Exceto Intra-Orçamentárias,% (d/total d),RREO2TotalDespesas,Tecnologia da Informação,0.2
2025,RREO,6,B,Prefeitura Municipal de Salvador - BA,2927408,BA,2610987,RREO-Anexo 02,M,Total das Despesas Exceto Intra-Orçamentárias,% (d/total d),RREO2TotalDespesas,Ciência e Tecnologia,1.09
2025,RREO,6,B,Prefeitura Municipal de Salvador - BA,2927408,BA,2610987,RREO-Anexo 02,M,Total das Despesas Exceto Intra-Orçamentárias,% (d/total d),RREO2TotalDespesas,Desenvolvimento Tecnológico e Engenharia,0.63
2025,RREO,6,B,Prefeitura Municipal de Salvador - BA,2927408,BA,2610987,RREO-Anexo 02,M,Total das Despesas Exceto Intra-Orçamentárias,% (d/total d),RREO2TotalDespesas,TOTAL (III) = (I + II),100.0
2025,RREO,6,B,Prefeitura Municipal de Salvador - BA,2927408,BA,2610987,RREO-Anexo 02,M,Total das Despesas Exceto Intra-Orçamentárias,SALDO (e) = (a-d),RREO2TotalDespesas,Tecnologia da Informação,4318185.87
2025,RREO,6,B,Prefeitura Municipal de Salvador - BA,2927408,BA,2610987,RREO-Anexo 02,M,Total das Despesas Exceto Intra-Orçamentárias,SALDO (e) = (a-d),RREO2TotalDespesas,Ciência e Tecnologia,84057817.03
2025,RREO,6,B,Prefeitura Municipal de Salvador - BA,2927408,BA,2610987,RREO-Anexo 02,M,Total das Despesas Exceto Intra-Orçamentárias,SALDO (e) = (a-d),RREO2TotalDespesas,Desenvolvimento Tecnológico e Engenharia,78638711.79
2025,RREO,6,B,Prefeitura Municipal de Salvador - BA,2927408,BA,2610987,RREO-Anexo 02,M,Total das Despesas Exceto Intra-Orçamentárias,SALDO (e) = (a-d),RREO2TotalDespesas,TOTAL (III) = (I + II),2184832769.25
2025,RREO,6,B,Prefeitura Municipal de Salvador - BA,2927408,BA,2610987,RREO-Anexo 02,M,Total das Despesas Exceto Intra-Orçamentárias,INSCRITAS EM RESTOS A PAGAR NÃO PROCESSADOS (f),RREO2TotalDespesas,Tecnologia da Informação,3152491.04
2025,RREO,6,B,Prefeitura Municipal de Salvador - BA,2927408,BA,2610987,RREO-Anexo 02,M,Total das Despesas Exceto Intra-Orçamentárias,INSCRITAS EM RESTOS A PAGAR NÃO PROCESSADOS (f),RREO2TotalDespesas,Ciência e Tecnologia,15885332.41
2025,RREO,6,B,Prefeitura Municipal de Salvador - BA,2927408,BA,2610987,RREO-Anexo 02,M,Total das Despesas Exceto Intra-Orçamentárias,INSCRITAS EM RESTOS A PAGAR NÃO PROCESSADOS (f),RREO2TotalDespesas,Desenvolvimento Tecnológico e Engenharia,14410149.54
2025,RREO,6,B,Prefeitura Municipal de Salvador - BA,2927408,BA,2610987,RREO-Anexo 02,M,Total das Despesas Exceto Intra-Orçamentárias,INSCRITAS EM RESTOS A PAGAR NÃO PROCESSADOS (f),RREO2TotalDespesas,TOTAL (III) = (I + II),402352508.14
2025,RREO,6,B,Prefeitura Municipal de Salvador - BA,2927408,BA,2610987,RREO-Anexo 02,M,Total das Despesas Intra-Orçamentárias,DOTAÇÃO INICIAL,RREO2TotalDespesasIntra,Ciência e Tecnologia,90000.0
2025,RREO,6,B,Prefeitura Municipal de Salvador - BA,2927408,BA,2610987,RREO-Anexo 02,M,Total das Despesas Intra-Orçamentárias,DOTAÇÃO ATUALIZADA (a),RREO2TotalDespesasIntra,Ciência e Tecnologia,104000.0
2025,RREO,6,B,Prefeitura Municipal de Salvador - BA,2927408,BA,2610987,RREO-Anexo 02,M,Total das Despesas Intra-Orçamentárias,DESPESAS EMPENHADAS NO BIMESTRE,RREO2TotalDespesasIntra,Ciência e Tecnologia,27297.75
2025,RREO,6,B,Prefeitura Municipal de Salvador - BA,2927408,BA,2610987,RREO-Anexo 02,M,Total das Despesas Intra-Orçamentárias,DESPESAS EMPENHADAS ATÉ O BIMESTRE (b),RREO2TotalDespesasIntra,Ciência e Tecnologia,92318.04
2025,RREO,6,B,Prefeitura Municipal de Salvador - BA,2927408,BA,2610987,RREO-Anexo 02,M,Total das Despesas Intra-Orçamentárias,SALDO (c) = (a-b),RREO2TotalDespesasIntra,Ciência e Tecnologia,11681.96
2025,RREO,6,B,Prefeitura Municipal de Salvador - BA,2927408,BA,2610987,RREO-Anexo 02,M,Total das Despesas Intra-Orçamentárias,DESPESAS LIQUIDADAS NO BIMESTRE,RREO2TotalDespesasIntra,Ciência e Tecnologia,27297.75
2025,RREO,6,B,Prefeitura Municipal de Salvador - BA,2927408,BA,2610987,RREO-Anexo 02,M,Total das Despesas Intra-Orçamentárias,DESPESAS LIQUIDADAS ATÉ O BIMESTRE (d),RREO2TotalDespesasIntra,Ciência e Tecnologia,92318.04
2025,RREO,6,B,Prefeitura Municipal de Salvador - BA,2927408,BA,2610987,RREO-Anexo 02,M,Total das Despesas Intra-Orçamentárias,SALDO (e) = (a-d),RREO2TotalDespesasIntra,Ciência e Tecnologia,11681.96
