exercicio,instituicao,cod_ibge,uf,anexo,rotulo,coluna,cod_conta,conta,valor,populacao
2024,Prefeitura Municipal de Salvador - BA,2927408,BA,DCA-Anexo I-C,Padrão,Receitas Brutas Realizadas,ReceitasExcetoIntraOrcamentarias,RECEITAS (EXCETO INTRA-ORÇAMENTÁRIAS) (I),13979792584.69,2610987
2024,Prefeitura Municipal de Salvador - BA,2927408,BA,DCA-Anexo I-C,Padrão,Deduções - FUNDEB,ReceitasExcetoIntraOrcamentarias,RECEITAS (EXCETO INTRA-ORÇAMENTÁRIAS) (I),566287718.73,2610987
2024,Prefeitura Municipal de Salvador - BA,2927408,BA,DCA-Anexo I-C,Padrão,Outras Deduções da Receita,ReceitasExcetoIntraOrcamentarias,RECEITAS (EXCETO INTRA-ORÇAMENTÁRIAS) (I),1696022159.32,2610987
2024,Prefeitura Municipal de Salvador - BA,2927408,BA,DCA-Anexo I-C,Padrão,Receitas Brutas Realizadas,RO1.0.0.0.00.0.0,1.0.0.0.00.0.0 - Receitas Correntes,13000344191.33,2610987
2024,Prefeitura Municipal de Salvador - BA,2927408,BA,DCA-Anexo I-C,Padrão,Deduções - FUNDEB,RO1.0.0.0.00.0.0,1.0.0.0.00.0.0 - Receitas Correntes,566287718.73,2610987
2024,Prefeitura Municipal de Salvador - BA,2927408,BA,DCA-Anexo I-C,Padrão,Outras Deduções da Receita,RO1.0.0.0.00.0.0,1.0.0.0.00.0.0 - Receitas Correntes,1696022159.32,2610987
2024,Prefeitura Municipal de Salvador - BA,2927408,BA,DCA-Anexo I-C,Padrão,Receitas Brutas Realizadas,RO1.1.0.0.00.0.0,"1.1.0.0.00.0.0 - Impostos, Taxas e Contribuições de Melhoria",6350479492.11,2610987
2024,Prefeitura Municipal de Salvador - BA,2927408,BA,DCA-Anexo I-C,Padrão,Outras Deduções da Receita,RO1.1.0.0.00.0.0,"1.1.0.0.00.0.0 - Impostos, Taxas e Contribuições de Melhoria",1694703851.46,2610987
2024,Prefeitura Municipal de Salvador - BA,2927408,BA,DCA-Anexo I-C,Padrão,Receitas Brutas Realizadas,RO1.1.1.0.00.0.0,1.1.1.0.00.0.0 - Impostos,5667255784.83,2610987
2024,Prefeitura Municipal de Salvador - BA,2927408,BA,DCA-Anexo I-C,Padrão,Outras Deduções da Receita,RO1.1.1.0.00.0.0,1.1.1.0.00.0.0 - Impostos,1597252702.64,2610987
2024,Prefeitura Municipal de Salvador - BA,2927408,BA,DCA-Anexo I-C,Padrão,Receitas Brutas Realizadas,RO1.1.1.2.00.0.0,1.1.1.2.00.0.0 - Impostos sobre o Patrimônio,2990884286.86,2610987
2024,Prefeitura Municipal de Salvador - BA,2927408,BA,DCA-Anexo I-C,Padrão,Outras Deduções da Receita,RO1.1.1.2.00.0.0,1.1.1.2.00.0.0 - Impostos sobre o Patrimônio,1405954954.82,2610987
2024,Prefeitura Municipal de Salvador - BA,2927408,BA,DCA-Anexo I-C,Padrão,Receitas Brutas Realizadas,RO1.1.1.2.50.0.0,1.1.1.2.50.0.0 - Imposto sobre a Propriedade Predial e Territorial Urbana,2629010807.91,2610987
2024,Prefeitura Municipal de Salvador - BA,2927408,BA,DCA-Anexo I-C,Padrão,Outras Deduções da Receita,RO1.1.1.2.50.0.0,1.1.1.2.50.0.0 - Imposto sobre a Propriedade Predial e Territorial Urbana,1388486056.17,2610987
2024,Prefeitura Municipal de Salvador - BA,2927408,BA,DCA-Anexo I-C,Padrão,Receitas Brutas Realizadas,RO1.1.1.2.53.0.0,"1.1.1.2.53.0.0 - Impostos sobre Transmissão ""Inter Vivos"" de Bens Imóveis e de Direitos Reais sobre Imóveis",361873478.95,2610987
2024,Prefeitura Municipal de Salvador - BA,2927408,BA,DCA-Anexo I-C,Padrão,Outras Deduções da Receita,RO1.1.1.2.53.0.0,"1.1.1.2.53.0.0 - Impostos sobre Transmissão ""Inter Vivos"" de Bens Imóveis e de Direitos Reais sobre Imóveis",17468898.65,2610987
2024,Prefeitura Municipal de Salvador - BA,2927408,BA,DCA-Anexo I-C,Padrão,Receitas Brutas Realizadas,RO1.1.1.3.00.0.0,1.1.1.3.00.0.0 - Impostos sobre a Renda e Proventos de Qualquer Natureza,505967224.08,2610987
2024,Prefeitura Municipal de Salvador - BA,2927408,BA,DCA-Anexo I-C,Padrão,Receitas Brutas Realizadas,RO1.1.1.3.03.0.0,1.1.1.3.03.0.0 - Imposto sobre a Renda - Retido na Fonte,505967224.08,2610987
2024,Prefeitura Municipal de Salvador - BA,2927408,BA,DCA-Anexo I-C,Padrão,Receitas Brutas Realizadas,RO1.1.1.3.03.1.0,1.1.1.3.03.1.0 - Imposto sobre a Renda - Retido na Fonte - Trabalho,341270093.68,2610987
2024,Prefeitura Municipal de Salvador - BA,2927408,BA,DCA-Anexo I-C,Padrão,Receitas Brutas Realizadas,RO1.1.1.3.03.4.0,1.1.1.3.03.4.0 - Imposto sobre a Renda - Retido na Fonte - Outros Rendimentos,164697130.4,2610987
2024,Prefeitura Municipal de Salvador - BA,2927408,BA,DCA-Anexo I-C,Padrão,Receitas Brutas Realizadas,RO1.1.1.4.00.0.0,1.1.1.4.00.0.0 - Impostos sobre a Produção e Circulação de Mercadorias e Serviços,2170374138.62,2610987
2024,Prefeitura Municipal de Salvador - BA,2927408,BA,DCA-Anexo I-C,Padrão,Outras Deduções da Receita,RO1.1.1.4.00.0.0,1.1.1.4.00.0.0 - Impostos sobre a Produção e Circulação de Mercadorias e Serviços,191271796.31,2610987
2024,Prefeitura Municipal de Salvador - BA,2927408,BA,DCA-Anexo I-C,Padrão,Receitas Brutas Realizadas,RO1.1.1.4.51.0.0,1.1.1.4.51.0.0 - Impostos sobre Serviços,2170374138.62,2610987
2024,Prefeitura Municipal de Salvador - BA,2927408,BA,DCA-Anexo I-C,Padrão,Outras Deduções da Receita,RO1.1.1.4.51.0.0,1.1.1.4.51.0.0 - Impostos sobre Serviços,191271796.31,2610987
2024,Prefeitura Municipal de Salvador - BA,2927408,BA,DCA-Anexo I-C,Padrão,Receitas Brutas Realizadas,RO1.1.1.4.51.1.0,1.1.1.4.51.1.0 - Imposto sobre Serviços de Qualquer Natureza - ISSQN,2170374138.62,2610987
2024,Prefeitura Municipal de Salvador - BA,2927408,BA,DCA-Anexo I-C,Padrão,Outras Deduções da Receita,RO1.1.1.4.51.1.0,1.1.1.4.51.1.0 - Imposto sobre Serviços de Qualquer Natureza - ISSQN,191271796.31,2610987
2024,Prefeitura Municipal de Salvador - BA,2927408,BA,DCA-Anexo I-C,Padrão,Receitas Brutas Realizadas,RO1.1.1.9.00.0.0,1.1.1.9.00.0.0 - Outros Impostos,30135.27,2610987
2024,Prefeitura Municipal de Salvador - BA,2927408,BA,DCA-Anexo I-C,Padrão,Outras Deduções da Receita,RO1.1.1.9.00.0.0,1.1.1.9.00.0.0 - Outros Impostos,25951.51,2610987
2024,Prefeitura Municipal de Salvador - BA,2927408,BA,DCA-Anexo I-C,Padrão,Receitas Brutas Realizadas,RO1.1.2.0.00.0.0,1.1.2.0.00.0.0 - Taxas,683223707.28,2610987
2024,Prefeitura Municipal de Salvador - BA,2927408,BA,DCA-Anexo I-C,Padrão,Outras Deduções da Receita,RO1.1.2.0.00.0.0,1.1.2.0.00.0.0 - Taxas,97451148.82,2610987
2024,Prefeitura Municipal de Salvador - BA,2927408,BA,DCA-Anexo I-C,Padrão,Receitas Brutas Realizadas,RO1.1.2.1.00.0.0,1.1.2.1.00.0.0 - Taxas pelo Exercício do Poder de Polícia,257661039.18,2610987
2024,Prefeitura Municipal de Salvador - BA,2927408,BA,DCA-Anexo I-C,Padrão,Outras Deduções da Receita,RO1.1.2.1.00.0.0,1.1.2.1.00.0.0 - Taxas pelo Exercício do Poder de Polícia,8949227.23,2610987
2024,Prefeitura Municipal de Salvador - BA,2927408,BA,DCA-Anexo I-C,Padrão,Receitas Brutas Realizadas,RO1.1.2.1.01.0.0,"1.1.2.1.01.0.0 - Taxas de Inspeção, Controle e Fiscalização",245525573.01,2610987
2024,Prefeitura Municipal de Salvador - BA,2927408,BA,DCA-Anexo I-C,Padrão,Outras Deduções da Receita,RO1.1.2.1.01.0.0,"1.1.2.1.01.0.0 - Taxas de Inspeção, Controle e Fiscalização",8949227.23,2610987
2024,Prefeitura Municipal de Salvador - BA,2927408,BA,DCA-Anexo I-C,Padrão,Receitas Brutas Realizadas,RO1.1.2.1.04.0.0,1.1.2.1.04.0.0 - Taxa de Controle e Fiscalização Ambiental,1296436.01,2610987
2024,Prefeitura Municipal de Salvador - BA,2927408,BA,DCA-Anexo I-C,Padrão,Receitas Brutas Realizadas,RO1.1.2.1.50.0.0,1.1.2.1.50.0.0 - Taxa de Fiscalização de Vigilância Sanitária,10839030.16,2610987
2024,Prefeitura Municipal de Salvador - BA,2927408,BA,DCA-Anexo I-C,Padrão,Receitas Brutas Realizadas,RO1.1.2.2.00.0.0,1.1.2.2.00.0.0 - Taxas pela Prestação de Serviços,425562668.1,2610987
2024,Prefeitura Municipal de Salvador - BA,2927408,BA,DCA-Anexo I-C,Padrão,Outras Deduções da Receita,RO1.1.2.2.00.0.0,1.1.2.2.00.0.0 - Taxas pela Prestação de Serviços,88501921.59,2610987
2024,Prefeitura Municipal de Salvador - BA,2927408,BA,DCA-Anexo I-C,Padrão,Receitas Brutas Realizadas,RO1.1.2.2.01.0.0,1.1.2.2.01.0.0 - Taxas pela Prestação de Serviços em Geral,425562668.1,2610987
2024,Prefeitura Municipal de Salvador - BA,2927408,BA,DCA-Anexo I-C,Padrão,Outras Deduções da Receita,RO1.1.2.2.01.0.0,1.1.2.2.01.0.0 - Taxas pela Prestação de Serviços em Geral,88501921.59,2610987
