cod_ibge,instituicao,liquidado_total,liquidado_funcao19_CT,liquidado_subf_571_572_573,liquidado_subf_126_TI,populacao_2024,CT_por_habitante,CT_pct_despesa
2927408,Prefeitura Municipal de Salvador - BA,11942140067.18,120131322.15,49797583.83,30840413.85,2568928,46.76321101642397,1.0059446755288948
2919553,Prefeitura Municipal de Luís Eduardo Magalhães - BA,909727283.94,4728198.72,0.0,0.0,116662,40.52903876155046,0.5197380361642361
2922003,Prefeitura Municipal de Mucuri - BA,263138464.08,1240480.19,0.0,0.0,40005,31.00812873390826,0.471417280000109
2921500,Prefeitura Municipal de Monte Santo - BA,312745972.05,290514.07,290514.07,0.0,49823,5.830922866949,0.09289138660866728
2914901,Prefeitura Municipal de Itacaré - BA,168971790.79,48960.0,48960.0,0.0,29337,1.6688822988035585,0.028975250703739082
2919207,Prefeitura Municipal de Lauro de Freitas - BA,1102666562.98,42058.31,0.0,8441106.91,217960,0.19296343365755184,0.0038142364529795618
2912509,Prefeitura Municipal de Ibipitanga - BA,106949449.12,6400.0,6400.0,0.0,14316,0.44705224923162895,0.005984135545026545
2919926,Prefeitura Municipal de Madre de Deus - BA,296169063.72,1582.5,0.0,580615.85,19173,0.08253794398372712,0.0005343231936932159
2928059,Prefeitura Municipal de Santa Luzia - BA,75258785.19,0.0,0.0,0.0,14377,0.0,0.0
2928109,Prefeitura Municipal de Santa Maria da Vitória - BA,236630064.83,0.0,0.0,0.0,40467,0.0,0.0
2928208,Prefeitura Municipal de Santana - BA,115506413.15,0.0,0.0,0.0,25520,0.0,0.0
2928307,Prefeitura Municipal de Santanópolis - BA,54228815.63,0.0,0.0,0.0,9023,0.0,0.0
2928406,Prefeitura Municipal de Santa Rita de Cássia - BA,130463762.2,0.0,0.0,0.0,28826,0.0,0.0
2928505,Prefeitura Municipal de Santa Teresinha - BA,60798829.65,0.0,0.0,242931.0,10847,0.0,0.0
2928604,Prefeitura Municipal de Santo Amaro - BA,240004570.98,0.0,0.0,607522.5,58413,0.0,0.0
2928703,Prefeitura Municipal de Santo Antônio de Jesus - BA,447361909.06,0.0,0.0,0.0,109267,0.0,0.0
2902500,Prefeitura Municipal de Baianópolis - BA,83071045.59,0.0,0.0,0.0,14110,0.0,0.0
2929750,Prefeitura Municipal de Saubara - BA,66164882.58,0.0,0.0,0.0,11842,0.0,0.0
2903904,Prefeitura Municipal de Bom Jesus da Lapa - BA,359873509.27,0.0,0.0,0.0,68704,0.0,0.0
2903805,Prefeitura Municipal de Boa Vista do Tupim - BA,90022606.84,0.0,0.0,0.0,17307,0.0,0.0
2928802,Prefeitura Municipal de Santo Estêvão - BA,260652295.3,0.0,0.0,1055963.16,54940,0.0,0.0
2927705,Prefeitura Municipal de Santa Cruz Cabrália - BA,190218600.45,0.0,0.0,0.0,30862,0.0,0.0
2902609,Prefeitura Municipal de Baixa Grande - BA,88154023.67,0.0,0.0,459989.5,18680,0.0,0.0
2902708,Prefeitura Municipal de Barra - BA,230793215.36,0.0,0.0,0.0,53528,0.0,0.0
2902807,Prefeitura Municipal de Barra da Estiva - BA,110416866.77,0.0,0.0,0.0,27582,0.0,0.0
2902906,Prefeitura Municipal de Barra do Choça - BA,179739460.73,0.0,0.0,0.0,38481,0.0,0.0
2903003,Prefeitura Municipal de Barra do Mendes - BA,70957979.03,0.0,0.0,0.0,14345,0.0,0.0
2903102,Prefeitura Municipal de Barra do Rocha - BA,53968267.81,0.0,0.0,0.0,5920,0.0,0.0
2903201,Prefeitura Municipal de Barreiras - BA,927817539.02,0.0,0.0,100067.52,170667,0.0,0.0
2903235,Prefeitura Municipal de Barro Alto - BA,62540610.4,0.0,0.0,0.0,13911,0.0,0.0
2903276,Prefeitura Municipal de Barrocas - BA,130586161.26,0.0,0.0,0.0,15743,0.0,0.0
2903300,Prefeitura Municipal de Barro Preto - BA,50757992.46,0.0,0.0,0.0,5966,0.0,0.0
2903409,Prefeitura Municipal de Belmonte - BA,105055993.69,0.0,0.0,0.0,20567,0.0,0.0
2903508,Prefeitura Municipal de Belo Campo - BA,115621867.97,0.0,0.0,0.0,19042,0.0,0.0
2903607,Prefeitura Municipal de Biritinga - BA,115390105.77,0.0,0.0,0.0,15606,0.0,0.0
2903706,Prefeitura Municipal de Boa Nova - BA,70750390.33,0.0,0.0,0.0,14052,0.0,0.0
2929800,Prefeitura Municipal de Saúde - BA,58808795.13,0.0,0.0,0.0,10715,0.0,0.0
2929909,Prefeitura Municipal de Seabra - BA,192008508.76,0.0,0.0,0.0,48530,0.0,0.0
2930006,Prefeitura Municipal de Sebastião Laranjeiras - BA,53227347.52,0.0,0.0,0.0,9610,0.0,0.0
2930105,Prefeitura Municipal de Senhor do Bonfim - BA,320696438.16,0.0,0.0,3275147.82,77976,0.0,0.0
2930154,Prefeitura Municipal de Serra do Ramalho - BA,178182374.07,0.0,0.0,0.0,36119,0.0,0.0
2930204,Prefeitura Municipal de Sento Sé - BA,285284855.62,0.0,0.0,0.0,40147,0.0,0.0
2930303,Prefeitura Municipal de Serra Dourada - BA,90735784.01,0.0,0.0,0.0,17580,0.0,0.0
2930402,Prefeitura Municipal de Serra Preta - BA,90571037.36,0.0,0.0,0.0,18685,0.0,0.0
2930501,Prefeitura Municipal de Serrinha - BA,404908303.12,0.0,0.0,0.0,84428,0.0,0.0
2930600,Prefeitura Municipal de Serrolândia - BA,75252420.13,0.0,0.0,0.0,13831,0.0,0.0
2930709,Prefeitura Municipal de Simões Filho - BA,732667983.27,0.0,0.0,3072338.52,120394,0.0,0.0
2930758,Prefeitura Municipal de Sítio do Mato - BA,90145331.33,0.0,0.0,0.0,13935,0.0,0.0
2930766,Prefeitura Municipal de Sítio do Quinto - BA,81094845.69,0.0,0.0,0.0,14359,0.0,0.0
2930774,Prefeitura Municipal de Sobradinho - BA,146429907.35,0.0,0.0,34437.51,26959,0.0,0.0
2930907,Prefeitura Municipal de Tabocas do Brejo Velho - BA,74191564.33,0.0,0.0,0.0,12368,0.0,0.0
2931004,Prefeitura Municipal de Tanhaçu - BA,84079627.52,0.0,0.0,0.0,21741,0.0,0.0
2931053,Prefeitura Municipal de Tanque Novo - BA,113880801.26,0.0,0.0,0.0,17770,0.0,0.0
2931103,Prefeitura Municipal de Tanquinho - BA,51239044.59,0.0,0.0,0.0,7983,0.0,0.0
2931202,Prefeitura Municipal de Taperoá - BA,110528100.9,0.0,0.0,0.0,18571,0.0,0.0
2931301,Prefeitura Municipal de Tapiramutá - BA,89091630.5,0.0,0.0,0.0,16253,0.0,0.0
2931350,Prefeitura Municipal de Teixeira de Freitas - BA,640715138.0,0.0,0.0,0.0,153332,0.0,0.0
2931400,Prefeitura Municipal de Teodoro Sampaio - BA,42977620.32,0.0,0.0,0.0,7301,0.0,0.0
2931509,Prefeitura Municipal de Teofilândia - BA,120454563.88,0.0,0.0,0.0,21827,0.0,0.0
2931608,Prefeitura Municipal de Teolândia - BA,113283345.71,0.0,0.0,0.0,15919,0.0,0.0
2931707,Prefeitura Municipal de Terra Nova - BA,68074276.57,0.0,0.0,0.0,11035,0.0,0.0
2931806,Prefeitura Municipal de Tremedal - BA,92237620.33,0.0,0.0,0.0,16691,0.0,0.0
2931905,Prefeitura Municipal de Tucano - BA,283756350.55,0.0,0.0,0.0,50959,0.0,0.0
2932002,Prefeitura Municipal de Uauá - BA,184366299.61,0.0,0.0,0.0,25441,0.0,0.0
2932101,Prefeitura Municipal de Ubaíra - BA,111861898.63,0.0,0.0,0.0,19162,0.0,0.0
2932200,Prefeitura Municipal de Ubaitaba - BA,102050203.66,0.0,0.0,0.0,17967,0.0,0.0
2932309,Prefeitura Municipal de Ubatã - BA,97270681.89,0.0,0.0,0.0,16097,0.0,0.0
2932408,Prefeitura Municipal de Uibaí - BA,61791346.42,0.0,0.0,0.0,13880,0.0,0.0
2932457,Prefeitura Municipal de Umburanas - BA,87737821.85,0.0,0.0,0.0,13888,0.0,0.0
2932507,Prefeitura Municipal de Una - BA,121904878.03,0.0,0.0,0.0,18403,0.0,0.0
2932606,Prefeitura Municipal de Urandi - BA,115094983.51,0.0,0.0,0.0,15794,0.0,0.0
2932705,Prefeitura Municipal de Uruçuca - BA,108670819.33,0.0,0.0,3231.31,22130,0.0,0.0
2932804,Prefeitura Municipal de Utinga - BA,89007762.78,0.0,0.0,0.0,16691,0.0,0.0
2932903,Prefeitura Municipal de Valença - BA,408767635.27,0.0,0.0,0.0,90028,0.0,0.0
2933000,Prefeitura Municipal de Valente - BA,130945444.99,0.0,0.0,0.0,25126,0.0,0.0
2933059,Prefeitura Municipal de Várzea da Roça - BA,80216419.15,0.0,0.0,0.0,14279,0.0,0.0
2933109,Prefeitura Municipal de Várzea do Poço - BA,44629394.99,0.0,0.0,0.0,8344,0.0,0.0
2933158,Prefeitura Municipal de Várzea Nova - BA,75944337.26,0.0,0.0,0.0,13847,0.0,0.0
2933174,Prefeitura Municipal de Varzedo - BA,54347749.87,0.0,0.0,0.0,10296,0.0,0.0
2933208,Prefeitura Municipal de Vera Cruz - BA,212173999.46,0.0,0.0,0.0,44978,0.0,0.0
2933257,Prefeitura Municipal de Vereda - BA,43246714.45,0.0,0.0,0.0,6171,0.0,0.0
2933307,Prefeitura Municipal de Vitória da Conquista - BA,1486795083.09,0.0,0.0,0.0,394024,0.0,0.0
2933406,Prefeitura Municipal de Wagner - BA,44870749.87,0.0,0.0,0.0,9847,0.0,0.0
2933455,Prefeitura Municipal de Wanderley - BA,81251271.38,0.0,0.0,0.0,13436,0.0,0.0
2933505,Prefeitura Municipal de Wenceslau Guimarães - BA,126393450.23,0.0,0.0,345974.09,25430,0.0,0.0
2933604,Prefeitura Municipal de Xique-Xique - BA,240783942.92,0.0,0.0,501817.0,46979,0.0,0.0
2910776,Prefeitura Municipal de Feira da Mata - BA,37099492.39,0.0,0.0,0.0,5825,0.0,0.0
2910800,Prefeitura Municipal de Feira de Santana - BA,2101870244.02,0.0,0.0,6249173.86,657948,0.0,0.0
2910859,Prefeitura Municipal de Filadélfia - BA,117453807.43,0.0,0.0,0.0,18573,0.0,0.0
2910909,Prefeitura Municipal de Firmino Alves - BA,49847915.93,0.0,0.0,0.0,5006,0.0,0.0
2911006,Prefeitura Municipal de Floresta Azul - BA,49892026.2,0.0,0.0,0.0,11442,0.0,0.0
2911105,Prefeitura Municipal de Formosa do Rio Preto - BA,279173415.58,0.0,0.0,0.0,27421,0.0,0.0
2911204,Prefeitura Municipal de Gandu - BA,231711751.3,0.0,0.0,433905.25,33938,0.0,0.0
2911253,Prefeitura Municipal de Gavião - BA,39290287.6,0.0,0.0,0.0,4493,0.0,0.0
2911303,Prefeitura Municipal de Gentio do Ouro - BA,106314256.68,0.0,0.0,514471.31,11263,0.0,0.0
2911402,Prefeitura Municipal de Glória - BA,89154427.65,0.0,0.0,0.0,16072,0.0,0.0
2911501,Prefeitura Municipal de Gongogi - BA,51534816.23,0.0,0.0,0.0,5567,0.0,0.0
2911600,Prefeitura Municipal de Governador Mangabeira - BA,110121492.29,0.0,0.0,0.0,21314,0.0,0.0
2911659,Prefeitura Municipal de Guajeru - BA,47753879.64,0.0,0.0,0.0,8225,0.0,0.0
2911709,Prefeitura Municipal de Guanambi - BA,414837836.37,0.0,0.0,0.0,93065,0.0,0.0
2911808,Prefeitura Municipal de Guaratinga - BA,92306459.17,0.0,0.0,0.0,19490,0.0,0.0
2911857,Prefeitura Municipal de Heliópolis - BA,76753469.96,0.0,0.0,0.0,13074,0.0,0.0
2911907,Prefeitura Municipal de Iaçu - BA,147530680.67,0.0,0.0,0.0,25333,0.0,0.0
2912004,Prefeitura Municipal de Ibiassucê - BA,52294059.91,0.0,0.0,0.0,10754,0.0,0.0
2912103,Prefeitura Municipal de Ibicaraí - BA,104089398.95,0.0,0.0,0.0,22200,0.0,0.0
2912202,Prefeitura Municipal de Ibicoara - BA,130705382.87,0.0,0.0,0.0,21690,0.0,0.0
2912301,Prefeitura Municipal de Ibicuí - BA,88827865.4,0.0,0.0,0.0,14306,0.0,0.0
2912400,Prefeitura Municipal de Ibipeba - BA,81252195.97,0.0,0.0,0.0,17128,0.0,0.0
2912608,Prefeitura Municipal de Ibiquera - BA,28562770.01,0.0,0.0,0.0,3837,0.0,0.0
2912707,Prefeitura Municipal de Ibirapitanga - BA,115860498.51,0.0,0.0,0.0,26794,0.0,0.0
2912806,Prefeitura Municipal de Ibirapuã - BA,68286659.16,0.0,0.0,0.0,9259,0.0,0.0
2912905,Prefeitura Municipal de Ibirataia - BA,110490349.39,0.0,0.0,0.0,19375,0.0,0.0
2913002,Prefeitura Municipal de Ibitiara - BA,73817511.25,0.0,0.0,0.0,15062,0.0,0.0
2913101,Prefeitura Municipal de Ibititá - BA,86220478.59,0.0,0.0,0.0,17509,0.0,0.0
2913200,Prefeitura Municipal de Ibotirama - BA,179831225.79,0.0,0.0,0.0,27670,0.0,0.0
2913309,Prefeitura Municipal de Ichu - BA,40614686.51,0.0,0.0,0.0,6415,0.0,0.0
2913408,Prefeitura Municipal de Igaporã - BA,73663878.84,0.0,0.0,0.0,16047,0.0,0.0
2913457,Prefeitura Municipal de Igrapiúna - BA,74348944.51,0.0,0.0,0.0,13528,0.0,0.0
2913507,Prefeitura Municipal de Iguaí - BA,110786864.47,0.0,0.0,0.0,21897,0.0,0.0
2913606,Prefeitura Municipal de Ilhéus - BA,809707176.65,0.0,0.0,0.0,189028,0.0,0.0
2913705,Prefeitura Municipal de Inhambupe - BA,153683730.73,0.0,0.0,0.0,35397,0.0,0.0
2913804,Prefeitura Municipal de Ipecaetá - BA,100587083.78,0.0,0.0,0.0,14064,0.0,0.0
2913903,Prefeitura Municipal de Ipiaú - BA,229102889.45,0.0,0.0,154025.39,42507,0.0,0.0
2914000,Prefeitura Municipal de Ipirá - BA,253575739.04,0.0,0.0,0.0,59264,0.0,0.0
2914109,Prefeitura Municipal de Ipupiara - BA,48840526.26,0.0,0.0,0.0,10318,0.0,0.0
2914208,Prefeitura Municipal de Irajuba - BA,54280268.03,0.0,0.0,0.0,6255,0.0,0.0
2914307,Prefeitura Municipal de Iramaia - BA,72852805.88,0.0,0.0,0.0,11060,0.0,0.0
2914406,Prefeitura Municipal de Iraquara - BA,133120398.2,0.0,0.0,0.0,24759,0.0,0.0
2914505,Prefeitura Municipal de Irará - BA,149495298.78,0.0,0.0,0.0,29509,0.0,0.0
2914604,Prefeitura Municipal de Irecê - BA,355204257.04,0.0,0.0,0.0,78425,0.0,0.0
2914653,Prefeitura Municipal de Itabela - BA,152338308.7,0.0,0.0,0.0,29563,0.0,0.0
2914703,Prefeitura Municipal de Itaberaba - BA,309403658.96,0.0,0.0,0.0,68244,0.0,0.0
2914802,Prefeitura Municipal de Itabuna - BA,1204484700.85,0.0,0.0,455526.77,196676,0.0,0.0
2915007,Prefeitura Municipal de Itaeté - BA,77418564.05,0.0,0.0,0.0,13822,0.0,0.0
2915106,Prefeitura Municipal de Itagi - BA,94727653.75,0.0,0.0,0.0,14314,0.0,0.0
2915205,Prefeitura Municipal de Itagibá - BA,141275346.07,0.0,0.0,0.0,15792,0.0,0.0
2915304,Prefeitura Municipal de Itagimirim - BA,52381021.94,0.0,0.0,0.0,6512,0.0,0.0
2915353,Prefeitura Municipal de Itaguaçu da Bahia - BA,137372783.45,0.0,0.0,0.0,12683,0.0,0.0
2915403,Prefeitura Municipal de Itaju do Colônia - BA,47327531.62,0.0,0.0,0.0,6157,0.0,0.0
2915502,Prefeitura Municipal de Itajuípe - BA,121168611.0,0.0,0.0,0.0,19249,0.0,0.0
2915601,Prefeitura Municipal de Itamaraju - BA,297018314.28,0.0,0.0,0.0,62065,0.0,0.0
2915700,Prefeitura Municipal de Itamari - BA,38176022.48,0.0,0.0,0.0,7219,0.0,0.0
2915809,Prefeitura Municipal de Itambé - BA,103111739.56,0.0,0.0,0.0,25108,0.0,0.0
2915908,Prefeitura Municipal de Itanagra - BA,58062997.73,0.0,0.0,0.0,6087,0.0,0.0
2916005,Prefeitura Municipal de Itanhém - BA,85436498.9,0.0,0.0,0.0,18258,0.0,0.0
2916104,Prefeitura Municipal de Itaparica - BA,125760893.19,0.0,0.0,0.0,20369,0.0,0.0
2916203,Prefeitura Municipal de Itapé - BA,55147501.09,0.0,0.0,0.0,10658,0.0,0.0
2916302,Prefeitura Municipal de Itapebi - BA,62824868.3,0.0,0.0,0.0,9501,0.0,0.0
2916401,Prefeitura Municipal de Itapetinga - BA,296983805.4,0.0,0.0,0.0,68735,0.0,0.0
2916500,Prefeitura Municipal de Itapicuru - BA,194184658.49,0.0,0.0,0.0,33254,0.0,0.0
2916609,Prefeitura Municipal de Itapitanga - BA,67149288.48,0.0,0.0,0.0,10630,0.0,0.0
2916708,Prefeitura Municipal de Itaquara - BA,44325140.68,0.0,0.0,0.0,8448,0.0,0.0
2916807,Prefeitura Municipal de Itarantim - BA,95161107.5,0.0,0.0,0.0,17517,0.0,0.0
2916856,Prefeitura Municipal de Itatim - BA,108094644.5,0.0,0.0,0.0,16375,0.0,0.0
2916906,Prefeitura Municipal de Itiruçu - BA,63676326.42,0.0,0.0,0.0,11261,0.0,0.0
2917003,Prefeitura Municipal de Itiúba - BA,183153286.09,0.0,0.0,0.0,35491,0.0,0.0
2917102,Prefeitura Municipal de Itororó - BA,100537872.87,0.0,0.0,0.0,16945,0.0,0.0
2917201,Prefeitura Municipal de Ituaçu - BA,99596475.14,0.0,0.0,0.0,18493,0.0,0.0
2917300,Prefeitura Municipal de Ituberá - BA,133493356.03,0.0,0.0,0.0,22299,0.0,0.0
2917334,Prefeitura Municipal de Iuiú - BA,77241025.87,0.0,0.0,0.0,11532,0.0,0.0
2917359,Prefeitura Municipal de Jaborandi - BA,112111216.65,0.0,0.0,0.0,9592,0.0,0.0
2917409,Prefeitura Municipal de Jacaraci - BA,102691560.75,0.0,0.0,57608.44,14901,0.0,0.0
2917508,Prefeitura Municipal de Jacobina - BA,442296220.23,0.0,0.0,532107.84,86649,0.0,0.0
2917607,Prefeitura Municipal de Jaguaquara - BA,198417241.49,0.0,0.0,0.0,47738,0.0,0.0
2917706,Prefeitura Municipal de Jaguarari - BA,219562359.14,0.0,0.0,0.0,34440,0.0,0.0
2917805,Prefeitura Municipal de Jaguaripe - BA,116567671.68,0.0,0.0,0.0,18300,0.0,0.0
2917904,Prefeitura Municipal de Jandaíra - BA,76238862.24,0.0,0.0,17250.0,9535,0.0,0.0
2918001,Prefeitura Municipal de Jequié - BA,746145779.59,0.0,0.0,0.0,168733,0.0,0.0
2918100,Prefeitura Municipal de Jeremoabo - BA,189517318.63,0.0,0.0,0.0,39501,0.0,0.0
2918209,Prefeitura Municipal de Jiquiriçá - BA,102336483.08,0.0,0.0,0.0,14066,0.0,0.0
2918308,Prefeitura Municipal de Jitaúna - BA,99229069.33,0.0,0.0,0.0,14815,0.0,0.0
2918357,Prefeitura Municipal de João Dourado - BA,142095056.56,0.0,0.0,0.0,25799,0.0,0.0
2918407,Prefeitura Municipal de Juazeiro - BA,1214053735.67,0.0,0.0,344680.09,254481,0.0,0.0
2918456,Prefeitura Municipal de Jucuruçu - BA,49683359.52,0.0,0.0,0.0,9944,0.0,0.0
2918506,Prefeitura Municipal de Jussara - BA,97275677.28,0.0,0.0,0.0,16956,0.0,0.0
2918555,Prefeitura Municipal de Jussari - BA,52104740.33,0.0,0.0,0.0,6059,0.0,0.0
2918605,Prefeitura Municipal de Jussiape - BA,40024084.03,0.0,0.0,0.0,7585,0.0,0.0
2918704,Prefeitura Municipal de Lafaiete Coutinho - BA,36599771.45,0.0,0.0,0.0,4221,0.0,0.0
2918753,Prefeitura Municipal de Lagoa Real - BA,58053312.33,0.0,0.0,0.0,14546,0.0,0.0
2918803,Prefeitura Municipal de Laje - BA,119706069.24,0.0,0.0,0.0,21704,0.0,0.0
2918902,Prefeitura Municipal de Lajedão - BA,40628832.59,0.0,0.0,0.0,3986,0.0,0.0
2919009,Prefeitura Municipal de Lajedinho - BA,31655169.26,0.0,0.0,0.0,3621,0.0,0.0
2919058,Prefeitura Municipal de Lajedo do Tabocal - BA,58191255.43,0.0,0.0,0.0,7702,0.0,0.0
2919108,Prefeitura Municipal de Lamarão - BA,44349926.44,0.0,0.0,0.0,9305,0.0,0.0
2919157,Prefeitura Municipal de Lapão - BA,162356172.15,0.0,0.0,0.0,26998,0.0,0.0
2919306,Prefeitura Municipal de Lençóis - BA,72754296.4,0.0,0.0,0.0,11170,0.0,0.0
2919405,Prefeitura Municipal de Licínio de Almeida - BA,70402687.77,0.0,0.0,0.0,12208,0.0,0.0
2919504,Prefeitura Municipal de Livramento de Nossa Senhora - BA,222272209.44,0.0,0.0,0.0,46249,0.0,0.0
2919603,Prefeitura Municipal de Macajuba - BA,70126101.68,0.0,0.0,0.0,10758,0.0,0.0
2919702,Prefeitura Municipal de Macarani - BA,82073993.91,0.0,0.0,0.0,22596,0.0,0.0
2919801,Prefeitura Municipal de Macaúbas - BA,215146533.36,0.0,0.0,0.0,43725,0.0,0.0
2919900,Prefeitura Municipal de Macururé - BA,50652925.43,0.0,0.0,0.0,7455,0.0,0.0
2902658,Prefeitura Municipal de Banzaê - BA,103111739.56,0.0,0.0,0.0,12309,0.0,0.0
2919959,Prefeitura Municipal de Maetinga - BA,46330650.55,0.0,0.0,0.0,7212,0.0,0.0
2920007,Prefeitura Municipal de Maiquinique - BA,61054825.1,0.0,0.0,0.0,9011,0.0,0.0
2920106,Prefeitura Municipal de Mairi - BA,88658997.96,0.0,0.0,0.0,18161,0.0,0.0
2920205,Prefeitura Municipal de Malhada - BA,96272234.62,0.0,0.0,0.0,15834,0.0,0.0
2920304,Prefeitura Municipal de Malhada de Pedras - BA,62483024.31,0.0,0.0,0.0,8972,0.0,0.0
2920403,Prefeitura Municipal de Manoel Vitorino - BA,66386777.91,0.0,0.0,0.0,14295,0.0,0.0
2920452,Prefeitura Municipal de Mansidão - BA,66479032.38,0.0,0.0,0.0,14484,0.0,0.0
2920502,Prefeitura Municipal de Maracás - BA,158984731.19,0.0,0.0,0.0,29197,0.0,0.0
2920601,Prefeitura Municipal de Maragogipe - BA,192882845.63,0.0,0.0,0.0,37225,0.0,0.0
2920700,Prefeitura Municipal de Maraú - BA,132888859.13,0.0,0.0,0.0,25626,0.0,0.0
2920809,Prefeitura Municipal de Marcionílio Souza - BA,73146749.29,0.0,0.0,0.0,9507,0.0,0.0
2920908,Prefeitura Municipal de Mascote - BA,76470590.4,0.0,0.0,0.0,13941,0.0,0.0
2921005,Prefeitura Municipal de Mata de São João - BA,448043553.87,0.0,0.0,0.0,44839,0.0,0.0
2921054,Prefeitura Municipal de Matina - BA,66588974.62,0.0,0.0,0.0,10629,0.0,0.0
2921104,Prefeitura Municipal de Medeiros Neto - BA,130919538.59,0.0,0.0,0.0,22925,0.0,0.0
2921203,Prefeitura Municipal de Miguel Calmon - BA,112048777.03,0.0,0.0,0.0,25317,0.0,0.0
2921302,Prefeitura Municipal de Milagres - BA,65512148.29,0.0,0.0,0.0,11434,0.0,0.0
2921401,Prefeitura Municipal de Mirangaba - BA,116603232.96,0.0,0.0,0.0,16185,0.0,0.0
2921450,Prefeitura Municipal de Mirante - BA,50707229.6,0.0,0.0,0.0,10523,0.0,0.0
2927903,Prefeitura Municipal de Santa Inês - BA,84410777.77,0.0,0.0,0.0,10628,0.0,0.0
2921609,Prefeitura Municipal de Morpará - BA,51674660.67,0.0,0.0,0.0,8232,0.0,0.0
2921708,Prefeitura Municipal de Morro do Chapéu - BA,251526035.65,0.0,0.0,0.0,35224,0.0,0.0
2921807,Prefeitura Municipal de Mortugaba - BA,62927045.12,0.0,0.0,0.0,11487,0.0,0.0
2921906,Prefeitura Municipal de Mucugê - BA,85594817.08,0.0,0.0,0.0,12650,0.0,0.0
2928000,Prefeitura Municipal de Santaluz - BA,230492569.07,0.0,0.0,0.0,39922,0.0,0.0
2922052,Prefeitura Municipal de Mulungu do Morro - BA,86341406.22,0.0,0.0,0.0,13625,0.0,0.0
2922102,Prefeitura Municipal de Mundo Novo - BA,111771194.62,0.0,0.0,0.0,17417,0.0,0.0
2922201,Prefeitura Municipal de Muniz Ferreira - BA,45548567.91,0.0,0.0,0.0,7443,0.0,0.0
2922250,Prefeitura Municipal de Muquém de São Francisco - BA,79144621.48,0.0,0.0,0.0,10796,0.0,0.0
2922300,Prefeitura Municipal de Muritiba - BA,134457928.22,0.0,0.0,0.0,30146,0.0,0.0
2922409,Prefeitura Municipal de Mutuípe - BA,108650645.04,0.0,0.0,0.0,20612,0.0,0.0
2922508,Prefeitura Municipal de Nazaré - BA,191378362.76,0.0,0.0,0.0,28403,0.0,0.0
2922607,Prefeitura Municipal de Nilo Peçanha - BA,104889367.63,0.0,0.0,0.0,12418,0.0,0.0
2922656,Prefeitura Municipal de Nordestina - BA,133370528.15,0.0,0.0,0.0,19500,0.0,0.0
2922706,Prefeitura Municipal de Nova Canaã - BA,86540340.47,0.0,0.0,0.0,14035,0.0,0.0
2922730,Prefeitura Municipal de Nova Fátima - BA,45530772.72,0.0,0.0,0.0,8264,0.0,0.0
2922755,Prefeitura Municipal de Nova Ibiá - BA,51165451.55,0.0,0.0,0.0,6701,0.0,0.0
2922805,Prefeitura Municipal de Nova Itarana - BA,66258347.76,0.0,0.0,0.0,8059,0.0,0.0
2922854,Prefeitura Municipal de Nova Redenção - BA,37945178.24,0.0,0.0,0.0,7708,0.0,0.0
2922904,Prefeitura Municipal de Nova Soure - BA,130610328.53,0.0,0.0,0.0,24906,0.0,0.0
2923001,Prefeitura Municipal de Nova Viçosa - BA,180488989.62,0.0,0.0,0.0,41551,0.0,0.0
2923035,Prefeitura Municipal de Novo Horizonte - BA,88610819.49,0.0,0.0,0.0,11565,0.0,0.0
2923050,Prefeitura Municipal de Novo Triunfo - BA,87993931.57,0.0,0.0,0.0,11197,0.0,0.0
2923100,Prefeitura Municipal de Olindina - BA,124030112.69,0.0,0.0,453580.19,23085,0.0,0.0
2923209,Prefeitura Municipal de Oliveira dos Brejinhos - BA,147196651.46,0.0,0.0,0.0,21334,0.0,0.0
2923308,Prefeitura Municipal de Ouriçangas - BA,60334776.99,0.0,0.0,0.0,7939,0.0,0.0
2923357,Prefeitura Municipal de Ourolândia - BA,122237510.83,0.0,0.0,0.0,20037,0.0,0.0
2923407,Prefeitura Municipal de Palmas de Monte Alto - BA,91267402.87,0.0,0.0,0.0,20677,0.0,0.0
2923506,Prefeitura Municipal de Palmeiras - BA,50610670.67,0.0,0.0,0.0,10819,0.0,0.0
2923605,Prefeitura Municipal de Paramirim - BA,115102440.33,0.0,0.0,0.0,21009,0.0,0.0
2923704,Prefeitura Municipal de Paratinga - BA,151212427.23,0.0,0.0,0.0,30671,0.0,0.0
2923803,Prefeitura Municipal de Paripiranga - BA,143380473.44,0.0,0.0,0.0,27866,0.0,0.0
2923902,Prefeitura Municipal de Pau Brasil - BA,48641547.27,0.0,0.0,0.0,9584,0.0,0.0
2924009,Prefeitura Municipal de Paulo Afonso - BA,545065658.89,0.0,0.0,0.0,119128,0.0,0.0
2924058,Prefeitura Municipal de Pé de Serra - BA,82246009.34,0.0,0.0,0.0,13675,0.0,0.0
2924108,Prefeitura Municipal de Pedrão - BA,42105902.14,0.0,0.0,0.0,6415,0.0,0.0
2924207,Prefeitura Municipal de Pedro Alexandre - BA,86510086.18,0.0,0.0,0.0,14288,0.0,0.0
2924306,Prefeitura Municipal de Piatã - BA,110506417.35,0.0,0.0,0.0,20859,0.0,0.0
2924405,Prefeitura Municipal de Pilão Arcado - BA,161566655.01,0.0,0.0,0.0,37272,0.0,0.0
2924504,Prefeitura Municipal de Pindaí - BA,93879498.4,0.0,0.0,0.0,15146,0.0,0.0
2924603,Prefeitura Municipal de Pindobaçu - BA,138481270.33,0.0,0.0,0.0,19625,0.0,0.0
2924652,Prefeitura Municipal de Pintadas - BA,53828047.28,0.0,0.0,0.0,10656,0.0,0.0
2924678,Prefeitura Municipal de Piraí do Norte - BA,57975688.25,0.0,0.0,0.0,11429,0.0,0.0
2924702,Prefeitura Municipal de Piripá - BA,57131273.58,0.0,0.0,0.0,9255,0.0,0.0
2924801,Prefeitura Municipal de Piritiba - BA,86431638.71,0.0,0.0,0.0,17838,0.0,0.0
2905107,Prefeitura Municipal de Caém - BA,71293401.15,0.0,0.0,0.0,10729,0.0,0.0
2905156,Prefeitura Municipal de Caetanos - BA,68627196.0,0.0,0.0,0.0,11500,0.0,0.0
2905305,Prefeitura Municipal de Cafarnaum - BA,106837295.55,0.0,0.0,0.0,18039,0.0,0.0
2905404,Prefeitura Municipal de Cairu - BA,164304328.1,0.0,0.0,609624.02,18486,0.0,0.0
2905503,Prefeitura Municipal de Caldeirão Grande - BA,89187037.22,0.0,0.0,0.0,13566,0.0,0.0
2905602,Prefeitura Municipal de Camacan - BA,124448352.44,0.0,0.0,0.0,22756,0.0,0.0
2905701,Prefeitura Municipal de Camaçari - BA,2346110894.59,0.0,0.0,28554039.83,319394,0.0,0.0
2905800,Prefeitura Municipal de Camamu - BA,151390332.64,0.0,0.0,0.0,31775,0.0,0.0
2905909,Prefeitura Municipal de Campo Alegre de Lourdes - BA,170989308.56,0.0,0.0,0.0,32377,0.0,0.0
2906006,Prefeitura Municipal de Campo Formoso - BA,447797353.84,0.0,0.0,0.0,74894,0.0,0.0
2906105,Prefeitura Municipal de Canápolis - BA,48535539.19,0.0,0.0,0.0,10612,0.0,0.0
2906204,Prefeitura Municipal de Canarana - BA,137421664.0,0.0,0.0,0.0,24989,0.0,0.0
2906303,Prefeitura Municipal de Canavieiras - BA,144993467.43,0.0,0.0,0.0,34343,0.0,0.0
2906402,Prefeitura Municipal de Candeal - BA,40152585.86,0.0,0.0,0.0,7969,0.0,0.0
2906501,Prefeitura Municipal de Candeias - BA,668910247.69,0.0,0.0,0.0,75083,0.0,0.0
2906600,Prefeitura Municipal de Candiba - BA,62343632.74,0.0,0.0,0.0,13425,0.0,0.0
2906709,Prefeitura Municipal de Cândido Sales - BA,120330442.28,0.0,0.0,0.0,26465,0.0,0.0
2906808,Prefeitura Municipal de Cansanção - BA,264820381.68,0.0,0.0,0.0,39556,0.0,0.0
2906824,Prefeitura Municipal de Canudos - BA,104638862.97,0.0,0.0,0.0,16662,0.0,0.0
2906857,Prefeitura Municipal de Capela do Alto Alegre - BA,67553643.68,0.0,0.0,107302.6,11055,0.0,0.0
2906873,Prefeitura Municipal de Capim Grosso - BA,169801519.79,0.0,0.0,0.0,35228,0.0,0.0
2906899,Prefeitura Municipal de Caraíbas - BA,64776221.7,0.0,0.0,0.0,10260,0.0,0.0
2906907,Prefeitura Municipal de Caravelas - BA,140559807.06,0.0,0.0,0.0,21229,0.0,0.0
2907004,Prefeitura Municipal de Cardeal da Silva - BA,83744195.69,0.0,0.0,0.0,8634,0.0,0.0
2907103,Prefeitura Municipal de Carinhanha - BA,162964458.7,0.0,0.0,0.0,30375,0.0,0.0
2907202,Prefeitura Municipal de Casa Nova - BA,295160169.27,0.0,0.0,0.0,75815,0.0,0.0
2907301,Prefeitura Municipal de Castro Alves - BA,158971491.0,0.0,0.0,0.0,25471,0.0,0.0
2907400,Prefeitura Municipal de Catolândia - BA,29322183.46,0.0,0.0,0.0,3560,0.0,0.0
2907509,Prefeitura Municipal de Catu - BA,237693111.24,0.0,0.0,0.0,50153,0.0,0.0
2907558,Prefeitura Municipal de Caturama - BA,46472128.68,0.0,0.0,0.0,9115,0.0,0.0
2907608,Prefeitura Municipal de Central - BA,82310869.95,0.0,0.0,0.0,16849,0.0,0.0
2907707,Prefeitura Municipal de Chorrochó - BA,69319702.61,0.0,0.0,0.0,10929,0.0,0.0
2907806,Prefeitura Municipal de Cícero Dantas - BA,187706652.38,0.0,0.0,0.0,32268,0.0,0.0
2907905,Prefeitura Municipal de Cipó - BA,175682261.12,0.0,0.0,0.0,17836,0.0,0.0
2908002,Prefeitura Municipal de Coaraci - BA,92303525.98,0.0,0.0,0.0,17663,0.0,0.0
2908101,Prefeitura Municipal de Cocos - BA,127016070.45,0.0,0.0,0.0,19817,0.0,0.0
2908200,Prefeitura Municipal de Conceição da Feira - BA,128647973.51,0.0,0.0,0.0,21499,0.0,0.0
2908309,Prefeitura Municipal de Conceição do Almeida - BA,75907906.56,0.0,0.0,0.0,16184,0.0,0.0
2908408,Prefeitura Municipal de Conceição do Coité - BA,251331810.52,0.0,0.0,1800.0,71316,0.0,0.0
2908507,Prefeitura Municipal de Conceição do Jacuípe - BA,226482193.72,0.0,0.0,0.0,37409,0.0,0.0
2908606,Prefeitura Municipal de Conde - BA,131272473.66,0.0,0.0,427851.45,24434,0.0,0.0
2908705,Prefeitura Municipal de Condeúba - BA,92985437.3,0.0,0.0,0.0,17571,0.0,0.0
2908804,Prefeitura Municipal de Contendas do Sincorá - BA,33710356.13,0.0,0.0,0.0,4490,0.0,0.0
2908903,Prefeitura Municipal de Coração de Maria - BA,171852053.54,0.0,0.0,0.0,28258,0.0,0.0
2909000,Prefeitura Municipal de Cordeiros - BA,46371977.68,0.0,0.0,0.0,7763,0.0,0.0
2909109,Prefeitura Municipal de Coribe - BA,95265471.39,0.0,0.0,0.0,14464,0.0,0.0
2909208,Prefeitura Municipal de Coronel João Sá - BA,155217633.62,0.0,0.0,0.0,17593,0.0,0.0
2909307,Prefeitura Municipal de Correntina - BA,333974382.49,0.0,0.0,0.0,34179,0.0,0.0
2909406,Prefeitura Municipal de Cotegipe - BA,73546847.44,0.0,0.0,0.0,13472,0.0,0.0
2909505,Prefeitura Municipal de Cravolândia - BA,39687915.07,0.0,0.0,0.0,4514,0.0,0.0
2909604,Prefeitura Municipal de Crisópolis - BA,150551598.5,0.0,0.0,0.0,20343,0.0,0.0
2909703,Prefeitura Municipal de Cristópolis - BA,65950095.08,0.0,0.0,0.0,14514,0.0,0.0
2909802,Prefeitura Municipal de Cruz das Almas - BA,246723206.99,0.0,0.0,588916.8,63203,0.0,0.0
2909901,Prefeitura Municipal de Curaçá - BA,181853516.12,0.0,0.0,0.0,36021,0.0,0.0
2910008,Prefeitura Municipal de Dário Meira - BA,82860205.67,0.0,0.0,0.0,11094,0.0,0.0
2910057,Prefeitura Municipal de Dias d'Ávila - BA,344159075.14,0.0,0.0,919162.68,75053,0.0,0.0
2910107,Prefeitura Municipal de Dom Basílio - BA,70273735.58,0.0,0.0,0.0,12309,0.0,0.0
2910206,Prefeitura Municipal de Dom Macedo Costa - BA,33101433.57,0.0,0.0,0.0,4588,0.0,0.0
2910305,Prefeitura Municipal de Elísio Medrado - BA,48531048.13,0.0,0.0,0.0,8066,0.0,0.0
2910404,Prefeitura Municipal de Encruzilhada - BA,106721732.81,0.0,0.0,0.0,19535,0.0,0.0
2910503,Prefeitura Municipal de Entre Rios - BA,203479230.72,0.0,0.0,356072.5,39902,0.0,0.0
2910602,Prefeitura Municipal de Esplanada - BA,204196005.05,0.0,0.0,0.0,34146,0.0,0.0
2910701,Prefeitura Municipal de Euclides da Cunha - BA,375905487.3,0.0,0.0,0.0,64547,0.0,0.0
2910727,Prefeitura Municipal de Eunápolis - BA,516890112.38,0.0,0.0,1279587.24,120515,0.0,0.0
2910750,Prefeitura Municipal de Fátima - BA,118156405.09,0.0,0.0,0.0,18469,0.0,0.0
2924900,Prefeitura Municipal de Planaltino - BA,52112204.33,0.0,0.0,0.0,8254,0.0,0.0
2925006,Prefeitura Municipal de Planalto - BA,108639874.3,0.0,0.0,0.0,24036,0.0,0.0
2925105,Prefeitura Municipal de Poções - BA,194178962.18,0.0,0.0,0.0,50642,0.0,0.0
2925204,Prefeitura Municipal de Pojuca - BA,279985259.55,0.0,0.0,0.0,33608,0.0,0.0
2925253,Prefeitura Municipal de Ponto Novo - BA,136152566.8,0.0,0.0,0.0,18670,0.0,0.0
2925303,Prefeitura Municipal de Porto Seguro - BA,1024026892.13,0.0,0.0,2840918.28,181007,0.0,0.0
2925402,Prefeitura Municipal de Potiraguá - BA,55741110.28,0.0,0.0,0.0,10636,0.0,0.0
2925501,Prefeitura Municipal de Prado - BA,187320755.62,0.0,0.0,0.0,37241,0.0,0.0
2925600,Prefeitura Municipal de Presidente Dutra - BA,75579944.9,0.0,0.0,0.0,15650,0.0,0.0
2925709,Prefeitura Municipal de Presidente Jânio Quadros - BA,72430597.9,0.0,0.0,0.0,12986,0.0,0.0
2925758,Prefeitura Municipal de Presidente Tancredo Neves - BA,152718808.7,0.0,0.0,0.0,29343,0.0,0.0
2925808,Prefeitura Municipal de Queimadas - BA,129206872.55,0.0,0.0,0.0,27362,0.0,0.0
2925907,Prefeitura Municipal de Quijingue - BA,122519252.88,0.0,0.0,0.0,26457,0.0,0.0
2925931,Prefeitura Municipal de Quixabeira - BA,97969215.81,0.0,0.0,0.0,9815,0.0,0.0
2925956,Prefeitura Municipal de Rafael Jambeiro - BA,112345080.28,0.0,0.0,0.0,20146,0.0,0.0
2926004,Prefeitura Municipal de Remanso - BA,202663918.21,0.0,0.0,0.0,42746,0.0,0.0
2926103,Prefeitura Municipal de Retirolândia - BA,79083635.26,0.0,0.0,0.0,14147,0.0,0.0
2926202,Prefeitura Municipal de Riachão das Neves - BA,158002789.98,0.0,0.0,0.0,22323,0.0,0.0
2926301,Prefeitura Municipal de Riachão do Jacuípe - BA,136448590.88,0.0,0.0,364623.0,35118,0.0,0.0
2926400,Prefeitura Municipal de Riacho de Santana - BA,133531595.23,0.0,0.0,0.0,32103,0.0,0.0
2926509,Prefeitura Municipal de Ribeira do Amparo - BA,85884693.7,0.0,0.0,0.0,14525,0.0,0.0
2926608,Prefeitura Municipal de Ribeira do Pombal - BA,271391113.19,0.0,0.0,0.0,56170,0.0,0.0
2926657,Prefeitura Municipal de Ribeirão do Largo - BA,60189459.11,0.0,0.0,0.0,10039,0.0,0.0
2926707,Prefeitura Municipal de Rio de Contas - BA,64836035.57,0.0,0.0,0.0,13627,0.0,0.0
2926806,Prefeitura Municipal de Rio do Antônio - BA,79503085.64,0.0,0.0,0.0,13520,0.0,0.0
2926905,Prefeitura Municipal de Rio do Pires - BA,66904835.57,0.0,0.0,0.0,10801,0.0,0.0
2927002,Prefeitura Municipal de Rio Real - BA,185021050.27,0.0,0.0,0.0,36997,0.0,0.0
2927101,Prefeitura Municipal de Rodelas - BA,67306151.7,0.0,0.0,0.0,10801,0.0,0.0
2927200,Prefeitura Municipal de Ruy Barbosa - BA,122918880.51,0.0,0.0,0.0,29606,0.0,0.0
2927309,Prefeitura Municipal de Salinas da Margarida - BA,101137931.45,0.0,0.0,0.0,15568,0.0,0.0
2900108,Prefeitura Municipal de Abaíra - BA,36196946.7,0.0,0.0,0.0,7452,0.0,0.0
2900207,Prefeitura Municipal de Abaré - BA,97523660.91,0.0,0.0,0.0,18240,0.0,0.0
2900306,Prefeitura Municipal de Acajutiba - BA,114094544.26,0.0,0.0,0.0,14215,0.0,0.0
2900355,Prefeitura Municipal de Adustina - BA,98270879.16,0.0,0.0,0.0,14554,0.0,0.0
2900405,Prefeitura Municipal de Água Fria - BA,93720377.69,0.0,0.0,0.0,14871,0.0,0.0
2900504,Prefeitura Municipal de Érico Cardoso - BA,62558592.78,0.0,0.0,0.0,10948,0.0,0.0
2900603,Prefeitura Municipal de Aiquara - BA,43664143.98,0.0,0.0,0.0,4586,0.0,0.0
2900702,Prefeitura Municipal de Alagoinhas - BA,772697221.89,0.0,0.0,1593732.48,160662,0.0,0.0
2900801,Prefeitura Municipal de Alcobaça - BA,153253002.14,0.0,0.0,0.0,25494,0.0,0.0
2900900,Prefeitura Municipal de Almadina - BA,34859307.47,0.0,0.0,0.0,5327,0.0,0.0
2901007,Prefeitura Municipal de Amargosa - BA,192014073.51,0.0,0.0,0.0,38478,0.0,0.0
2901106,Prefeitura Municipal de Amélia Rodrigues - BA,111615191.3,0.0,0.0,0.0,24848,0.0,0.0
2901155,Prefeitura Municipal de América Dourada - BA,88702847.65,0.0,0.0,0.0,15583,0.0,0.0
2901205,Prefeitura Municipal de Anagé - BA,97579326.94,0.0,0.0,0.0,26715,0.0,0.0
2901304,Prefeitura Municipal de Andaraí - BA,86203360.82,0.0,0.0,0.0,13531,0.0,0.0
2901353,Prefeitura Municipal de Andorinha - BA,116841847.63,0.0,0.0,0.0,15485,0.0,0.0
2901403,Prefeitura Municipal de Angical - BA,72441033.86,0.0,0.0,0.0,14178,0.0,0.0
2901502,Prefeitura Municipal de Anguera - BA,86303087.26,0.0,0.0,0.0,11456,0.0,0.0
2901601,Prefeitura Municipal de Antas - BA,99784141.96,0.0,0.0,0.0,15061,0.0,0.0
2901700,Prefeitura Municipal de Antônio Cardoso - BA,59848597.25,0.0,0.0,0.0,11501,0.0,0.0
2901809,Prefeitura Municipal de Antônio Gonçalves - BA,67675672.12,0.0,0.0,0.0,11236,0.0,0.0
2901908,Prefeitura Municipal de Aporá - BA,87259157.36,0.0,0.0,0.0,16379,0.0,0.0
2901957,Prefeitura Municipal de Apuarema - BA,70182906.18,0.0,0.0,0.0,7114,0.0,0.0
2902005,Prefeitura Municipal de Aracatu - BA,73726411.82,0.0,0.0,0.0,14422,0.0,0.0
2902054,Prefeitura Municipal de Araças - BA,87195844.61,0.0,0.0,0.0,11946,0.0,0.0
2902104,Prefeitura Municipal de Araci - BA,365456968.39,0.0,0.0,0.0,50336,0.0,0.0
2902203,Prefeitura Municipal de Aramari - BA,72375379.01,0.0,0.0,156290.11,10122,0.0,0.0
2902252,Prefeitura Municipal de Arataca - BA,77429795.04,0.0,0.0,0.0,10463,0.0,0.0
2902302,Prefeitura Municipal de Aratuípe - BA,45965431.13,0.0,0.0,0.0,8981,0.0,0.0
2902401,Prefeitura Municipal de Aurelino Leal - BA,75932057.88,0.0,0.0,0.0,11409,0.0,0.0
2905008,Prefeitura Municipal de Caculé - BA,119488509.41,0.0,0.0,0.0,23246,0.0,0.0
2903953,Prefeitura Municipal de Bom Jesus da Serra - BA,48849168.81,0.0,0.0,0.0,10028,0.0,0.0
2904001,Prefeitura Municipal de Boninal - BA,68156751.94,0.0,0.0,0.0,14104,0.0,0.0
2904050,Prefeitura Municipal de Bonito - BA,103871735.26,0.0,0.0,0.0,16393,0.0,0.0
2904100,Prefeitura Municipal de Boquira - BA,101148810.7,0.0,0.0,0.0,19829,0.0,0.0
2904209,Prefeitura Municipal de Botuporã - BA,71540410.27,0.0,0.0,0.0,11411,0.0,0.0
2904308,Prefeitura Municipal de Brejões - BA,77851224.25,0.0,0.0,0.0,13272,0.0,0.0
2904407,Prefeitura Municipal de Brejolândia - BA,48415039.29,0.0,0.0,0.0,9377,0.0,0.0
2904506,Prefeitura Municipal de Brotas de Macaúbas - BA,67272895.05,0.0,0.0,0.0,12169,0.0,0.0
2904605,Prefeitura Municipal de Brumado - BA,330482336.62,0.0,0.0,0.0,74095,0.0,0.0
2904704,Prefeitura Municipal de Buerarema - BA,79909447.5,0.0,0.0,0.0,15056,0.0,0.0
2904753,Prefeitura Municipal de Buritirama - BA,103375175.5,0.0,0.0,0.0,20212,0.0,0.0
2904803,Prefeitura Municipal de Caatiba - BA,42147617.39,0.0,0.0,0.0,6224,0.0,0.0
2904852,Prefeitura Municipal de Cabaceiras do Paraguaçu - BA,110000101.44,0.0,0.0,0.0,17039,0.0,0.0
2904902,Prefeitura Municipal de Cachoeira - BA,,0.0,0.0,0.0,30550,0.0,
2927606,Prefeitura Municipal de Santa Brígida - BA,73140173.44,0.0,0.0,0.0,15421,0.0,0.0
2927507,Prefeitura Municipal de Santa Bárbara - BA,112797260.06,0.0,0.0,0.0,21723,0.0,0.0
2928901,Prefeitura Municipal de São Desidério - BA,400515454.2,0.0,0.0,0.0,34783,0.0,0.0
2928950,Prefeitura Municipal de São Domingos - BA,53219472.02,0.0,0.0,0.0,8693,0.0,0.0
2929008,Prefeitura Municipal de São Félix - BA,94201390.05,0.0,0.0,134137.6,11198,0.0,0.0
2929057,Prefeitura Municipal de São Félix do Coribe - BA,89777968.88,0.0,0.0,0.0,15740,0.0,0.0
2929107,Prefeitura Municipal de São Felipe - BA,137215512.27,0.0,0.0,0.0,20918,0.0,0.0
2929206,Prefeitura Municipal de São Francisco do Conde - BA,811849910.17,0.0,0.0,2388606.54,40932,0.0,0.0
2929255,Prefeitura Municipal de São Gabriel - BA,97773877.25,0.0,0.0,0.0,19210,0.0,0.0
2929305,Prefeitura Municipal de São Gonçalo dos Campos - BA,135870240.72,0.0,0.0,0.0,41909,0.0,0.0
2929354,Prefeitura Municipal de São José da Vitória - BA,32752950.21,0.0,0.0,0.0,5451,0.0,0.0
2929370,Prefeitura Municipal de São José do Jacuípe - BA,78277173.5,0.0,0.0,0.0,10556,0.0,0.0
2929404,Prefeitura Municipal de São Miguel das Matas - BA,55567201.31,0.0,0.0,0.0,10634,0.0,0.0
2929503,Prefeitura Municipal de São Sebastião do Passé - BA,236010203.2,0.0,0.0,0.0,42936,0.0,0.0
2929602,Prefeitura Municipal de Sapeaçu - BA,149385659.51,0.0,0.0,0.0,18609,0.0,0.0
2929701,Prefeitura Municipal de Sátiro Dias - BA,176672793.81,0.0,0.0,0.0,16485,0.0,0.0
2927804,Prefeitura Municipal de Santa Cruz da Vitória - BA,40760881.11,0.0,0.0,0.0,4721,0.0,0.0
