coluna,valor,acessos_BA,mes_referencia,uso_cti
Tecnologia,FTTH,1877773,2026-08,Conectividade avançada (fibra)
Tecnologia,ETHERNET,201629,2026-08,
Tecnologia,HFC,99016,2026-08,
Tecnologia,Wi-Fi,80137,2026-08,
Tecnologia,VSAT,40302,2026-08,
Tecnologia,FTTB,8455,2026-08,Conectividade avançada (fibra)
Tecnologia,ADSL2,7506,2026-08,
Tecnologia,FWA,6602,2026-08,
Tecnologia,HDSL,6347,2026-08,
Tecnologia,ADSL1,5692,2026-08,
Tecnologia,OFDMA/TDD,3801,2026-08,
Tecnologia,LTE,2420,2026-08,
Tecnologia,Cable Modem,1636,2026-08,
Tecnologia,WIMAX,870,2026-08,
Tecnologia,TDMA,540,2026-08,
Tecnologia,MMDS,85,2026-08,
Tecnologia,NR,77,2026-08,
Tecnologia,FR,25,2026-08,
Tecnologia,ATM,13,2026-08,
Tecnologia,DTH,8,2026-08,
Tecnologia,DWDM,2,2026-08,
Meio de Acesso,Fibra,2079476,2026-08,Conectividade avançada (fibra)
Meio de Acesso,Cabo Coaxial,107338,2026-08,
Meio de Acesso,Rádio,80807,2026-08,
Meio de Acesso,Satélite,40506,2026-08,
Meio de Acesso,Cabo Metálico,34809,2026-08,
Faixa de Velocidade,> 34Mbps,2176069,2026-08,Alta velocidade
Faixa de Velocidade,2Mbps a 12Mbps,79259,2026-08,
Faixa de Velocidade,12Mbps a 34Mbps,70467,2026-08,
Faixa de Velocidade,512kbps a 2Mbps,13054,2026-08,
Faixa de Velocidade,0Kbps a 512Kbps,4087,2026-08,
Tipo de Produto,INTERNET,2311740,2026-08,
Tipo de Produto,LINHA_DEDICADA,26105,2026-08,
Tipo de Produto,M2M,4595,2026-08,
Tipo de Produto,OUTROS,496,2026-08,
Tipo de Pessoa,Pessoa Física,2101060,2026-08,
Tipo de Pessoa,Pessoa Jurídica,241876,2026-08,
Porte da Prestadora,Pequeno Porte,1706469,2026-08,
Porte da Prestadora,Grande Porte,636467,2026-08,
