subsetor_cnae_codigo,subsetor_cnae_nome,n_operacoes_BA,valor_desembolsado_BA,n_inovacao_sim,cnae_tecnologico_aux
A0100000,"AGRICULTURA, PECUARIA E SERVICOS RELACIONADOS",2059,183682935.0,0,False
A0100000,"AGRICULTURA, PECUARIA E SERVICOS RELACIONADOS                    ",2,7118855.86,0,False
A0111300,CULTIVO DE CEREAIS,31,8433014.0,0,False
A0111302,CULTIVO DE MILHO,31,19933204.0,0,False
A0111399,CULTIVO DE OUTROS CEREAIS NAO ESPECIFICADOS ANTERIORMENTE,28,49255612.0,0,False
A0112100,CULTIVO DE ALGODAO HERBACEO E DE OUTRAS FIBRAS DE LAVOURA TEMPORA,5,945000.0,0,False
A0112101,CULTIVO DE ALGODAO HERBACEO,61,52673161.0,0,False
A0112199,CULT OUTRAS FIBRAS LAVOURA TEMPORARIA NAO ESPEC ANTERIORMENTE,3,505439.0,0,False
A0113000,CULTIVO DE CANA-DE-ACUCAR,82,34134072.0,0,False
A0114800,CULTIVO DE FUMO,2,1783350.0,0,False
A0115600,CULTIVO DE SOJA,461,354095425.0,0,False
A0116499,CULT OUTRAS OLEAGINOSAS LAVOURA TEMPORARIA NAO ESPEC ANTERIOR,42,16128206.0,0,False
A0119900,CULT PLANTAS LAVOURA TEMPORARIA NAO ESPECIFICADAS ANTERIORMENTE,436,48872573.0,0,False
A0119903,CULTIVO DE BATATA-INGLESA,32,9967598.0,0,False
A0119905,CULTIVO DE FEIJAO,8,3314761.0,0,False
A0119906,CULTIVO DE MANDIOCA,1,390000.0,0,False
A0119909,CULTIVO DE TOMATE RASTEIRO,2,340000.0,0,False
A0119999,CULT OUTRAS PLANTAS LAVOURA TEMPORARIA NAO ESPECI ANTERIORMENTE,8,10556000.0,0,False
A0120000,HORTICULTURA E FLORICULTURA,1,92000.0,0,False
A0121100,HORTICULTURA,127,1953808.0,0,False
A0121101,"HORTICULTURA, EXCETO MORANGO",30,7724761.0,0,False
A0122900,CULTIVO DE FLORES E PLANTAS ORNAMENTAIS,9,1727301.0,0,False
A0131800,CULTIVO DE LARANJA,130,4861565.0,0,False
A0132600,CULTIVO DE UVA,69,15153967.0,0,False
A0133402,CULTIVO DE BANANA,30,3754121.0,0,False
A0133403,CULTIVO DE CAJU,1,30000.0,0,False
A0133404,"CULTIVO DE CITRICOS, EXCETO LARANJA",454,8444363.0,0,False
A0133405,CULTIVO DE COCO-DA-BAIA,8,8326664.0,0,False
A0133408,CULTIVO DE MAMAO,30,7990621.0,0,False
A0133409,CULTIVO DE MARACUJA,2,595880.0,0,False
A0133410,CULTIVO DE MANGA,52,79879600.0,1,False
A0133499,CULTIVO FRUTAS DE LAVOURA PERMANENTE NAO ESPECIFICADAS ANTERIOR,15,5987015.0,0,False
A0134200,CULTIVO DE CAFE,133,36892339.0,0,False
A0134200,CULTIVO DE CAFE                                                  ,1,2418273.44,0,False
A0135100,CULTIVO DE CACAU,26,2344445.0,0,False
A0135100,CULTIVO DE CACAU                                                 ,6,41379301.88,6,False
A0139300,CULTIVO PLANTAS LAVOURA PERMANENTE NAO ESPECIFICADAS ANTERIOR,153,15847466.0,0,False
A0139306,CULTIVO DE SERINGUEIRA,2,202200.0,0,False
A0139399,CULTIVO OUTRAS PLANTAS LAVOURA PERMANENTE NAO ESPECIF ANTERIOR,37,5709784.0,0,False
A0141501,PRODUCAO SEMENTES CERTIFICADAS EXCETO DE FORRAGEIRAS PARA PASTO,18,15912407.0,0,False
A0141502,PRODUCAO SEMENTES CERTIFICADAS FORRAGEIRAS PARA FORMACAO PASTO,6,1434779.0,0,False
A0142300,"PRODUCAO MUDAS E OUTRAS FORMAS PROPAGACAO VEGETAL, CERTIFICADAS",4,530860.0,0,False
A0151200,CRIACAO DE BOVINOS,67,8054602.0,0,False
A0151201,CRIACAO DE BOVINOS PARA CORTE,255,54694566.0,0,False
A0151202,CRIACAO DE BOVINOS PARA LEITE,23,3449671.0,0,False
A0151203,"CRIACAO DE BOVINOS, EXCETO PARA CORTE E LEITE",1,183600.0,0,False
A0152102,CRIACAO DE EQUINOS,8,1249215.0,0,False
A0153901,CRIACAO DE CAPRINOS,2,292100.0,0,False
A0153902,"CRIACAO DE OVINOS, INCLUSIVE PARA PRODUCAO DE LA",183,6418723.0,0,False
A0154700,CRIACAO DE SUINOS,67,3414013.0,0,False
A0155500,CRIACAO DE AVES,108,10334451.0,0,False
A0155501,CRIACAO DE FRANGOS PARA CORTE,132,82390140.0,0,False
A0155502,PRODUCAO DE PINTOS DE UM DIA,3,542500.0,0,False
A0155503,"CRIACAO DE OUTROS GALINACEOS, EXCETO PARA CORTE",1,161695.0,0,False
A0155504,"CRIACAO DE AVES, EXCETO GALINACEOS",5,2497700.0,0,False
A0155505,PRODUCAO DE OVOS,43,3861220.0,0,False
A0159800,CRIACAO DE ANIMAIS NAO ESPECIFICADOS ANTERIORMENTE,98,3235162.0,0,False
A0159801,APICULTURA,5,165909.0,0,False
A0159899,CRIACAO DE OUTROS ANIMAIS NAO ESPECIFICADOS ANTERIORMENTE,2,172800.0,0,False
A0160000,"ATIV DE APOIO A AGRICULTURA E A PECUARIA, ATIVIDADES DE POS-COLHE",2,206000.0,0,False
A0161000,ATIVIDADES DE APOIO A AGRICULTURA,49,8486322.0,0,False
A0161001,SERVICO DE PULVERIZACAO E CONTROLE DE PRAGAS AGRICOLAS,18,3757726.0,0,False
A0161003,"SERVICO DE PREPARACAO DE TERRENO, CULTIVO E COLHEITA",87,23602659.0,0,False
A0161099,ATIVIDADES APOIO A AGRICULTURA NAO ESPECIFICADAS ANTERIORMENTE,137,120711445.0,0,False
A0162800,ATIVIDADES DE APOIO A PECUARIA,3,1466735.0,0,False
A0162899,ATIVIDADES DE APOIO A PECUARIA NAO ESPECIFICADAS ANTERIORMENTE,16,2609423.0,0,False
A0163600,ATIVIDADES DE POS-COLHEITA,17,27659092.0,0,False
A0200000,PRODUCAO FLORESTAL,2,1301640.0,0,False
A0210100,PRODUCAO FLORESTAL - FLORESTAS PLANTADAS,2,579925.0,0,False
A0210100,PRODUCAO FLORESTAL - FLORESTAS PLANTADAS                         ,13,305162343.85,0,False
A0210101,CULTIVO DE EUCALIPTO,16,18673108.0,0,False
A0210101,CULTIVO DE EUCALIPTO                                             ,3,490000000.0,0,False
A0210103,CULTIVO DE PINUS,9,1477866.0,0,False
A0210105,CULT ESPECIES MADEIR EXCETO EUCALIPTO ACACIA-NEGRA PINUS E TECA,6,1155784.0,0,False
A0210105,CULT ESPECIES MADEIR EXCETO EUCALIPTO ACACIA-NEGRA PINUS E TECA  ,1,26000000.0,0,False
A0210106,CULTIVO DE MUDAS EM VIVEIROS FLORESTAIS,1,1020000.0,0,False
A0210107,EXTRACAO DE MADEIRA EM FLORESTAS PLANTADAS,12,2507900.0,0,False
A0210108,PRODUCAO DE CARVAO VEGETAL - FLORESTAS PLANTADAS,9,1873800.0,0,False
A0210108,PRODUCAO DE CARVAO VEGETAL - FLORESTAS PLANTADAS                 ,2,0.0,0,False
A0210199,PROD PROD NAO-MADEIRA NAO ESPEC ANTERIOR EM FLORESTAS PLANTADAS,4,702728.0,0,False
A0220900,PRODUCAO FLORESTAL - FLORESTAS NATIVAS,2,465625.0,0,False
A0220902,PRODUCAO DE CARVAO VEGETAL - FLORESTAS NATIVAS,2,567400.0,0,False
A0220906,CONSERVACAO DE FLORESTAS NATIVAS,1,23000.0,0,False
A0220906,CONSERVACAO DE FLORESTAS NATIVAS                                 ,5,3851000.71,0,False
A0220999,COLETA PROD NAO-MADEIRA NAO ESPEC ANTERIOR EM FLORESTA NATIVA,1,59600.0,0,False
A0230600,ATIVIDADES DE APOIO A PRODUCAO FLORESTAL,107,30148696.0,0,False
A0311601,PESCA DE PEIXES EM AGUA SALGADA,1,104400.0,0,False
A0311603,COLETA DE OUTROS PRODUTOS MARINHOS,7,10638650.0,0,False
A0312402,PESCA DE CRUSTACEOS E MOLUSCOS EM AGUA DOCE,1,255000.0,0,False
A0320000,AQUICULTURA,9,1848996.0,0,False
A0321302,CRIACAO DE CAMAROES EM AGUA SALGADA E SALOBRA,3,733491.0,0,False
A0321399,CULT SEMICULT AQUICULT AGUA SALGADA E SALOBRA NAO ESPEC ANTERIOR,1,10000.0,0,False
A0322101,CRIACAO DE PEIXES EM AGUA DOCE,6,1056724.0,0,False
B0500300,EXTRACAO DE CARVAO MINERAL,2,189686.0,0,False
B0600000,EXTRACAO DE PETROLEO E GAS NATURAL                               ,12,348254852.67,0,False
B0600001,EXTRACAO DE PETROLEO E GAS NATURAL,3,5673691.0,0,False
B0710302,"PELOTIZACAO, SINTERIZACAO OUTROS BENEF DE MINERIO DE FERRO",1,265500.0,0,False
B0724302,BENEFICIAMENTO DE MINERIO DE METAIS PRECIOSOS,9,2059720.0,0,False
B0729400,EXTRACAO MINERAIS METALICOS NAO-FERROSOS NAO ESPECI ANTERIOR,1,10000000.0,0,False
B0729404,EXT MIN COBRE CHMBO ZNCO OUTR MIN MET NAO-FERRO NAO ESPEC ANTER,8,8455177.0,0,False
B0729404,EXT MIN COBRE CHMBO ZNCO OUTR MIN MET NAO-FERRO NAO ESPEC ANTER  ,6,362437153.31,0,False
B0729405,BNFC MIN CBRE CHMBO ZNCO OUTR MIN MET NAO-FERRO NAO ESPEC ANTER,9,1759419.0,0,False
B0810000,"EXTRACAO DE PEDRA, AREIA E ARGILA",34,8645781.0,0,False
B0810002,EXTRACAO DE GRANITO E BENEFICIAMENTO ASSOCIADO,40,19281941.0,2,False
B0810003,EXTRACAO DE MARMORE E BENEFICIAMENTO ASSOCIADO,23,6319237.0,0,False
B0810004,EXTRACAO DE CALCARIO E DOLOMITA E BENEFICIAMENTO ASSOCIADO,13,5216497.0,0,False
B0810006,EXTRACAO AREIA CASCALHO OU PEDREGULHO E BENEFICIAMENTO ASSOCIADO,66,20285499.0,2,False
B0810007,EXTRACAO DE ARGILA E BENEFICIAMENTO ASSOCIADO,12,4983490.0,0,False
B0810009,EXTRACAO DE BASALTO E BENEFICIAMENTO ASSOCIADO,2,665200.0,0,False
B0810010,BENEFICIAMENTO DE GESSO E CAULIM ASSOCIADO A EXTRACAO,1,680400.0,0,False
B0810099,EXTR BRIT PEDRAS OUTR MATERIAIS PARA CONSTRUCAO BENEF ASSOCIADO,227,106692424.0,6,False
B0891600,EXTRACAO MINERAIS P/FABRICACAO ADUBOS FERTLZ OUTR PROD QUIMICOS,11,5120277.0,0,False
B0899100,EXTRACAO MINERAIS NAO-METALICOS NAO ESPECIFICADOS ANTERIORMENTE,7,1571087.0,0,False
B0899102,EXTRACAO DE QUARTZO,2,102000.0,0,False
B0899199,EXTRACAO OUTROS MIN NAO-METALICOS NAO ESPECIFICADOS ANTERIOR,15,12454410.0,0,False
B0910600,ATIVIDADES DE APOIO A EXTRACAO DE PETROLEO E GAS NATURAL,28,7156141.0,0,False
B0990401,ATIVIDADES DE APOIO A EXTRACAO DE MINERIO DE FERRO,1,305884.0,0,False
B0990403,ATIVIDADES DE APOIO A EXTRACAO DE MINERAIS NAO-METALICOS,39,14458626.0,0,False
C1011200,"ABATE DE RESES, EXCETO SUINOS",14,1299799.0,0,False
C1011201,FRIGORIFICO - ABATE DE BOVINOS,107,28606989.0,0,False
C1011205,"MATADOURO - ABATE DE RESES SOB CONTRATO, EXCETO ABATE DE SUINOS",6,633560.0,0,False
C1012101,ABATE DE AVES,115,30369739.0,0,False
C1012102,ABATE DE PEQUENOS ANIMAIS,39,6601601.0,0,False
C1012103,FRIGORIFICO - ABATE DE SUINOS,2,827300.0,0,False
C1013900,FABRICACAO DE PRODUTOS DE CARNE,2,142048.0,0,False
C1013901,FABRICACAO DE PRODUTOS DE CARNE,71,12925644.0,0,False
C1013902,PREPARACAO DE SUBPRODUTOS DO ABATE,16,1874383.0,0,False
C1020100,PRESERVACAO DO PESCADO E FABRICACAO DE PRODUTOS DO PESCADO,1,39589.0,0,False
C1020101,"PRESERVACAO DE PEIXES, CRUSTACEOS E MOLUSCOS",6,4316732.0,0,False
C1020102,"FABRICACAO DE CONSERVAS DE PEIXES, CRUSTACEOS E MOLUSCOS",8,1879300.0,0,False
C1031700,FABRICACAO DE CONSERVAS DE FRUTAS,68,13363386.0,0,False
C1032500,FABRICACAO DE CONSERVAS DE LEGUMES E OUTROS VEGETAIS,1,500000.0,0,False
C1032599,FABRICACAO CONSERVAS DE LEGUMES E OUTROS VEGETAIS EXCETO PALMITO,3,1320400.0,0,False
C1033300,"FABRICACAO DE SUCOS DE FRUTAS, HORTALICAS E LEGUMES",1,69040.0,0,False
C1033301,"FABRICACAO DE SUCOS CONCENTRADOS DE FRUTAS, HORTALICAS E LEGUMES",34,5719665.0,0,False
C1033302,FABRICACAO SUCOS FRUTAS HORTALICAS E LEGUMES EXCETO CONCENTRADOS,19,8194555.0,0,False
C1041400,"FABRICACAO DE OLEOS VEGETAIS EM BRUTO, EXCETO OLEO DE MILHO",50,18029642.0,0,False
C1042200,"FABRICACAO DE OLEOS VEGETAIS REFINADOS, EXCETO OLEO DE MILHO",71,76263881.0,1,False
C1043100,FABRICACAO MARGRNA OUTR GORDURA VEGET OLEOS NAO-COMEST ANIMAL,4,5393072.0,0,False
C1050000,LATICINIOS,2,170327.0,0,False
C1051100,PREPARACAO DO LEITE,48,5930001.0,1,False
C1052000,FABRICACAO DE LATICINIOS,343,100492456.0,1,False
C1053800,FABRICACAO DE SORVETES E OUTROS GELADOS COMESTIVEIS,49,5887416.0,0,False
C1061900,BENEFICIAMENTO DE ARROZ E FABRICACAO DE PRODUTOS DO ARROZ,1,35750.0,0,False
C1061901,BENEFICIAMENTO DE ARROZ,12,1453567.0,0,False
C1062700,MOAGEM DE TRIGO E FABRICACAO DE DERIVADOS,38,41245622.0,0,False
C1062700,MOAGEM DE TRIGO E FABRICACAO DE DERIVADOS                        ,9,164901199.96,0,False
C1063500,FABRICACAO DE FARINHA DE MANDIOCA E DERIVADOS,7,746631.0,0,False
C1063500,FABRICACAO DE FARINHA DE MANDIOCA E DERIVADOS                    ,1,851538.37,0,False
C1064300,"FABRICACAO FARINHA DE MILHO E DERIVADOS, EXCETO OLEOS DE MILHO",57,11343028.0,0,False
C1065100,FABRICACAO DE AMIDOS E FECULAS DE VEGETAIS E DE OLEOS DE MILHO,3,316580.0,0,False
C1065101,FABRICACAO DE AMIDOS E FECULAS DE VEGETAIS,3,367192.0,0,False
C1066000,FABRICACAO DE ALIMENTOS PARA ANIMAIS,136,47760519.0,1,False
C1066000,FABRICACAO DE ALIMENTOS PARA ANIMAIS                             ,3,17214729.990000002,0,False
C1069400,MOAGEM E FABRICACAO PROD ORIGEM VEGETAL NAO ESPECI ANTERIORMENTE,35,13109573.0,0,False
C1071600,FABRICACAO DE ACUCAR EM BRUTO,75,72242833.0,0,False
C1072400,FABRICACAO DE ACUCAR REFINADO,1,232200.0,0,False
C1072401,FABRICACAO DE ACUCAR DE CANA REFINADO,53,12778290.0,0,False
C1080000,TORREFACAO E MOAGEM DE CAFE,1,82000.0,0,False
C1081300,TORREFACAO E MOAGEM DE CAFE,9,607154.0,0,False
C1081301,BENEFICIAMENTO DE CAFE,1,171000.0,0,False
C1081302,TORREFACAO E MOAGEM DE CAFE,68,18245621.0,0,False
C1082100,FABRICACAO DE PRODUTOS A BASE DE CAFE,1,75000.0,0,False
C1091100,FABRICACAO DE PRODUTOS DE PANIFICACAO,37,5693920.0,0,False
C1091101,FABRICACAO DE PRODUTOS DE PANIFICACAO INDUSTRIAL,49,4386150.0,0,False
C1091102,FAB PRODUTOS DE PADARIA E CONFEITARIA PREDOMINANCIA PROD PROPRIA,78,15172733.0,0,False
C1092900,FABRICACAO DE BISCOITOS E BOLACHAS,100,76416240.0,0,False
C1092900,FABRICACAO DE BISCOITOS E BOLACHAS                               ,3,94797161.55,0,False
C1093700,FABRICACAO PRODUTOS DERIVADOS DO CACAU CHOCOLATES E CONFEITOS,3,393133.0,0,False
C1093700,FABRICACAO PRODUTOS DERIVADOS DO CACAU CHOCOLATES E CONFEITOS    ,2,3206166.06,0,False
C1093701,FABRICACAO DE PRODUTOS DERIVADOS DO CACAU E DE CHOCOLATES,10,10934822.0,0,False
C1093702,"FABRICACAO DE FRUTAS CRISTALIZADAS, BALAS E SEMELHANTES",6,491975.0,0,False
C1094500,FABRICACAO DE MASSAS ALIMENTICIAS,90,47971112.0,0,False
C1095300,"FABRICACAO DE ESPECIARIAS, MOLHOS, TEMPEROS E CONDIMENTOS",8,1193820.0,0,False
C1096100,FABRICACAO DE ALIMENTOS E PRATOS PRONTOS,24,3497526.0,0,False
C1099600,FABRICACAO PRODUTOS ALIMENTICIOS NAO ESPECIFICADOS ANTERIORMENTE,14,2000463.0,0,False
C1099600,FABRICACAO PRODUTOS ALIMENTICIOS NAO ESPECIFICADOS ANTERIORMENTE ,1,79374225.61,0,False
C1099601,FABRICACAO DE VINAGRES,1,256500.0,0,False
C1099604,FABRICACAO DE GELO COMUM,36,6744673.0,0,False
C1099605,"FABRICACAO DE PRODUTOS PARA INFUSAO (CHA, MATE, ETC.)",1,420000.0,0,False
C1099699,FABRICACAO DE OUTROS PRODUTOS ALIMENTICIOS NAO ESPECIFICADOS ANTE,59,34044600.51,0,False
C1111901,FABRICACAO DE AGUARDENTE DE CANA-DE-ACUCAR,4,285846.0,0,False
C1111902,FABRICACAO DE OUTRAS AGUARDENTES E BEBIDAS DESTILADAS,1,100240.0,0,False
C1112700,FABRICACAO DE VINHO,15,3130250.0,0,False
C1113500,"FABRICACAO DE MALTE, CERVEJAS E CHOPES",49,20615670.0,0,False
C1113500,"FABRICACAO DE MALTE, CERVEJAS E CHOPES                           ",1,80203596.14,0,False
C1113502,FABRICACAO DE CERVEJAS E CHOPES,51,124016704.0,0,False
C1121600,FABRICACAO DE AGUAS ENVASADAS,33,18307304.0,0,False
C1122400,FABRICACAO DE REFRIGERANTES E DE OUTRAS BEBIDAS NAO-ALCOOLICAS,6,3033527.0,0,False
C1122401,FABRICACAO DE REFRIGERANTES,121,99305312.0,0,False
C1122403,"FABRI REFRESCO XAROPES E POS PARA REFRESCOS, EXCETO REFRESCOS DE",19,2275749.0,0,False
C1122499,FABRICACAO OUTRAS BEB NAO-ALCOOLICAS NAO ESPECI ANTERIORMENTE,2,598000.0,0,False
C1220402,FABRICACAO DE CIGARRILHAS E CHARUTOS,1,78876.0,0,False
C1300000,FABRICACAO DE PRODUTOS TEXTEIS,1,343388.0,0,False
C1300000,FABRICACAO DE PRODUTOS TEXTEIS                                   ,2,5024370.52,0,False
C1311100,PREPARACAO E FIACAO DE FIBRAS DE ALGODAO,16,2238656.0,0,False
C1312000,"PREPARACAO E FIACAO DE FIBRAS TEXTEIS NATURAIS, EXCETO ALGODAO",25,40866794.0,0,False
C1313800,FIACAO DE FIBRAS ARTIFICIAIS E SINTETICAS,6,25857311.0,0,False
C1321900,TECELAGEM DE FIOS DE ALGODAO,4,3693400.0,0,False
C1322700,"TECELAGEM DE FIOS DE FIBRAS TEXTEIS NATURAIS, EXCETO ALGODAO",1,495380.0,0,False
C1323500,TECELAGEM DE FIOS DE FIBRAS ARTIFICIAIS E SINTETICAS,34,38397597.0,0,False
C1330800,FABRICACAO DE TECIDOS DE MALHA,10,3500530.0,0,False
C1340500,"ACABAMENTOS EM FIOS, TECIDOS E ARTEFATOS TEXTEIS",1,1187770.0,0,False
C1340599,OUTROS SERVICOS ACABAMENTO EM FIOS TECIDOS ARTEF TEXT PEC VEST,7,574140.0,0,False
C1351100,FABRICACAO DE ARTEFATOS TEXTEIS PARA USO DOMESTICO,17,6201047.0,0,False
C1353700,FABRICACAO DE ARTEFATOS DE CORDOARIA,3,900000.0,0,False
C1354500,"FABRICACAO DE TECIDOS ESPECIAIS, INCLUSIVE ARTEFATOS",9,5264506.0,0,False
C1359600,FABRICACAO OUTROS PROD TEXTEIS NAO ESPECIFICADOS ANTERIORMENTE,13,13558367.0,0,False
C1410000,CONFECCAO DE ARTIGOS DO VESTUARIO E ACESSORIOS,1,200000.0,0,False
C1410000,CONFECCAO DE ARTIGOS DO VESTUARIO E ACESSORIOS                   ,1,553131.97,0,False
C1411801,CONFECCAO DE ROUPAS INTIMAS,12,2880067.0,0,False
C1412600,"CONFECCAO DE PECAS DO VESTUARIO, EXCETO ROUPAS INTIMAS",14,884040.0,0,False
C1412601,CONFECCAO PECA VESTUARIO EXC ROUPA INTIMA E CONFEC SOB MEDIDA,58,15220745.0,0,False
C1412602,"CONFECCAO SOB MEDIDA DE PECAS VESTUARIO, EXCETO ROUPAS INTIMAS",8,787795.0,0,False
C1412603,"FACCAO DE PECAS DO VESTUARIO, EXCETO ROUPAS INTIMAS",2,148400.0,0,False
C1413400,CONFECCAO DE ROUPAS PROFISSIONAIS,2,150000.0,0,False
C1413401,"CONFECCAO DE ROUPAS PROFISSIONAIS, EXCETO SOB MEDIDA",10,1275000.0,0,False
C1413402,"CONFECCAO, SOB MEDIDA, DE ROUPAS PROFISSIONAIS",7,1240500.0,0,False
C1414200,FABRICACAO ACESSORIOS VESTUARIO EXCETO PARA SEGURANCA E PROTECAO,3,192400.0,0,False
C1421500,FABRICACAO DE MEIAS,61,26737580.0,0,False
C1421500,FABRICACAO DE MEIAS                                              ,2,58867000.0,0,False
C1422300,"FABRICACAO ARTIGOS DO VESTUARIO, PROD EM MALHARIAS TRICOTAGENS",2,172000.0,0,False
C1510600,CURTIMENTO E OUTRAS PREPARACOES DE COURO,22,24168749.0,0,False
C1521100,FAB ARTIGOS PARA VIAGEM BOLSAS E SEMELHANTES DE QQ MATERIAL,10,756123.0,0,False
C1529700,FABRICACAO DE ARTEFATOS DE COURO NAO ESPECIFICADOS ANTERIORMENTE,13,2416879.0,0,False
C1530000,FABRICACAO DE CALCADOS,4,862465.0,0,False
C1531900,FABRICACAO DE CALCADOS DE COURO,71,25629640.0,0,False
C1531901,FABRICACAO DE CALCADOS DE COURO,142,290114603.0,0,False
C1531902,ACABAMENTO DE CALCADOS DE COURO SOB CONTRATO,2,410000.0,0,False
C1532700,FABRICACAO DE TENIS DE QUALQUER MATERIAL,17,2176435.0,0,False
C1533500,FABRICACAO DE CALCADOS DE MATERIAL SINTETICO,2,111600.0,0,False
C1539400,FABRICACAO DE CALCADOS DE MATERIAIS NAO ESPECIFICADOS ANTERIORMEN,16,9687739.0,0,False
C1540800,"FABRICACAO DE PARTES PARA CALCADOS, DE QUALQUER MATERIAL",9,22751445.0,0,False
C1610200,DESDOBRAMENTO DE MADEIRA,4,636651.0,0,False
C1610203,SERRARIAS COM DESDOBRAMENTO DE MADEIRA EM BRUTO,18,3808049.0,0,False
C1610204,SERRARIAS SEM DESDOBRAMENTO DE MADEIRA EM BRUTO - RESSERRAGEM,6,1366122.0,0,False
C1621800,FAB MADEIRA LAMINADA E CHPAS MADEIRA COMPENS PRENSADA AGLOMERADA,4,562170.0,0,False
C1622600,FAB ESTRUTURAS DE MADEIRA E ARTIGOS CARPINTARIA PARA CONSTRUCAO,7,454690.0,0,False
C1622602,FAB ESQUADRIAS MADEIRA E PECAS MADEIRA P/INSTAL INDAL E COMAL,16,2037113.0,0,False
C1622699,FABRICACAO DE OUTROS ARTIGOS DE CARPINTARIA PARA CONSTRUCAO,12,1537016.0,0,False
C1623400,FABRICACAO DE ARTEFATOS DE TANOARIA E DE EMBALAGENS DE MADEIRA,20,3522633.0,0,False
C1629300,FAB ARTEF MAD PLHA CORTCA VME MAT TRANCD N ESPEC ANT EXC MOVEL,2,215500.0,0,False
C1629301,"FABRICACAO DE ARTEFATOS DIVERSOS DE MADEIRA, EXCETO MOVEIS",3,506000.0,0,False
C1710900,FABRICACAO DE CELULOSE E OUTRAS PASTAS PARA FABRICACAO DE PAPEL,19,17401634.0,0,False
C1710900,FABRICACAO DE CELULOSE E OUTRAS PASTAS PARA FABRICACAO DE PAPEL  ,43,3672803269.88,0,False
C1721400,FABRICACAO DE PAPEL,105,50609682.0,0,False
C1731100,FABRICACAO DE EMBALAGENS DE PAPEL,15,2909451.0,0,False
C1732000,FABRICACAO DE EMBALAGENS DE CARTOLINA E PAPEL-CARTAO,8,5915500.0,0,False
C1733800,FABRICACAO DE CHAPAS E DE EMBALAGENS DE PAPELAO ONDULADO,34,13171245.0,0,False
C1741900,FAB PROD PAPEL CARTOLINA PPEL-CRTAO PPLAO ONDUL P/USO COM ESCRIT,1,170000.0,0,False
C1741902,FAB PROD PAPEL CARTLNA PPEL-CARTAO PAPELAO ONDUL USO COMERC/ESCRI,19,5663680.0,0,False
C1742701,FABRICACAO DE FRALDAS DESCARTAVEIS,3,5760009.0,0,False
C1742799,FAB PROD PAPEL USO DOMESTICO HIG-SANIT NAO ESPECI ANTERIORMENTE,49,35755254.0,0,False
C1742799,FAB PROD PAPEL USO DOMESTICO HIG-SANIT NAO ESPECI ANTERIORMENTE  ,3,53311010.45,0,False
C1749400,FAB PROD PSTAS CELULOSI PPEL CART PPLAO ONDUL N ESPECI ANTERIO,5,824434.0,0,False
C1810000,ATIVIDADE DE IMPRESSAO,3,244900.0,0,False
C1811301,IMPRESSAO DE JORNAIS,1,74500.0,0,False
C1811302,"IMPRESSAO DE LIVROS, REVISTAS E OUTRAS PUBLICACOES PERIODICAS",4,466439.0,0,False
C1812100,IMPRESSAO DE MATERIAL DE SEGURANCA,1,100000.0,0,False
C1813000,IMPRESSAO DE MATERIAIS PARA OUTROS USOS,2,99174.0,0,False
C1813001,IMPRESSAO DE MATERIAL PARA USO PUBLICITARIO,29,3044919.0,0,False
C1813099,IMPRESSAO DE MATERIAL PARA OUTROS USOS,23,2837432.0,0,False
C1820000,SERVICOS DE PRE-IMPRESSAO E ACABAMENTOS GRAFICOS,4,377525.0,0,False
C1821100,SERVICOS DE PRE-IMPRESSAO,10,1033097.0,0,False
C1822901,SERVICOS DE ENCADERNACAO E PLASTIFICACAO,10,2230500.0,0,False
C1822999,"SERVICOS ACABAMENTOS GRAFICO, EXCETO ENCADERNACAO PLASTIFICACAO",10,659258.0,0,False
C1921700,FABRICACAO DE PRODUTOS DO REFINO DE PETROLEO,24,525192017.0,0,False
C1922502,RERREFINO DE OLEOS LUBRIFICANTES,4,1574360.0,0,False
C1922599,"FAB OUTROS PROD DERIVADOS DO PETROLEO, EXCETO PRODUTOS DO REFINO",17,57148288.0,0,False
C1931400,FABRICACAO DE ALCOOL,8,1883420.0,4,False
C1931400,FABRICACAO DE ALCOOL                                             ,2,745236828.5899999,0,False
C1932200,"FABRICACAO DE BIOCOMBUSTIVEIS, EXCETO ALCOOL",34,44091446.0,0,False
C1932200,"FABRICACAO DE BIOCOMBUSTIVEIS, EXCETO ALCOOL                     ",1,0.0,0,False
C2000000,FABRICACAO DE PRODUTOS QUIMICOS,3,7200000.0,0,False
C2010000,FABRICACAO DE PRODUTOS QUIMICOS INORGANICOS,6,769760.0,0,False
C2012600,FABRICACAO DE INTERMEDIARIOS PARA FERTILIZANTES,3,158185.0,0,False
C2013401,FABRICACAO DE ADUBOS E FERTILIZANTES ORGANOMINERAIS,2,510000.0,0,False
C2013402,"FABRICACAO DE ADUBOS E FERTILIZANTES, EXCETO ORGANOMINERAIS",62,372475812.0,0,False
C2014200,FABRICACAO DE GASES INDUSTRIAIS,3,10727784.0,0,False
C2014200,FABRICACAO DE GASES INDUSTRIAIS                                  ,1,233309.62,0,False
C2019300,FAB PROD QUIMICOS INORGANICOS NAO ESPECIFICADOS ANTERIORMENTE,3,1221954.0,0,False
C2019399,FAB OUTROS PROD QUIM INORGANICOS NAO ESPECIFICADOS ANTERIORMENTE,35,15101968.0,0,False
C2021500,FABRICACAO DE PRODUTOS PETROQUIMICOS BASICOS,29,22704758.0,0,False
C2021500,FABRICACAO DE PRODUTOS PETROQUIMICOS BASICOS                     ,100,3681369054.52,2,False
C2022300,"FABRICACAO INTERMEDIARIOS PARA PLASTIFICANTES, RESINAS E FIBRAS",5,3423889.0,0,False
C2022300,"FABRICACAO INTERMEDIARIOS PARA PLASTIFICANTES, RESINAS E FIBRAS  ",9,118960698.99000001,0,False
C2029100,FAB PROD QUIMICOS ORGANICOS NAO ESPECIFICADOS ANTERIORMENTE,11,3790960.0,0,False
C2031200,FABRICACAO DE RESINAS TERMOPLASTICAS,8,46452098.0,0,False
C2031200,FABRICACAO DE RESINAS TERMOPLASTICAS                             ,5,203473541.04000002,0,False
C2032100,FABRICACAO DE RESINAS TERMOFIXAS,24,20733449.0,0,False
C2040100,FABRICACAO DE FIBRAS ARTIFICIAIS E SINTETICAS,3,632000.0,0,False
C2052500,FABRICACAO DE DESINFESTANTES DOMISSANITARIOS,1,92000.0,0,False
C2060000,FAB SABAO DETERGENTE PROD LIMP COSMETICO PROD PERFUMARIA E HIG PE,2,442135.0,0,False
C2061400,FABRICACAO DE SABOES E DETERGENTES SINTETICOS,245,49071139.0,0,False
C2062200,FABRICACAO DE PRODUTOS DE LIMPEZA E POLIMENTO,66,14062948.0,0,False
C2063100,"FAB DE COSMETICOS, PRODUTOS DE PERFUMARIA E DE HIGIENE PESSOAL",26,4721267.0,0,False
C2063100,"FAB DE COSMETICOS, PRODUTOS DE PERFUMARIA E DE HIGIENE PESSOAL   ",8,52123856.08,3,False
C2071100,"FABRICACAO DE TINTAS, VERNIZES, ESMALTES E LACAS",34,7183356.0,0,False
C2072000,FABRICACAO DE TINTAS DE IMPRESSAO,1,500000.0,0,False
C2073800,"FABRICACAO DE IMPERMEABILIZANTES, SOLVENTES E PRODUTOS AFINS",9,2666225.0,0,False
C2091600,FABRICACAO DE ADESIVOS E SELANTES,9,1903504.0,0,False
C2092400,FABRICACAO DE EXPLOSIVOS,3,198095.0,0,False
C2092402,FABRICACAO DE ARTIGOS PIROTECNICOS,2,133000.0,0,False
C2093200,FABRICACAO DE ADITIVOS DE USO INDUSTRIAL,6,2134326.0,0,False
C2099100,FABRICACAO DE PRODUTOS QUIMICOS NAO ESPECIFICADOS ANTERIORMENTE,2,3568855.0,0,False
C2099101,FAB CHAPAS FLMES PPEIS OUT MAT PRODUTOS QUIMICOS PARA FOTOGRAFIA,1,80000.0,0,False
C2099199,FAB OUTROS PRODUTOS QUIMICOS NAO ESPECIFICADOS ANTERIORMENTE,85,40124135.0,0,False
C2099199,FAB OUTROS PRODUTOS QUIMICOS NAO ESPECIFICADOS ANTERIORMENTE     ,4,31121000.51,0,False
C2110600,FABRICACAO DE PRODUTOS FARMOQUIMICOS,4,321793.0,0,True
C2121100,FABRICACAO DE MEDICAMENTOS PARA USO HUMANO,6,2022165.0,0,True
C2121101,FABRICACAO DE MEDICAMENTOS ALOPATICOS PARA USO HUMANO,34,11155563.0,0,True
C2122000,FABRICACAO DE MEDICAMENTOS PARA USO VETERINARIO,14,5318580.0,0,True
C2211100,FABRICACAO DE PNEUMATICOS E DE CAMARAS-DE-AR,37,17802082.0,0,False
C2211100,FABRICACAO DE PNEUMATICOS E DE CAMARAS-DE-AR                     ,26,766046853.82,0,False
C2212900,REFORMA DE PNEUMATICOS USADOS,42,7610535.0,0,False
C2219600,FAB DE ARTEFATOS DE BORRACHA NAO ESPECIFICADOS ANTERIORMENTE,39,20410501.0,0,False
C2220000,FABRICACAO DE PRODUTOS DE MATERIAL PLASTICO,3,1078611.0,0,False
C2221800,FABRICACAO DE LAMINADOS PLANOS E TUBULARES DE MATERIAL PLASTICO,72,22864036.0,0,False
C2222600,FABRICACAO DE EMBALAGENS DE MATERIAL PLASTICO,270,358605079.0,5,False
C2223400,FAB TUBOS ACESSORIOS DE MATERIAL PLASTICO PARA USO NA CONSTRUCAO,14,3341526.0,0,False
C2229300,FAB ARTEFATOS MATERIAL PLASTICO NAO ESPECIFICADOS ANTERIORMENTE,56,15155931.0,0,False
C2229301,FAB ARTEFATOS DE MATERIAL PLASTICO PARA USO PESSOAL E DOMESTICO,20,8202726.0,0,False
C2229302,FABRICACAO ARTEFATOS DE MATERIAL PLASTICO PARA USOS INDUSTRIAIS,20,10941262.0,0,False
C2229303,"FAB ARTEF MAT PLAST USO NA CONSTRUCAO, EXCETO TUBOS E ACESSORIOS",32,119749331.0,0,False
C2229399,FAB ARTEF MAT PLAST P/OUTRO USO NAO ESPECIFICADOS ANTERIORMENTE,81,44266871.0,0,False
C2300000,FABRICACAO DE PRODUTOS DE MINERAIS NAO-METALICOS,1,125000.0,0,False
C2310000,FABRICACAO DE VIDRO E DE PRODUTOS DO VIDRO,1,95053.0,0,False
C2311700,FABRICACAO DE VIDRO PLANO E DE SEGURANCA,73,21382360.0,0,False
C2312500,FABRICACAO DE EMBALAGENS DE VIDRO,4,195248.0,0,False
C2319200,FABRICACAO DE ARTIGOS DE VIDRO,41,10578930.0,0,False
C2320600,FABRICACAO DE CIMENTO,3,2341398.0,0,False
C2320600,FABRICACAO DE CIMENTO                                            ,8,47081409.09,0,False
C2330300,FAB ARTEF CONCRETO CIMENTO FIBROCIMENTO GESSO E MAT SEMELHANTES,17,1510676.0,0,False
C2330301,FAB ESTRUT PRE-MOLD DE CONCRETO ARMADO EM SERIE E SOB ENCOMENDA,127,29357714.0,2,False
C2330302,FABRICACAO DE ARTEFATOS DE CIMENTO PARA USO NA CONSTRUCAO,81,14767004.0,0,False
C2330303,FABRICACAO DE ARTEFATOS DE FIBROCIMENTO PARA USO NA CONSTRUCAO,12,1685855.0,0,False
C2330305,PREPARACAO DE MASSA DE CONCRETO E ARGAMASSA PARA CONSTRUCAO,23,5545314.0,0,False
C2330399,FAB OUT ARTEF E PROD CONCRETO CIMENTO FIBROCI GESSO MAT SEMELH,28,6842883.0,0,False
C2341900,FABRICACAO DE PRODUTOS CERAMICOS REFRATARIOS,10,3620216.0,0,False
C2342700,FAB PROD CERAMICO NAO-REFRATARIOS P/USO ESTRUTURAL NA CONSTRUCAO,26,3996352.0,0,False
C2342701,FABRICACAO DE AZULEJOS E PISOS,33,31770594.0,0,False
C2342702,FAB ART CERAMICA E BARRO COZIDO P/USO CONSTRUCAO EXC AZUL E PISO,224,44016177.0,2,False
C2349400,FAB PROD CERAMICOS NAO-REFRATARIOS NAO ESPECIFICADOS ANTERIOR,10,2732245.0,0,False
C2349499,FAB PROD CERAMICOS NAO-REFRATARIOS NAO ESPECIFICADOS ANTERIOR,19,4549361.0,1,False
C2391500,APARELHAMENTO E OUTROS TRABALHOS EM PEDRAS,4,547363.0,0,False
C2391501,"BRITAMENTO DE PEDRAS, EXCETO ASSOCIADO A EXTRACAO",16,3759205.0,0,False
C2391502,"APARELHAMENTO PEDRAS P/CONSTRUCAO, EXCETO ASSOCIADO A EXTRACAO",10,738367.0,0,False
C2391503,APRELHA PLACAS E EXECU TRAB EM MARMORE GRANITO ARDOSIA OUT PEDRA,57,8968502.0,0,False
C2392300,FABRICACAO DE CAL E GESSO,4,766330.0,0,False
C2399100,FAB PROD MINERAIS NAO-METALICOS NAO ESPECIFICADOS ANTERIORMENTE,9,8964384.0,0,False
C2399199,FAB OUT PROD MIN NAO-METALICOS NAO ESPECIFICADOS ANTERIORMENTE,17,3476212.0,0,False
C2412100,PRODUCAO DE FERROLIGAS,24,18040934.0,0,False
C2412100,PRODUCAO DE FERROLIGAS                                           ,2,26103657.37,0,False
C2422900,PRODUCAO DE LAMINADOS PLANOS DE ACO,37,8902562.0,0,False
C2422901,"PRODUCAO LAMINADOS PLANOS DE ACO AO CARBONO, REVESTIDOS OU NAO",1,1710000.0,0,False
C2423700,PRODUCAO DE LAMINADOS LONGOS DE ACO,24,3834709.0,0,False
C2423701,PRODUCAO DE TUBOS DE ACO SEM COSTURA,1,259350.0,0,False
C2423702,"PRODUCAO DE LAMINADOS LONGOS DE ACO, EXCETO TUBOS",17,2599463.0,0,False
C2424500,"PRODUCAO DE RELAMINADOS, TREFILADOS E PERFILADOS DE ACO",1,2612.0,0,False
C2424501,PRODUCAO DE ARAMES DE ACO,2,59716.0,0,False
C2441500,METALURGIA DO ALUMINIO E SUAS LIGAS,4,307203.0,0,False
C2441501,PRODUCAO DE ALUMINIO E SUAS LIGAS EM FORMAS PRIMARIAS,17,9479739.0,0,False
C2441502,PRODUCAO DE LAMINADOS DE ALUMINIO,2,754200.0,0,False
C2442300,METALURGIA DOS METAIS PRECIOSOS,1,41344.0,0,False
C2443100,METALURGIA DO COBRE,10,9009739.0,0,False
C2449100,METALURGIA METAIS NAO-FERROSOS SUAS LIGAS NAO ESPECI ANTERIOR,7,2759463.0,0,False
C2449199,METALURGIA METAIS NAO-FERROSOS SUAS LIGAS NAO ESPECI ANTERIOR,37,9833032.0,0,False
C2451200,FUNDICAO DE FERRO E ACO,6,827960.0,0,False
C2452100,FUNDICAO DE METAIS NAO-FERROSOS E SUAS LIGAS,1,164000.0,0,False
C2511000,FABRICACAO DE ESTRUTURAS METALICAS,72,20535644.0,5,False
C2512800,FABRICACAO DE ESQUADRIAS DE METAL,76,20392530.0,0,False
C2513600,FABRICACAO DE OBRAS DE CALDEIRARIA PESADA,14,2042367.0,0,False
C2521700,FAB TANQUES RESERVATORIOS MET E CALDEIRAS P/AQUECIMENTO CENTRAL,5,1122000.0,0,False
C2522500,FAB CALDEIRAS GERA VAPOR EXC P/AQUECIMENTO CENTRAL E P/VEICULOS,4,125851059.0,0,False
C2531402,PRODUCAO DE FORJADOS DE METAIS NAO-FERROSOS E SUAS LIGAS,3,256196.0,0,False
C2532201,PRODUCAO DE ARTEFATOS ESTAMPADOS DE METAL,11,1435218.0,0,False
C2539000,"SERVICOS DE USINAGEM, SOLDA, TRATAMENTO E REVESTIMENTO EM METAIS",5,1090564.0,0,False
C2539001,"SERVICOS DE USINAGEM, TORNEARIA E SOLDA",46,12727654.0,1,False
C2539002,SERVICOS DE TRATAMENTO E REVESTIMENTO EM METAIS,4,3071900.0,0,False
C2542000,"FABRICACAO DE ARTIGOS DE SERRALHERIA, EXCETO ESQUADRIAS",8,1333758.0,0,False
C2543800,FABRICACAO DE FERRAMENTAS,7,1180772.0,0,False
C2590000,FABRICACAO DE PRODUTOS DE METAL NAO ESPECIFICADOS ANTERIORMENTE,1,130500.0,0,False
C2591800,FABRICACAO DE EMBALAGENS METALICAS,4,18287596.0,0,False
C2592600,FABRICACAO DE PRODUTOS DE TREFILADOS DE METAL,4,727926.0,0,False
C2592601,FABRICACAO DE PRODUTOS DE TREFILADOS DE METAL PADRONIZADOS,9,5930230.0,0,False
C2592602,"FABRICACAO PRODUTOS DE TREFILADOS DE METAL, EXCETO PADRONIZADOS",7,7215121.0,0,False
C2593400,FABRICACAO DE ARTIGOS DE METAL PARA USO DOMESTICO E PESSOAL,19,4613291.0,0,False
C2599300,FABRICACAO DE PRODUTOS DE METAL NAO ESPECIFICADOS ANTERIORMENTE,8,1063074.0,0,False
C2599301,SERVICOS DE CONFECCAO DE ARMACOES METALICAS PARA A CONSTRUCAO,4,1805000.0,0,False
C2599302,SERVICO DE CORTE E DOBRA DE METAIS,2,110000.0,0,False
C2599399,FABRICACAO DE PRODUTOS DE METAL NAO ESPECIFICADOS ANTERIORMENTE,27,9837819.0,0,False
C2610800,FABRICACAO DE COMPONENTES ELETRONICOS,4,496640.0,0,True
C2621300,FABRICACAO DE EQUIPAMENTOS DE INFORMATICA,28,33347550.0,0,True
C2622100,FABRICACAO DE PERIFERICOS PARA EQUIPAMENTOS DE INFORMATICA,7,9162000.0,0,True
C2631100,"FAB EQUIPAMENTOS TRANSMISSORES DE COMUNICACAO, PECAS E ACESSORIO",21,10366341.0,0,True
C2640000,FAB APARELHOS RECEPCAO REPRODUCAO GRAV AMPLIF DE AUDIO E VIDEO,1,520400.0,0,True
C2651500,FAB DE APARELHOS E EQUIPAMENTOS DE MEDIDA TESTE E CONTROLE,3,1248500.0,0,True
C2660400,FAB APARELHO ELETROMEDICO E ELETROTERAPEUTICO EQ DE IRRADIACAO,1,1920000.0,0,True
C2680900,"FABRICACAO DE MIDIAS VIRGENS, MAGNETICAS E OPTICAS",1,1500000.0,0,True
C2710400,"FABRICACAO DE GERADORES, TRANSFORMADORES E MOTORES ELETRICOS",2,564800.0,0,False
C2710401,"FABRICACAO DE GERADORES DE CORRENTE CONTINUA E ALTERNADA, PECAS E",12,40391042.0,0,False
C2710402,FAB TRANSFORMA INDUTOR CONVERSOR SINCRONIZADOR SEMELH PECA ACESS,16,38136245.0,0,False
C2731700,FAB APARELHOS EQUIP P/DISTRIBUICAO CONTROLE DE ENERGIA ELETRICA,1,220000.0,0,False
C2732500,FAB MATERIAL ELETRICO PARA INSTALACOES EM CIRCUITO DE CONSUMO,1,1500000.0,0,False
C2733300,"FABRICACAO DE FIOS, CABOS E CONDUTORES ELETRICOS ISOLADOS",18,16309893.0,0,False
C2740601,FABRICACAO DE LAMPADAS,3,350600.0,0,False
C2740602,FABRICACAO DE LUMINARIAS E OUTROS EQUIPAMENTOS DE ILUMINACAO,6,6803626.0,0,False
C2751100,FAB FOGAO REFRIGERA MAQ LAVAR SECAR P/USO DOMESTICO PECA ACESS,7,2033750.0,0,False
C2759700,FAB APARELHOS ELETRODOMESTICOS NAO ESPECIFICADOS ANTERIORMENTE,14,15702772.0,0,False
C2759700,FAB APARELHOS ELETRODOMESTICOS NAO ESPECIFICADOS ANTERIORMENTE   ,1,3245447.17,0,False
C2759701,"FAB DE APARELHOS ELETRICOS DE USO PESSOAL, PECAS E ACESSORIOS",1,797822.0,0,False
C2759799,FAB APARELHOS ELETRODOMESTICOS NAO ESPECIFICADOS ANTERIORMENTE,5,151284099.0,0,False
C2790299,FAB EQUIP E APARELHOS ELETRICOS NAO ESPECIFICADOS ANTERIORMENTE,1,600000.0,0,False
C2800000,FABRICACAO DE MAQUINAS E EQUIPAMENTOS,1,279000.0,0,False
C2812700,FAB EQ HIDRAULICO PNEUMATICO PECA E ACESSORIO EXCETO VALVULAS,4,602851.0,0,False
C2813500,FAB VALVULA REGISTRO DISPOSITIVO SEMELHANTE PECA E ACESSORIO,7,4606077.0,0,False
C2814300,FABRICACAO DE COMPRESSORES,2,308012.0,0,False
C2814301,"FABRICACAO DE COMPRESSORES PARA USO INDUSTRIAL, PECA E ACESSORIO",1,76850.0,0,False
C2815100,FABRICACAO DE EQUIPAMENTOS DE TRANSMISSAO PARA FINS INDUSTRIAIS,1,273357.0,0,False
C2821601,FAB FORNO INDAL AP EQ NAO-ELETRICO P/INSTALACAO TERM PEC ACES,1,305520.0,0,False
C2822400,FAB MAQ EQ APARELHOS P/TRANSP E ELEVACAO DE CARGAS E PESSOAS,3,331131.0,0,False
C2822402,FAB MAQ EQUIP APARELHOS P/TRANSP ELEVACAO CARGAS PECA ACESSORIO,2,680000.0,1,False
C2823200,FAB MAQ APARELHO REFRIG VENTIL P/USO INDAL E COMAL PECA ACESS,1,77000.0,0,False
C2829101,FAB MAQ ESCREVER CALC OUT EQ NAO-ELETRONICO P/ESCRI PECA ACESS,2,2720000.0,0,False
C2829199,FAB OUTRAS MAQ EQ DE USO GERAL NAO ESPECI ANTERIOR PECA ACESS,8,1211882.0,0,False
C2833000,FAB MAQ EQ P/AGRIC E PECUARIA PECA ACESS EXCETO PARA IRRIGACAO,9,2909205.0,0,False
C2840200,"FABRICACAO DE MAQUINAS-FERRAMENTA, PECAS E ACESSORIOS",8,4057356.0,0,False
C2851800,FAB MAQUINAS EQ P/PROSPECCAO EXTRACAO DE PETROLEO PECA E ACESS,25,59796648.0,1,False
C2851800,FAB MAQUINAS EQ P/PROSPECCAO EXTRACAO DE PETROLEO PECA E ACESS   ,2,13970676.0,2,False
C2852600,FAB OUT MAQ EQ USO NA EXTRACAO MINERAL PECA ACESS EXC EXTRA PETR,8,1576998.0,0,False
C2861500,FAB MAQ INDUSTRIA METALURGICA PECA ACESS EXC MAQUINAS-FERRAMENTA,11,1965249.0,0,False
C2863100,"FAB MAQ EQUIPAMENTOS PARA A INDUSTRIA TEXTIL, PECAS E ACESSORIOS",1,25085.0,0,False
C2866600,"FAB MAQ EQUIP PARA A INDUSTRIA DO PLASTICO, PECAS E ACESSORIOS",3,276464.0,0,False
C2869100,FAB MAQ EQUIP USO INDAL ESPEC NAO ESPECI ANTERIOR PECA ACESS,26,6991294.0,0,False
C2869100,FAB MAQ EQUIP USO INDAL ESPEC NAO ESPECI ANTERIOR PECA ACESS     ,2,1656564.46,0,False
C2910700,"FABRICACAO DE AUTOMOVEIS, CAMIONETAS E UTILITARIOS               ",1,151533000.0,1,False
C2910701,"FABRICACAO DE AUTOMOVEIS, CAMIONETAS E UTILITARIOS",34,94119700.0,0,False
C2910701,"FABRICACAO DE AUTOMOVEIS, CAMIONETAS E UTILITARIOS               ",1,138009164.31,1,False
C2920400,FABRICACAO DE CAMINHOES E ONIBUS,3,511548.0,0,False
C2920400,FABRICACAO DE CAMINHOES E ONIBUS                                 ,1,78169141.21,1,False
C2930101,"FABRICACAO DE CABINES, CARROCERIAS E REBOQUES PARA CAMINHOES",8,1687984.0,0,False
C2930103,FAB CAB CARROC REBOQUE P/OUT VEICULOS AUTOMOTORES EXC CAMINH BUS,2,461200.0,0,False
C2940000,FABRICACAO DE PECAS E ACESSORIOS PARA VEICULOS AUTOMOTORES,4,7118125.0,0,False
C2941700,FAB PECAS E ACESSORIOS P/O SISTEMA MOTOR DE VEICULOS AUTOMOTORES,3,950000.0,0,False
C2941700,FAB PECAS E ACESSORIOS P/O SISTEMA MOTOR DE VEICULOS AUTOMOTORES ,3,20819510.0,0,False
C2945000,FAB MATERIAL ELETRICO ELETRONICO P/VEICULO AUTOMOTOR EXC BATERIA,3,207590.0,0,False
C2949200,FAB PECA ACESSORIO P/VEICULO AUTOMOTOR NAO ESPECI ANTERIORMENTE,4,6230575.0,0,False
C2949201,FABRICACAO DE BANCOS E ESTOFADOS PARA VEICULOS AUTOMOTORES,2,154000.0,0,False
C2949299,FAB OUTRAS PECAS ACESS P/VEIC AUTOMOTORES NAO ESPECI ANTERIOR,7,4797828.0,0,False
C2950600,RECONDICIONAMENTO E RECUPERACAO MOTORES P/VEICULOS AUTOMOTORES,9,1272119.0,0,False
C3011301,CONSTRUCAO DE EMBARCACOES DE GRANDE PORTE,1,121500.0,0,False
C3011302,CONSTRUCAO EMBARCACAO USO COMERCIAL E P/USO ESPECIAL EXC GDE PTE,1,400000.0,0,False
C3041500,FABRICACAO DE AERONAVES,1,95000.0,0,False
C3092000,"FAB BICICLETAS E TRICICLOS NAO-MOTORIZADOS, PECAS E ACESSORIOS",8,429430.0,0,False
C3101200,FABRICACAO DE MOVEIS COM PREDOMINANCIA DE MADEIRA,120,19607416.0,0,False
C3102100,FABRICACAO DE MOVEIS COM PREDOMINANCIA DE METAL,25,6544965.0,0,False
C3103900,"FABRICACAO DE MOVEIS DE OUTROS MATERIAIS, EXCETO MADEIRA E METAL",22,11718567.0,0,False
C3104700,FABRICACAO DE COLCHOES,13,16687830.0,0,False
C3211602,FABRICACAO DE ARTEFATOS DE JOALHERIA E OURIVESARIA,2,450000.0,0,False
C3220500,"FABRICACAO DE INSTRUMENTOS MUSICAIS, PECAS E ACESSORIOS",1,117612.0,0,False
C3230200,FABRICACAO DE ARTEFATOS PARA PESCA E ESPORTE,1,74104.0,0,False
C3240000,FABRICACAO DE BRINQUEDOS E JOGOS RECREATIVOS,2,1859985.0,0,False
C3240099,FAB OUTROS BRINQUEDOS E JOGOS RECREAT NAO ESPECI ANTERIORMENTE,1,1000000.0,0,False
C3250700,FAB INSTRUMENTOS E MATERIAIS P/MEDICO ODONTOLOGICO E ART OPTICOS,1,47702.0,0,False
C3250705,FABRICACAO DE MATERIAIS PARA MEDICINA E ODONTOLOGIA,4,796500.0,0,False
C3250706,SERVICOS DE PROTESE DENTARIA,2,157133.0,0,False
C3250707,FABRICACAO DE ARTIGOS OPTICOS,1,200000.0,0,False
C3250709,SERVICO DE LABORATORIO OPTICO,1,300000.0,0,False
C3291400,"FABRICACAO DE ESCOVAS, PINCEIS E VASSOURAS",3,1285200.0,0,False
C3292202,FAB EQUIPAMENTOS ACESSORIOS P/SEGURANCA PESSOAL E PROFISSIONAL,23,2949656.0,0,False
C3299003,FAB LETRAS LETREIROS PLACAS DE QUALQUER MATERIAL EXC LUMINOSOS,4,685000.0,0,False
C3299004,FABRICACAO DE PAINEIS E LETREIROS LUMINOSOS,4,379623.0,0,False
C3299006,"FABRICACAO DE VELAS, INCLUSIVE DECORATIVAS",2,330000.0,0,False
C3299099,FABRICACAO DE PRODUTOS DIVERSOS NAO ESPECIFICADOS ANTERIORMENTE,28,3840602.0,0,False
C3311200,MANUTENCAO REPARACAO TANQUES RESERVAT METAL CALDEIRA EXC P/ VEIC,4,1389707.0,0,False
C3312102,MANUTENCAO REPARACAO APARELHOS INSTRUMENTOS MEDIDA TSTE CONTROLE,2,251950.0,0,False
C3312103,MANUT REPARA APAR ELETROMEDICOS ELETROTERAPEU EQ DE IRRADIACAO,2,200000.0,0,False
C3313901,MANUTENCAO E REPARACAO GERADOR TRANSFORMADOR MOTORES ELETRICOS,11,2519248.0,0,False
C3313999,MANUTENCAO REPARACAO MAQ APAR MAT ELETR NAO ESPECI ANTERIORMENTE,2,530000.0,0,False
C3314701,MANUTENCAO E REPARACAO DE MAQUINAS MOTRIZES NAO-ELETRICAS,2,696576.0,0,False
C3314702,MANUTENCAO REPARACAO EQUIP HIDRAULICOS PNEUMATICOS EXC VALVULAS,4,356260.0,0,False
C3314706,MANUTENCAO REPARACAO MAQ APARELHOS EQUIP P/INSTALACOES TERMICAS,1,54900.0,0,False
C3314707,MANUTENCAO REPARACAO MAQ APAR REFRIG VENT P/USO INDAL E COMAL,6,1652553.0,0,False
C3314709,MANUTENCAO REPARACAO MAQ ESC CALC OUT EQUIP NAO-ELETRON P/ESCRIT,1,126500.0,0,False
C3314710,MANUTENCAO REPARACAO MAQ EQUIP P/USO GERAL NAO ESPECI ANTERIOR,10,2041937.0,1,False
C3314711,MANUTENCAO REPARACAO MAQ EQUIP PARA AGRICULTURA E PECUARIA,10,1657610.0,0,False
C3314712,MANUTENCAO E REPARACAO DE TRATORES AGRICOLAS,1,78400.0,0,False
C3314713,MANUTENCAO E REPARACAO DE MAQUINAS-FERRAMENTA,4,456440.0,0,False
C3314714,MANUTENCAO REPARACAO MAQ EQUIP P/PROSPECCAO EXTRACAO DE PETROLEO,4,819420.0,0,False
C3314715,MANUTENCAO REPARACAO MAQ EQUIP P/EXTRACAO MIN EXC EXTRA PETROLEO,2,1238857.0,1,False
C3314717,MANUTENCAO REPARACAO MAQ EQ TERRAPL PAV CONST EXCETO TRATORES,2,660000.0,1,False
C3314718,MANUTENCAO REPARACAO MAQ P/IND METALURGICA EXC MAQ-FERRAMENTA,12,4692000.0,0,False
C3314721,MANUTENCAO REPARACAO MAQ APAR P/IND CELULOSE PAP PPLAO ARTEFATOS,1,96500.0,0,False
C3314799,MANUTENCAO REPARACAO OUT MAQ EQ P/IND NAO ESPECI ANTERIORMENTE,23,5848239.0,0,False
C3316301,MANUTENCAO E REPARACAO DE AERONAVES EXCETO A MANUTENCAO NA PISTA,1,0.0,0,False
C3317101,MANUTENCAO E REPARACAO DE EMBARCACOES E ESTRUTURAS FLUTUANTES,3,199800.0,0,False
C3317102,MANUTENCAO E REPARACAO DE EMBARCACOES PARA ESPORTE E LAZER,1,60000.0,0,False
C3321000,INSTALACAO DE MAQUINAS E EQUIPAMENTOS INDUSTRIAIS,35,5818168.0,0,False
C3329501,SERVICOS DE MONTAGEM DE MOVEIS DE QUALQUER MATERIAL,4,411778.0,0,False
C3329599,INSTALACAO DE OUTROS EQUIPAMENTOS NAO ESPECIFICADOS ANTERIOR,5,924410.0,0,False
D3510000,"GERACAO, TRANSMISSAO E DISTRIBUICAO DE ENERGIA ELETRICA",10,6568364.0,0,False
D3511500,GERACAO DE ENERGIA ELETRICA,2,179680.0,0,False
D3511501,GERACAO DE ENERGIA ELETRICA,19,18694237.0,0,False
D3511581,GERACAO DE ENERGIA ELETRICA - HIDRELETRICA                       ,7,688770205.63,0,False
D3511582,GERACAO DE ENERGIA ELETRICA - PCH                                ,2,100828909.10000001,0,False
D3511585,GERACAO DE ENERGIA ELETRICA - CO-GERACAO GAS                     ,3,23754148.490000002,0,False
D3511586,GERACAO DE ENERGIA ELETRICA - CO-GERACAO EXCLUSIVE C             ,25,298390487.17,0,False
D3511587,GERACAO DE ENERGIA ELETRICA - EOLICA                             ,419,20602191209.39,0,False
D3511589,GERACAO DE ENERGIA ELETRICA - SOLAR                              ,8,1334197387.42,0,False
D3512300,TRANSMISSAO DE ENERGIA ELETRICA,9,73698170.0,0,False
D3512300,TRANSMISSAO DE ENERGIA ELETRICA                                  ,19,606789826.72,0,False
D3513100,COMERCIO ATACADISTA DE ENERGIA ELETRICA,1,233600.0,0,False
D3514000,DISTRIBUICAO DE ENERGIA ELETRICA,1,254685.0,0,False
D3514000,DISTRIBUICAO DE ENERGIA ELETRICA                                 ,51,5578344609.52,0,False
D3520400,PROD GAS PROCESS GAS NATURAL DISTRI COMBUST GASOSO P/REDE URBANA,5,1626423.0,0,False
D3520400,PROD GAS PROCESS GAS NATURAL DISTRI COMBUST GASOSO P/REDE URBANA ,2,2476382.1799999997,0,False
D3520402,DISTRIBUICAO DE COMBUSTIVEIS GASOSOS POR REDES URBANAS,5,2989200.0,0,False
D3530100,"PRODUCAO E DISTRIBUICAO DE VAPOR, AGUA QUENTE E AR CONDICIONADO",2,144800.0,0,False
E3600601,"CAPTACAO, TRATAMENTO E DISTRIBUICAO DE AGUA",4,10804957.0,0,False
E3600601,"CAPTACAO, TRATAMENTO E DISTRIBUICAO DE AGUA                      ",13,330830354.7,0,False
E3600602,DISTRIBUICAO DE AGUA POR CAMINHOES,27,3652394.0,0,False
E3701100,GESTAO DE REDES DE ESGOTO,1,857754.0,0,False
E3702900,"ATIVIDADES RELACIONADAS A ESGOTO, EXCETO A GESTAO DE REDES",59,10998561.0,0,False
E3702900,"ATIVIDADES RELACIONADAS A ESGOTO, EXCETO A GESTAO DE REDES       ",2,70098958.00999999,0,False
E3800000,"COLETA, TRATAMENTO E DISPOSICAO DE RESIDUOS, RECUPERACAO DE MATER",59,35538832.0,0,False
E3811400,COLETA DE RESIDUOS NAO-PERIGOSOS,295,80943260.0,5,False
E3812200,COLETA DE RESIDUOS PERIGOSOS,31,6587118.0,0,False
E3821100,TRATAMENTO E DISPOSICAO DE RESIDUOS NAO-PERIGOSOS,18,36201223.0,0,False
E3821100,TRATAMENTO E DISPOSICAO DE RESIDUOS NAO-PERIGOSOS                ,1,9291004.48,0,False
E3822000,TRATAMENTO E DISPOSICAO DE RESIDUOS PERIGOSOS,22,7467482.0,0,False
E3822000,TRATAMENTO E DISPOSICAO DE RESIDUOS PERIGOSOS                    ,1,9700000.0,0,False
E3830000,RECUPERACAO DE MATERIAIS,1,96600.0,0,False
E3831900,RECUPERACAO DE MATERIAIS METALICOS,1,540872.0,0,False
E3831901,RECUPERACAO DE SUCATAS DE ALUMINIO,2,314639.0,0,False
E3831999,"RECUPERACAO DE MATERIAIS METALICOS, EXCETO ALUMINIO",17,1703275.0,0,False
E3832700,RECUPERACAO DE MATERIAIS PLASTICOS,11,1558497.0,0,False
E3839499,RECUPERACAO DE MATERIAIS NAO ESPECIFICADOS ANTERIORMENTE,18,3797262.0,0,False
E3839499,RECUPERACAO DE MATERIAIS NAO ESPECIFICADOS ANTERIORMENTE         ,7,4928605.47,0,False
E3900500,DESCONTAMINACAO E OUTROS SERVICOS DE GESTAO DE RESIDUOS,1,404000.0,0,False
E3900500,DESCONTAMINACAO E OUTROS SERVICOS DE GESTAO DE RESIDUOS          ,1,26083275.94,0,False
F4110700,INCORPORACAO DE EMPREENDIMENTOS IMOBILIARIOS,26,11107084.0,3,False
F4120400,CONSTRUCAO DE EDIFICIOS,1059,298938263.0,35,False
F4200000,OBRAS DE INFRA-ESTRUTURA,6,802563.0,0,False
F4211100,CONSTRUCAO DE RODOVIAS E FERROVIAS,135,44364150.0,0,False
F4211101,CONSTRUCAO DE RODOVIAS E FERROVIAS,834,366107474.0,27,False
F4211102,PINTURA PARA SINALIZACAO EM PISTAS RODOVIARIAS E AEROPORTOS,6,2147000.0,0,False
F4212000,CONSTRUCAO DE OBRAS-DE-ARTE ESPECIAIS,7,2286634.0,0,False
F4213800,"OBRAS DE URBANIZACAO - RUAS, PRACAS E CALCADAS",184,64555646.0,2,False
F4221900,OBRAS PARA GERACAO E DISTRIBUICAO DE ENERGIA ELETRICA E PARA TELE,2,528866.0,0,False
F4221901,CONSTRUCAO DE BARRAGENS E REPRESAS PARA GERACAO DE ENERGIA ELETRI,16,4905126.0,0,False
F4221902,CONSTRUCAO DE ESTACAO E REDE DE DISTRIBUICAO DE ENERGIA ELETRICA,144,45259581.0,0,False
F4221903,MANUTENCAO DE REDES DE DISTRIBUICAO DE ENERGIA ELETRICA,19,1830391.0,0,False
F4221904,CONSTRUCAO DE ESTACOES E REDES DE TELECOMUNICACOES,11,1819627.0,0,False
F4221905,MANUTENCAO DE ESTACOES E REDES DE TELECOMUNICACOES,4,390290.0,0,False
F4222700,CONSTR REDE ABASTECI AGUA COLETA ESGOTO E CONSTRUCOES CORRELATAS,1,166500.0,0,False
F4222701,CONSTR REDE ABAST AGUA COLETA ESGOTO CONSTR CORREL EXC IRRIGACAO,59,20109115.0,0,False
F4222701,CONSTR REDE ABAST AGUA COLETA ESGOTO CONSTR CORREL EXC IRRIGACAO ,6,0.0,0,False
F4222702,OBRAS DE IRRIGACAO,1,94000.0,0,False
F4223500,CONSTRUCAO REDES TRANSPORTES POR DUTOS EXCETO PARA AGUA E ESGOTO ,3,0.0,0,False
F4291000,"OBRAS PORTUARIAS, MARITIMAS E FLUVIAIS",11,16404382.0,0,False
F4291000,"OBRAS PORTUARIAS, MARITIMAS E FLUVIAIS                           ",2,540462548.59,0,False
F4292801,MONTAGEM DE ESTRUTURAS METALICAS,10,4449669.0,0,False
F4292802,OBRAS DE MONTAGEM INDUSTRIAL,68,40226705.0,0,False
F4299500,OBRAS DE ENGENHARIA CIVIL NAO ESPECIFICADAS ANTERIORMENTE,30,6858475.0,0,False
F4299501,CONSTRUCAO DE INSTALACOES ESPORTIVAS E RECREATIVAS,78,16377923.0,0,False
F4299599,OUTRAS OBRAS DE ENGENHARIA CIVIL NAO ESPECIFICADAS ANTERIORMENTE,311,88880846.0,3,False
F4300000,SERVICOS ESPECIALIZADOS PARA CONSTRUCAO,4,816890.0,0,False
F4311800,DEMOLICAO E PREPARACAO DE CANTEIROS DE OBRAS,9,4155580.0,0,False
F4311802,PREPARACAO DE CANTEIRO E LIMPEZA DE TERRENO,5,810800.0,0,False
F4312600,PERFURACOES E SONDAGENS,14,7688785.0,0,False
F4313400,OBRAS DE TERRAPLENAGEM,1449,479918274.0,50,False
F4319300,SERVICOS PREPARACAO DO TERRENO NAO ESPECIFICADOS ANTERIORMENTE,18,4032025.0,0,False
F4321500,INSTALACAO E MANUTENCAO ELETRICA,42,7893307.0,0,False
F4322300,"INSTALACAO HIDRAULICA, DE SISTEMA DE VENTILACAO E REFRIGERACAO",3,266493.0,0,False
F4322301,"INSTALACOES HIDRAULICAS, SANITARIAS E DE GAS",6,519200.0,0,False
F4322302,INSTALACAO MANUTENCAO SISTEMA CENTRAL AR CONDICIONADO VENT REFRI,13,4296300.0,0,False
F4322303,INSTALACOES DE SISTEMA DE PREVENCAO CONTRA INCENDIO,1,109000.0,0,False
F4329101,INSTALACAO DE PAINEIS PUBLICITARIOS,4,863555.0,0,False
F4329103,INSTALACAO MANUT REPAR ELEVADORES ESCADAS E ESTEIRAS ROLANTES,1,110000.0,0,False
F4329104,"MONT INST SIST EQ ILUMI SINAL VIAS PUBLICAS, PORTOS E AEROPORTOS",32,8122613.0,0,False
F4329105,"TRATAMENTOS TERMICOS, ACUSTICOS OU DE VIBRACAO",3,208920.0,0,False
F4329199,OUTRAS OBRAS DE INSTALACOES EM CONSTRUCOES NAO ESPECI ANTERIO,10,2340933.0,0,False
F4330400,OBRAS DE ACABAMENTO,9,2729465.0,0,False
F4330401,IMPERMEABILIZACAO EM OBRAS DE ENGENHARIA CIVIL,3,260300.0,0,False
F4330402,INSTALACAO PORTA JANELA TETO DIVISOR ARMARIO EMBUT QQ MATERIAL,7,1209210.0,0,False
F4330403,OBRAS DE ACABAMENTO EM GESSO E ESTUQUE,1,101290.0,0,False
F4330404,SERVICOS DE PINTURA DE EDIFICIOS EM GERAL,1,220000.0,0,False
F4330405,APLICACAO DE REVESTIMENTOS E DE RESINAS EM INTERIORE E EXTERIORE,1,125000.0,0,False
F4330499,OUTRAS OBRAS DE ACABAMENTO DA CONSTRUCAO,20,4028350.0,1,False
F4391600,OBRAS DE FUNDACOES,54,19918853.0,0,False
F4399101,ADMINISTRACAO DE OBRAS,17,5537894.0,0,False
F4399102,MONTAGEM E DESMONTAGEM DE ANDAIMES OUTRAS ESTRUTURAS TEMPORARIA,8,668710.0,0,False
F4399103,OBRAS DE ALVENARIA,18,2562600.0,0,False
F4399104,SERV OPER FORNECI EQ P/TRANSP ELEV CARGA PESSOA P/USO EM OBRAS,126,48918053.0,0,False
F4399105,PERFURACAO E CONSTRUCAO DE POCOS DE AGUA,65,11913219.0,0,False
F4399199,SERV ESPECIALIZADOS P/CONSTRUCAO NAO ESPECIFICADOS ANTERIORMENTE,108,58832809.0,1,False
G4500000,COMERCIO E REPARACAO DE VEICULOS AUTOMOTORES E MOTOCICLETAS,2,325000.0,0,False
G4511100,COMERCIO A VAREJO E POR ATACADO DE VEICULOS AUTOMOTORES,15,6296326.0,0,False
G4511101,"COMERCIO A VAREJO DE AUTOMOVEIS, CAMIONETAS E UTILITARIOS NOVOS",68,45994608.0,0,False
G4511102,"COMERCIO A VAREJO DE AUTOMOVEIS, CAMIONETAS E UTILITARIOS USADOS",43,10044859.0,0,False
G4511103,COM ATACADO DE AUTOMOVEIS CAMIONETAS UTILITARIOS NOVOS E USADOS,3,305560.0,0,False
G4511104,COMERCIO POR ATACADO DE CAMINHOES NOVOS E USADOS,12,26342748.0,0,False
G4511105,COMERCIO POR ATACADO DE REBOQUES E SEMI-REBOQUES NOVOS E USADOS,1,69715.0,0,False
G4512901,REPRES COMERCIAIS E AGENTES DO COMERCIO DE VEICULOS AUTOMOTORES,3,410000.0,0,False
G4512902,COMERCIO SOB CONSIGNACAO DE VEICULOS AUTOMOTORES,6,1288991.0,0,False
G4520000,MANUTENCAO E REPARACAO DE VEICULOS AUTOMOTORES,19,1493441.0,0,False
G4520001,SERVICOS MANUTENCAO E REPARACAO MECANICA DE VEICULOS AUTOMOTORES,137,19373305.0,0,False
G4520002,SERV LANTERNAGEM OU FUNILARIA E PINTURA DE VEICULOS AUTOMOTORES,12,901550.0,0,False
G4520003,SERV DE MANUTENCAO E REPARACAO ELETRICA DE VEICULOS AUTOMOTORES,5,900000.0,0,False
G4520004,SERVICOS DE ALINHAMENTO E BALANCEAMENTO DE VEICULOS AUTOMOTORES,5,575344.0,0,False
G4520005,SERV DE LAVAGEM LUBRIFICACAO E POLIMENTO DE VEICULOS AUTOMOTORES,9,1204933.0,0,False
G4520006,SERVICOS DE BORRACHARIA PARA VEICULOS AUTOMOTORES,12,2129648.0,1,False
G4520007,SERVI INSTAL MANUTENCAO REPARACAO ACESSORIOS P/VEICULO AUTOMOTOR,15,2534287.0,0,False
G4520008,SERVICOS DE CAPOTARIA,1,125000.0,0,False
G4530700,COMERCIO DE PECAS E ACESSORIOS PARA VEICULOS AUTOMOTORES,50,5225865.0,0,False
G4530701,COM ATACADO DE PECAS E ACESSORIOS NOVOS PARA VEICULO AUTOMOTOR,100,20473680.0,0,False
G4530702,COMERCIO POR ATACADO DE PNEUMATICOS E CAMARAS-DE-AR,5,1431390.0,0,False
G4530703,COM VAREJO DE PECAS E ACESSORIOS NOVOS PARA VEICULOS AUTOMOTORES,563,111552386.0,0,False
G4530704,COM VAREJO DE PECAS E ACESSORIOS USADOS PARA VEICULO AUTOMOTOR,17,1867680.0,0,False
G4530705,COMERCIO A VAREJO DE PNEUMATICOS E CAMARAS-DE-AR,100,18222154.0,0,False
G4530706,REPRES COMAL AGEN COM PECA ACESS NOVO USADO P/VEICULO AUTOMOTOR,2,100800.0,0,False
G4540000,"COMERCIO, MANUTENCAO E REPARACAO DE MOTOCICLETAS, PECAS E ACESSOR",1,95000.0,0,False
G4541200,"COM ATACADO E A VAREJO DE MOTOCICLETAS, PECAS E ACESSORIOS",8,2090111.0,0,False
G4541201,COMERCIO POR ATACADO DE MOTOCICLETAS E MOTONETAS,4,1707600.0,0,False
G4541202,COM ATACADO DE PECAS E ACESSORIOS PARA MOTOCICLETAS E MOTONETAS,20,5143811.0,0,False
G4541203,COMERCIO A VAREJO DE MOTOCICLETAS E MOTONETAS NOVAS,35,17838297.0,0,False
G4541204,COMERCIO A VAREJO DE MOTOCICLETAS E MOTONETAS USADAS,4,776139.0,0,False
G4541206,COM VAREJO DE PEÇAS E ACESS NOVOS PARA MOTOCICLETAS E MOTONETAS,61,7538462.0,0,False
G4542101,"REPRES COMAL AGENTE DO COM DE MOTOCICLETAS, PECAS E ACESSORIOS",1,582645.0,0,False
G4543900,MANUTENCAO E REPARACAO DE MOTOCICLETAS E MOTONETAS,5,550254.0,0,False
G4600000,"COMERCIO POR ATACADO, EXCETO VEICULOS AUTOMOTORES E MOTOCICLETAS",1,96000.0,0,False
G4611700,REPRES COMAL AGENTE COM MATERIA-PRIMA AGRICOLA E ANIMAIS VIVOS,24,4715512.0,0,False
G4612500,REPRES COMAL AGENTE COM COMBUST MINERAL PROD SIDERURGICO QUIMICO,4,2977432.0,0,False
G4613300,REPRES COMAL AGENTE COM MADEIRA MATERIAL CONSTRUCAO E FERRAGENS,5,330000.0,0,False
G4614100,REPRES COMAL AGENTES COM MAQ EQUIP EMBARCACOES E AERONAVES,13,10108069.0,0,False
G4615000,REPRES COMAL AGENTE COM ELETRODOMESTICO MOVEL ART USO DOMESTICO,5,864880.0,0,False
G4616800,REPRES COMAL AGENTE COM TEXTIL VESTUARIO CALCADO ART DE VIAGEM,4,522000.0,0,False
G4617600,"REPRES COMAL AGENTE COM DE PRODUTOS ALIMENTICIOS, BEBIDAS E FUMO",18,3166161.0,0,False
G4618400,REPRES COMAL AGENTE COM ESPEC PRODUTO NAO ESPECI ANTERIORMENTE,4,1362595.0,0,False
G4618401,REPRES COMAL AGENTE COM MEDICAMENTO COSMETICO PROD PERFUMARIA,2,200000.0,0,False
G4618499,OUTROS REPRES COMAL AGENTE COM ESPECI PROD NAO ESPECI ANTERIOR,4,255500.0,0,False
G4619200,REPRES COMAL AGENTE COM MERCADORIAS EM GERAL NAO ESPECIALIZADO,22,2806622.0,0,False
G4621400,COMERCIO ATACADISTA DE CAFE EM GRAO,5,630363.0,0,False
G4622200,COMERCIO ATACADISTA DE SOJA,18,152988514.0,0,False
G4623100,COM ATAC ANIMAL VIVO ALI P/ANIMAL MAT-PRIMA AGRI EXC CAFE E SOJA,24,2893229.0,0,False
G4623101,COMERCIO ATACADISTA DE ANIMAIS VIVOS,14,2861501.0,0,False
G4623102,COM ATAC COURO LA PELE OUTRO SUBPROD NAO-COMEST DE ORIGEM ANIMAL,7,1013800.0,0,False
G4623103,COMERCIO ATACADISTA DE ALGODAO,7,7671939.0,0,False
G4623104,COMERCIO ATACADISTA DE FUMO EM FOLHA NAO BENEFICIADO,1,278974.0,0,False
G4623105,COMERCIO ATACADISTA DE CACAU,32,15688885.0,0,False
G4623106,"COMERCIO ATACADISTA DE SEMENTES, FLORES, PLANTAS E GRAMAS",18,11317645.0,0,False
G4623107,COMERCIO ATACADISTA DE SISAL,3,497754.0,0,False
G4623108,COM ATAC MATERIA-PRIMA AGRI C/ATIV FRACIO ACONDICI ASSOCIADA,11,1373406.0,0,False
G4623109,COMERCIO ATACADISTA DE ALIMENTOS PARA ANIMAIS,84,19323794.0,0,False
G4623199,COM ATAC MATERIA-PRIMA AGRICOLAS NAO ESPECIFICADAS ANTERIORMENTE,65,31889616.0,0,False
G4630000,"COMERCIO ATACADISTA ESPECIALIZADO EM PROD ALIMENTICIOS, BEBIDAS E",1,89991.0,0,False
G4631100,COMERCIO ATACADISTA DE LEITE E LATICINIOS,60,8634270.0,0,False
G4632000,"COM ATAC CEREAL LEGUMINOSA BENEF FARINHAS, AMIDOS E FECULAS",28,2224757.0,0,False
G4632001,COMERCIO ATACADISTA DE CEREAIS E LEGUMINOSAS BENEFICIADOS,87,15375075.0,0,False
G4632002,"COMERCIO ATACADISTA DE FARINHAS, AMIDOS E FECULAS",68,12396621.0,0,False
G4632003,COM AT CER LEG BENEF FARI AMID FECULA C/ATIV FRACI ACONDIC ASSOC,68,17480418.0,0,False
G4633800,COMERCIO ATACADISTA DE HORTIFRUTIGRANJEIROS,33,2720245.0,0,False
G4633801,COM ATAC FRUTA VERDURA RAIZ TUBERC HORTALICAS E LEGUMES FRESCOS,310,74756889.0,0,False
G4633802,COMERCIO ATACADISTA DE AVES VIVAS E OVOS,15,1838358.0,0,False
G4634600,"COMERCIO ATACADISTA DE CARNES, PRODUTOS DA CARNE E PESCADO",13,2671621.0,0,False
G4634601,COMERCIO ATACADISTA DE CARNES BOVINAS E SUINAS E DERIVADOS,154,33027408.0,0,False
G4634602,COMERCIO ATACADISTA DE AVES ABATIDAS E DERIVADOS,12,2523609.0,1,False
G4634603,COMERCIO ATACADISTA DE PESCADOS E FRUTOS DO MAR,43,6011176.0,0,False
G4634699,COMERCIO ATACADISTA DE CARNES E DERIVADOS DE OUTROS ANIMAIS,19,6204399.0,0,False
G4635400,COMERCIO ATACADISTA DE BEBIDAS,76,11553461.0,0,False
G4635401,COMERCIO ATACADISTA DE AGUA MINERAL,22,14807994.0,0,False
G4635402,"COMERCIO ATACADISTA DE CERVEJA, CHOPE E REFRIGERANTE",472,164941701.0,0,False
G4635403,COM ATAC BEBIDAS C/ATIV DE FRACIONAMENTO ACONDICIONAMENTO ASSOCI,26,5167052.0,0,False
G4635499,COMERCIO ATACADISTA DE BEBIDAS NAO ESPECIFICADAS ANTERIORMENTE,83,20914034.0,0,False
G4637100,COM ATAC ESPECIAL PROD ALIMENTICIOS NAO ESPECI ANTERIORMENTE,94,10156966.0,0,False
G4637101,"COMERCIO ATACADISTA DE CAFE TORRADO, MOIDO E SOLUVEL",8,3361922.0,0,False
G4637102,COMERCIO ATACADISTA DE ACUCAR,9,1342376.0,0,False
G4637103,COMERCIO ATACADISTA DE OLEOS E GORDURAS,3,326000.0,0,False
G4637104,"COMERCIO ATACADISTA DE PAES, BOLOS, BISCOITOS E SIMILARES",16,900200.0,0,False
G4637105,COMERCIO ATACADISTA DE MASSAS ALIMENTICIAS,8,1589281.0,0,False
G4637106,COMERCIO ATACADISTA DE SORVETES,8,1478149.0,0,False
G4637107,"COM ATAC DE CHOCOLATES, CONFEITOS, BALAS, BOMBONS E SEMELHANTES",17,3400226.0,0,False
G4637199,COM ATAC ESPECIAL OUTRO PROD ALIMENT NAO ESPECI ANTERIORMENTE,69,16548263.0,0,False
G4639700,COMERCIO ATACADISTA DE PRODUTOS ALIMENTICIOS EM GERAL,3,379500.0,0,False
G4639701,COMERCIO ATACADISTA DE PRODUTOS ALIMENTICIOS EM GERAL,710,159474853.0,1,False
G4639702,COM ATAC PROD ALIM EM GERAL C/ATIV FRACIONA ACONDICI ASSOCIADA,13,3259379.0,0,False
G4640000,COMERCIO ATACADISTA DE PRODUTOS DE CONSUMO NAO-ALIMENTAR,1,183429.0,0,False
G4641900,"COM ATACADISTA DE TECIDOS, ARTEFATOS DE TECIDOS E DE ARMARINHO",1,75600.0,0,False
G4641901,COMERCIO ATACADISTA DE TECIDOS,4,1614000.0,0,False
G4641902,"COMERCIO ATACADISTA DE ARTIGOS DE CAMA, MESA E BANHO",1,150000.0,0,False
G4641903,COMERCIO ATACADISTA DE ARTIGOS DE ARMARINHO,5,375394.0,0,False
G4642700,COMERCIO ATACADISTA DE ARTIGOS DO VESTUARIO E ACESSORIOS,1,39599.0,0,False
G4642701,COM ATAC ART VESTUARIO ACESSORIO EXC PROFISSIONAL E DE SEGURANCA,4,1020500.0,0,False
G4642702,COM ATAC ROUPA ACESSORIO P/USO PROFISSIONAL SEGURANCA TRABALHO,2,540000.0,0,False
G4643500,COMERCIO ATACADISTA DE CALCADOS E ARTIGOS DE VIAGEM,2,39001.0,0,False
G4643501,COMERCIO ATACADISTA DE CALCADOS,22,4496650.0,0,False
G4644300,COM ATAC PRODUTOS FARMACEUTICOS PARA USO HUMANO E VETERINARIO,4,329608.0,0,False
G4644301,COMERCIO ATACADISTA DE MEDICAMENTOS E DROGAS DE USO HUMANO,63,26207191.0,0,False
G4644302,COMERCIO ATACADISTA DE MEDICAMENTOS E DROGAS DE USO VETERINARIO,5,1906902.0,0,False
G4645101,COM ATAC INSTRU MAT P/USO MEDICO CIRURG HOSPITAL LABORATORIO,63,24125882.0,0,False
G4645103,COMERCIO ATACADISTA DE PRODUTOS ODONTOLOGICOS,11,1560690.0,0,False
G4646000,"COM ATAC COSMETICOS, PRODUTOS DE PERFUMARIA E DE HIGIENE PESSOAL",8,469684.0,0,False
G4646001,COMERCIO ATACADISTA DE COSMETICOS E PRODUTOS DE PERFUMARIA,25,5042082.0,0,False
G4646001,COMERCIO ATACADISTA DE COSMETICOS E PRODUTOS DE PERFUMARIA       ,10,255550537.82,0,False
G4646002,COMERCIO ATACADISTA DE PRODUTOS DE HIGIENE PESSOAL,14,7182335.0,0,False
G4647800,COM ATAC ART ESCRIT PAPELARIA LIVRO JORNAL E OUTRAS PUBLICACOES,6,1810430.0,0,False
G4647801,COMERCIO ATACADISTA DE ARTIGOS DE ESCRITORIO E DE PAPELARIA,48,8320190.0,0,False
G4647802,"COMERCIO ATACADISTA DE LIVROS, JORNAIS E OUTRAS PUBLICACOES",4,1160204.0,0,False
G4649400,COM ATAC EQ ART DE USO PESSOAL DOMESTICO NAO ESPECI ANTERIOR,3,70069.0,0,False
G4649401,COM ATAC DE EQUIPAMENTOS ELETRICOS DE USO PESSOAL E DOMESTICO,21,9565458.0,0,False
G4649402,COM ATACADISTA APARELHOS ELETRONICOS DE USO PESSOAL E DOMESTICO,19,5230419.0,0,False
G4649403,"COM ATAC DE BICICLETAS, TRICICLOS E OUTROS VEICULOS RECREATIVOS",17,16169498.0,0,False
G4649404,COMERCIO ATACADISTA DE MOVEIS E ARTIGOS DE COLCHOARIA,15,2635125.0,0,False
G4649408,"COM ATAC PRODUTOS DE HIGIENE, LIMPEZA E CONSERVACAO DOMICILIAR",30,2859994.0,0,False
G4649409,COM ATAC PD HIG LIMP CONSER DOMICI C/AT FRACIONA ACONDICI ASSOC,4,1479585.0,0,False
G4649410,COM ATAC JOIA RELOG BIJUT INCLU PEDRA PRECIOSA SEMI LAPIDADAS,1,460000.0,0,False
G4649499,COM ATAC OUTROS EQUIP ART USO PESSOAL DOMEST NAO ESPECI ANTERIOR,52,14150912.0,0,False
G4651601,COMERCIO ATACADISTA DE EQUIPAMENTOS DE INFORMATICA,9,1078129.0,0,False
G4651602,COMERCIO ATACADISTA DE SUPRIMENTOS PARA INFORMATICA,4,566115.0,0,False
G4652400,COM ATAC COMPONENTES ELETRONICO EQUIP DE TELEFONIA E COMUNICACAO,9,1759100.0,0,False
G4661300,"COM ATAC MAQ APARELHO EQUIP P/USO AGROPECUARIO, PARTES E PECAS",37,27964303.0,4,False
G4662100,COM ATAC MAQ EQUIP P/TERRAPLENAGEM MIN CONSTRUCAO PARTE E PECA,10,14936330.0,0,False
G4663000,"COM ATAC MAQ EQUIPAMENTOS PARA USO INDUSTRIAL, PARTES E PECAS",16,4425209.0,1,False
G4664800,COM ATAC MAQ APAR EQUIP P/USO ODONTO-MED-HOSPITALAR PARTE PECA,9,8524983.0,0,False
G4665600,"COM ATAC MAQ E EQUIPAMENTOS PARA USO COMERCIAL, PARTES E PECAS",4,479880.0,0,False
G4669900,"COM ATAC MAQ APAR EQUIP NAO ESPECI ANTERIORMENTE, PARTES E PECAS",4,391386.0,0,False
G4669901,"COMERCIO ATACADISTA DE BOMBAS E COMPRESSORES, PARTES E PECAS",1,300000.0,0,False
G4669999,"COM ATAC OUTRAS MAQ EQUIP NAO ESPECI ANTERIOR, PARTES E PECAS",10,10513863.0,0,False
G4670000,COM ATAC MADEIRA FERRAGEM FERRAMENTA MAT ELETRICO E MAT DE CONSTR,6,733338.0,0,False
G4671100,COMERCIO ATACADISTA DE MADEIRA E PRODUTOS DERIVADOS,33,6020039.0,0,False
G4672900,COMERCIO ATACADISTA DE FERRAGENS E FERRAMENTAS,40,26256496.0,0,False
G4673700,COMERCIO ATACADISTA DE MATERIAL ELETRICO,20,57334793.0,0,False
G4673700,COMERCIO ATACADISTA DE MATERIAL ELETRICO                         ,6,13300000.0,0,False
G4674500,COMERCIO ATACADISTA DE CIMENTO,44,16041449.0,0,False
G4679601,"COMERCIO ATACADISTA DE TINTAS, VERNIZES E SIMILARES",3,198500.0,0,False
G4679602,COMERCIO ATACADISTA DE MARMORES E GRANITOS,8,1884871.0,0,False
G4679603,"COMERCIO ATACADISTA DE VIDROS, ESPELHOS E VITRAIS",5,1306864.0,0,False
G4679604,COM ATAC ESPECI MAT CONSTRUCAO NAO ESPECIFICADOS ANTERIORMENTE,19,3518840.0,0,False
G4679699,COMERCIO ATACADISTA DE MATERIAIS DE CONSTRUCAO EM GERAL,156,39769038.0,0,False
G4681800,COM ATAC COMBUSTIVEL SOLIDO LIQUIDO GASOSO EXC GAS NATURAL GLP,37,12746978.0,0,False
G4681801,COM ATAC COMBUSTIVEL REALIZADO P/TRANSP NAO RETALHISTA (TRR),91,31631124.0,0,False
G4681801,COM ATAC COMBUSTIVEL REALIZADO P/TRANSP NAO RETALHISTA (TRR)     ,5,45794505.62,0,False
G4681802,COM ATAC COMBUSTIVEL REALIZADO POR TRANSPORTADOR RETALHISTA(TRR),134,42003748.0,0,False
G4681803,"COM ATAC COMBUSTIVEL DE ORIGEM VEGETAL, EXCETO ALCOOL CARBURANTE",2,210000.0,0,False
G4681804,COMERCIO ATACADISTA DE COMBUSTIVEIS DE ORIGEM MINERAL EM BRUTO,1,320000.0,0,False
G4681805,COMERCIO ATACADISTA DE LUBRIFICANTES,74,20755406.0,0,False
G4683400,COM ATAC DEFENSIVOS AGRIC ADUBO FERTILIZANTE E CORRETIVO DO SOLO,83,23110635.0,1,False
G4684200,"COM ATAC PRODUTOS QUIMICOS E PETROQUIMICOS, EXCETO AGROQUIMICOS",4,429307.0,0,False
G4684201,COMERCIO ATACADISTA DE RESINAS E ELASTOMEROS,1,200000.0,0,False
G4684299,COM ATAC OUTROS PRODUTOS QUIM PETROQUIM NAO ESPECI ANTERIOR,44,10893417.0,0,False
G4685100,"COM ATAC PROD SIDERURGICO E METALURGICO, EXCETO PARA CONSTRUCAO",11,2671710.0,0,False
G4686902,COMERCIO ATACADISTA DE EMBALAGENS,58,10136076.0,0,False
G4687700,COMERCIO ATACADISTA DE RESIDUOS E SUCATAS,3,243646.0,0,False
G4687701,COMERCIO ATACADISTA DE RESIDUOS DE PAPEL E PAPELAO,21,2030933.0,0,False
G4687702,COM ATAC RESIDUO SUCATA NAO-METALICO EXC DE PAPEL E PAPELAO,16,2220258.0,0,False
G4687703,COMERCIO ATACADISTA DE RESIDUOS E SUCATAS METALICOS,42,6447739.0,0,False
G4689300,COM ATAC ESPECI OUTROS PROD INTERMEDI NAO ESPECI ANTERIORMENTE,4,279107.0,0,False
G4689301,"COM ATAC PRODUTOS DA EXTRACAO MINERAL, EXCETO COMBUSTIVEIS",11,2775323.0,0,False
G4689302,COMERCIO ATACADISTA DE FIOS E FIBRAS BENEFICIADOS,1,250000.0,0,False
G4689399,COM ATAC ESPECI OUTROS PROD INTERMEDI NAO ESPECI ANTERIORMENTE,32,4355842.0,0,False
G4691500,COM ATAC MERC EM GERAL COM PREDOMINANCIA DE PRODUTO ALIMENTICIO,103,22227828.0,2,False
G4692300,COM ATAC MERC EM GERAL COM PREDOMINANCIA DE INSUMO AGROPECUARIO,15,3331553.0,0,False
G4693100,COM ATAC MERC GERAL SEM PREDOMINANCIA DE ALIM OU INSUMO AGROPEC,146,37296384.0,0,False
G4693100,COM ATAC MERC GERAL SEM PREDOMINANCIA DE ALIM OU INSUMO AGROPEC  ,2,12097060.22,0,False
G4700000,COMERCIO VAREJISTA,3,503212.0,0,False
G4711301,COM VAREJ MERC GERAL C/PREDOM PROD ALIM - HIPERMERCADOS,28,9057516.0,0,False
G4711302,COM VAREJ MERC GERAL C/PREDOM PROD ALIM - SUPERMERCADOS,641,160304825.0,12,False
G4712100,COM VAREJ MERC GERAL C/PREDOM PD ALIM - MINIMERC MERCAR ARMAZEM,1444,172729800.0,0,False
G4713000,"COM VAREJ MERC GERAL, SEM PREDOMINANCIA DE PRODUTOS ALIMENTICIOS",1,1000000.0,0,False
G4713002,"LOJAS DE VARIEDADES, EXCETO LOJAS DE DEPARTAMENTOS OU MAGAZINES",33,2953883.0,0,False
G4713004,"LOJAS DE DEPARTAMENTOS OU MAGAZINES, EXCETO LOJAS FRANCAS",34,42705684.0,0,False
G4720000,"COMERCIO VAREJISTA DE PRODUTOS ALIMENTICIOS, BEBIDAS E FUMO",2,160700.0,0,False
G4721100,"COM VAREJ PROD PADARIA, LATICINIO, DOCES, BALAS E SEMELHANTES",15,1337068.0,0,False
G4721101,PADARIA E CONFEITARIA COM PREDOMINANCIA DE PRODUCAO PROPRIA,4,1178210.0,0,False
G4721102,PADARIA E CONFEITARIA COM PREDOMINANCIA DE REVENDA,76,12490104.0,0,False
G4721103,COMERCIO VAREJISTA DE LATICINIOS E FRIOS,117,18254855.0,0,False
G4721104,"COMERCIO VAREJISTA DE DOCES, BALAS, BOMBONS E SEMELHANTES",47,5341329.0,0,False
G4722900,COMERCIO VAREJISTA DE CARNES E PESCADOS - ACOUGUES E PEIXARIAS,3,234564.0,0,False
G4722901,COMERCIO VAREJISTA DE CARNES - ACOUGUES,140,19509257.0,1,False
G4722902,PEIXARIA,46,4799200.0,0,False
G4723700,COMERCIO VAREJISTA DE BEBIDAS,248,29688340.0,0,False
G4724500,COMERCIO VAREJISTA DE HORTIFRUTIGRANJEIROS,251,35060983.0,0,False
G4729600,"COM VAREJ PD ALIM GRAL OU ESP PD ALIM NAO ESPEC ANTERIO, PD FUMO",10,947204.0,0,False
G4729602,COMERCIO VAREJISTA DE MERCADORIAS EM LOJAS DE CONVENIENCIA,3,732564.0,0,False
G4729699,COM VAREJ PD ALIM EM GERAL OU ESPEC PD ALIM NAO ESPECI ANTERIOR,351,58075826.0,0,False
G4731800,COMERCIO VAREJISTA DE COMBUSTIVEIS PARA VEICULOS AUTOMOTORES,1073,228929766.0,2,False
G4732600,COMERCIO VAREJISTA DE LUBRIFICANTES,54,6961994.0,0,False
G4740000,COMERCIO VAREJISTA DE MATERIAL DE CONSTRUCAO,161,13563652.0,0,False
G4741500,COMERCIO VAREJISTA DE TINTAS E MATERIAIS PARA PINTURA,71,13930620.0,0,False
G4742300,COMERCIO VAREJISTA DE MATERIAL ELETRICO,147,22131623.0,0,False
G4743100,COMERCIO VAREJISTA DE VIDROS,54,8134837.0,0,False
G4744001,COMERCIO VAREJISTA DE FERRAGENS E FERRAMENTAS,329,72178707.0,0,False
G4744002,COMERCIO VAREJISTA DE MADEIRA E ARTEFATOS,264,48118186.0,0,False
G4744003,COMERCIO VAREJISTA DE MATERIAIS HIDRAULICOS,72,13537358.0,0,False
G4744004,"COM VAREJISTA DE CAL, AREIA, PEDRA BRITADA, TIJOLOS E TELHAS",87,13741983.0,2,False
G4744005,COM VAREJISTA DE MATERIAIS DE CONSTRUCAO NAO ESPECI ANTERIOR,728,114136380.0,2,False
G4744006,COMERCIO VAREJISTA DE PEDRAS PARA REVESTIMENTO,6,919884.0,0,False
G4744099,COMERCIO VAREJISTA DE MATERIAIS DE CONSTRUCAO EM GERAL,1887,288865037.0,10,False
G4751200,COM VAREJISTA ESPECIALIZADO EQUIP SUPRIMENTOS DE INFORMATICA,2,69000.0,0,False
G4751201,COM VAREJO ESPECIALIZADO EQUIPAMENTOS SUPRIMENTOS INFORMATICA,99,18857037.0,0,False
G4752100,COM VAREJISTA ESPECIALIZADO EQUIP DE TELEFONIA E COMUNICACAO,87,15129877.0,0,False
G4753900,COM VAREJISTA ESPECI ELETRODOMESTICOS E EQUIP DE AUDIO E VIDEO,159,25982013.0,0,False
G4754700,"COM VAREJISTA ESPECI MOVEIS, COLCHOARIA E ARTIGOS DE ILUMINACAO",19,1119280.0,0,False
G4754701,COMERCIO VAREJISTA DE MOVEIS,553,82318214.0,0,False
G4754702,COMERCIO VAREJISTA DE ARTIGOS DE COLCHOARIA,32,2890015.0,0,False
G4754703,COMERCIO VAREJISTA DE ARTIGOS DE ILUMINACAO,7,1055810.0,0,False
G4755500,"COM VAREJISTA ESPECI DE TECIDOS E ARTIGOS DE CAMA, MESA E BANHO",11,9122075.0,0,False
G4755501,COMERCIO VAREJISTA DE TECIDOS,41,5667942.0,0,False
G4755502,COMERCIO VAREJISTA DE ARTIGOS DE ARMARINHO,82,9792019.0,0,False
G4755503,"COMERCIO VAREJISTA DE ARTIGOS DE CAMA, MESA E BANHO",74,11340172.0,0,False
G4756300,COM VAREJISTA ESPECIALIZADO DE INSTRUMENTOS MUSICAIS E ACESSORIO,29,4748646.0,0,False
G4757100,COM VJ ESPECI PECA ACESS AP ELETROTRON P/USO DOMES EX INFO COMU,24,2547819.0,0,False
G4759801,"COMERCIO VAREJISTA DE ARTIGOS DE TAPECARIA, CORTINAS E PERSIANAS",4,3418000.0,0,False
G4759899,COM VAREJISTA OUTROS ARTIGOS USO DOMESTICO NAO ESPECI ANTERIOR,111,13413601.0,1,False
G4761000,"COMERCIO VAREJISTA DE LIVROS, JORNAIS, REVISTAS E PAPELARIA",2,138504.0,0,False
G4761001,COMERCIO VAREJISTA DE LIVROS,16,2652345.0,0,False
G4761003,COMERCIO VAREJISTA DE ARTIGOS DE PAPELARIA,119,11954869.0,0,False
G4762800,"COMERCIO VAREJISTA DE DISCOS, CDS, DVDS E FITAS",1,133650.0,0,False
G4763600,COMERCIO VAREJISTA DE ARTIGOS RECREATIVOS E ESPORTIVOS,2,977400.0,0,False
G4763601,COMERCIO VAREJISTA DE BRINQUEDOS E ARTIGOS RECREATIVOS,26,4073841.0,0,False
G4763602,COMERCIO VAREJISTA DE ARTIGOS ESPORTIVOS,23,3398423.0,0,False
G4763603,"COMERCIO VAREJISTA DE BICICLETAS E TRICICLOS, PECAS E ACESSORIOS",21,3125218.0,0,False
G4763604,"COMERCIO VAREJISTA DE ARTIGOS DE CACA, PESCA E CAMPING",2,290000.0,0,False
G4763605,"COM VAREJ EMBARCACAO OUTROS VEICULOS RECREATIVOS, PECA ACESSORIO",1,300000.0,0,False
G4770000,COM VAREJ PROD FARMA PERFUM COSMETI E ART MEDICO OPTICO E ORTOPED,13,1203575.0,0,False
G4771701,"COM VAREJ DE PRODUTOS FARMACEUTICOS, SEM MANIPULACAO DE FORMULAS",210,29733605.0,0,False
G4771702,"COM VAREJ DE PRODUTOS FARMACEUTICOS, COM MANIPULACAO DE FORMULAS",10,2791150.0,0,False
G4771703,COMERCIO VAREJISTA DE PRODUTOS FARMACEUTICOS HOMEOPATICOS,1,110960.0,0,False
G4771704,COMERCIO VAREJISTA DE MEDICAMENTOS VETERINARIOS,124,16970408.0,0,False
G4772500,"COM VAREJ COSMETICOS, PRODUTOS DE PERFUMARIA E HIGIENE PESSOAL",83,10267948.0,0,False
G4772500,"COM VAREJ COSMETICOS, PRODUTOS DE PERFUMARIA E HIGIENE PESSOAL   ",1,5436577.83,0,False
G4773300,COMERCIO VAREJISTA DE ARTIGOS MEDICOS E ORTOPEDICOS,20,4394758.0,0,False
G4774100,COMERCIO VAREJISTA DE ARTIGOS DE OPTICA,56,7488917.0,0,False
G4780000,COM VAREJISTA PROD NOVO NAO ESPECI ANTERIORMENTE E DE PRODUTOS US,6,401008.0,0,False
G4781400,COMERCIO VAREJISTA DE ARTIGOS DO VESTUARIO E ACESSORIOS,472,68731459.0,0,False
G4782200,COMERCIO VAREJISTA DE CALCADOS E ARTIGOS DE VIAGEM,1,17716.0,0,False
G4782201,COMERCIO VAREJISTA DE CALCADOS,138,32345891.0,0,False
G4782202,COMERCIO VAREJISTA DE ARTIGOS DE VIAGEM,19,1852664.0,0,False
G4783101,COMERCIO VAREJISTA DE ARTIGOS DE JOALHERIA,9,1119800.0,0,False
G4783102,COMERCIO VAREJISTA DE ARTIGOS DE RELOJOARIA,3,201000.0,0,False
G4784900,COMERCIO VAREJISTA DE GAS LIQUEFEITO DE PETROLEO (GLP),475,64103897.0,0,False
G4784900,COMERCIO VAREJISTA DE GAS LIQUEFEITO DE PETROLEO (GLP)           ,3,105362495.59,0,False
G4785700,COMERCIO VAREJISTA DE ARTIGOS USADOS,1,65800.0,0,False
G4785799,COMERCIO VAREJISTA DE OUTROS ARTIGOS USADOS,3,211258.0,0,False
G4789000,COM VAREJ OUTROS PRODUTOS NOVOS NAO ESPECIFICADOS ANTERIORMENTE,49,5259115.0,0,False
G4789001,"COMERCIO VAREJISTA DE SUVENIRES, BIJUTERIAS E ARTESANATOS",38,4107591.0,0,False
G4789002,COMERCIO VAREJISTA DE PLANTAS E FLORES NATURAIS,35,3346657.0,0,False
G4789004,COM VAREJ ANIMAL VIVO E ARTIGO E ALIMENTO P/ANIMAL DE ESTIMACAO,108,15344758.0,0,False
G4789005,COMERCIO VAREJISTA DE PRODUTOS SANEANTES DOMISSANITARIOS,36,7261856.0,0,False
G4789006,COMERCIO VAREJISTA DE FOGOS DE ARTIFICIO E ARTIGOS PIROTECNICOS,2,236920.0,0,False
G4789007,COMERCIO VAREJISTA DE EQUIPAMENTOS PARA ESCRITORIO,10,1412580.0,0,False
G4789008,COMERCIO VAREJISTA DE ARTIGOS FOTOGRAFICOS E PARA FILMAGEM,5,239543.0,0,False
G4789099,COM VAREJ DE OUTROS PRODUTOS NAO ESPECIFICADOS ANTERIORMENTE,434,67523052.0,0,False
H4900000,TRANSPORTE TERRESTRE,1,60000.0,0,False
H4911600,TRANSPORTE FERROVIARIO DE CARGA,1,11000.0,0,False
H4912403,TRANSPORTE METROVIARIO                                           ,6,3473934203.04,0,False
H4920000,TRANSPORTE RODOVIARIO DE PASSAGEIROS,18,6105924.0,0,False
H4921300,TRANSP RODOV COL PASSAG C/ITINERARIO FXO MUN E RG METROPOLITANA,588,322294445.0,0,False
H4921300,TRANSP RODOV COL PASSAG C/ITINERARIO FXO MUN E RG METROPOLITANA  ,1,60764468.43,0,False
H4921301,"TRANSP RODOV COL PASSAG C/ITINERARIO FIXO, MUNICIPAL",1430,961163606.0,0,False
H4921302,TRANSP RODOV COL PASSAG C/ITINERARIO FXO INTERMUN RG METROPOLITA,382,243430475.0,0,False
H4922100,TRANSP RODOV COL PASSAG C/ITINERARIO FXO INTER-MUN-EST-NACIONAL,395,186887852.0,0,False
H4922101,TRANSP RODOV COL PASSAG C/ITINERARIO FXO INTERMUN EXC RG METROPO,709,662251985.0,0,False
H4922102,TRANSP RODOV COL PASSAG C/ITINERARIO FIXO INTERESTADUAL,529,326305461.0,0,False
H4922103,TRANSP RODOV COL PASSAG C/ITINERARIO FIXO INTERNACIONAL,20,14065736.0,0,False
H4923000,TRANSPORTE RODOVIARIO DE TAXI,30,6898055.0,0,False
H4923001,SERVICO DE TAXI,8,1309600.0,0,False
H4923002,SERVICO TRANSPORTE PASSAGEIROS LOCACAO DE AUTOMOVEL C/MOTORISTA,189,44781057.0,0,False
H4924800,TRANSPORTE ESCOLAR,38,7764815.0,0,False
H4929900,TRANSP ROD COL PASS SB REG FRETE E TPT ROD NAO ESPECI ANTERIOR,2,409050.0,0,False
H4929901,"TRANSP ROD COL PASSAGEIROS, SOB REGIME DE FRETAMENTO, MUNICIPAL",163,51622791.0,0,False
H4929902,TRANSP ROD COL PASS SB REG FRETE INTER-MUN-EST-NACIONAL,466,186622105.0,0,False
H4929904,ORGANIZACAO EXCURSAO EM VEIC ROD PROPRIO INTER-MUN-EST-NACIONAL,43,13313803.0,0,False
H4929999,OUTROS TRANSP RODOVIARIOS DE PASSAGEIROS NAO ESPECI ANTERIOR,27,5832635.0,0,False
H4930200,TRANSPORTE RODOVIARIO DE CARGA,1179,212644974.0,0,False
H4930201,"TRANSP ROD CARGA EXCETO PRODUTOS PERIGOSOS E MUDANCAS, MUNICIPAL",1702,357275760.0,3,False
H4930202,TRANSP ROD CARGA EXC PROD PERIG MUDANCA INTER-MUN-EST-NACIONAL,25077,5161353328.0,9,False
H4930203,TRANSPORTE RODOVIARIO DE PRODUTOS PERIGOSOS,2758,968413612.0,0,False
H4930204,TRANSPORTE RODOVIARIO DE MUDANCAS,71,16089928.0,0,False
H4940000,TRANSPORTE DUTOVIARIO,1,197000.0,0,False
H4940000,TRANSPORTE DUTOVIARIO                                            ,5,5639931402.82,0,False
H5011400,TRANSPORTE MARITIMO DE CABOTAGEM                                 ,6,7783439.64,0,False
H5011402,TRANSPORTE MARITIMO DE CABOTAGEM - PASSAGEIROS,1,1245589.0,0,False
H5021100,TRANSPORTE POR NAVEGACAO INTERIOR DE CARGA                       ,3,6947265.48,0,False
H5021102,TRANSP NAV INTERIOR CARGA INTER-MUN-EST-NACIONAL EXC TRAVESSIA,2,67200.0,0,False
H5022000,TRANSPORTE NAVEGACAO INTERIOR DE PASSAGEIROS EM LINHAS REGULARES,1,184400.0,0,False
H5022002,TRANSP NAV INTERIOR PAS LNHA REG INTER-MUN-EST-NACIONAL EX TRVES,2,481360.0,0,False
H5030101,NAVEGACAO DE APOIO MARITIMO,3,598120.0,0,False
H5030101,NAVEGACAO DE APOIO MARITIMO                                      ,11,98002007.72,0,False
H5030102,NAVEGACAO DE APOIO PORTUARIO,1,170615.0,0,False
H5112900,TRANSPORTE AEREO DE PASSAGEIROS NAO-REGULAR,1,3178349.0,0,False
H5112901,SERVICO DE TAXI AEREO E LOCACAO DE AERONAVES COM TRIPULACAO,2,4967840.0,0,False
H5210000,"ARMAZENAMENTO, CARGA E DESCARGA",9,2889048.0,0,False
H5211700,ARMAZENAMENTO                                                    ,1,12498455.63,0,False
H5211701,ARMAZENS GERAIS - EMISSAO DE WARRANT,68,67438352.0,0,False
H5211701,ARMAZENS GERAIS - EMISSAO DE WARRANT                             ,3,55268156.36,0,False
H5211799,DEPOSITO MERCADORIA P/TERCEIRO EXC ARMAZEM GERAL GUARDA-MOVEIS,70,66377387.0,0,False
H5212500,CARGA E DESCARGA,123,29658393.0,1,False
H5220000,ATIVIDADES AUXILIARES DOS TRANSPORTES TERRESTRES,5,308809.0,0,False
H5221400,"CONCESSIONARIAS RODOVIAS, PONTES, TUNEIS E SERVICOS RELACIONADOS",9,1909980.0,0,False
H5221400,"CONCESSIONARIAS RODOVIAS, PONTES, TUNEIS E SERVICOS RELACIONADOS ",30,1137867832.16,0,False
H5222200,TERMINAIS RODOVIARIOS E FERROVIARIOS,4,1293900.0,0,False
H5223100,ESTACIONAMENTO DE VEICULOS,4,5371695.0,0,False
H5229001,SERVICOS APOIO TRANSPORTE POR TAXI INCLUSIVE CENTRAIS DE CHAMADA,1,21000.0,0,False
H5229002,SERVICOS DE REBOQUE DE VEICULOS,208,21998806.0,0,False
H5229099,OUTRAS ATIV AUXILIARES DOS TRANSPORTES TERRESTRES NAO ESPECI ANTE,27,3838550.0,0,False
H5230000,ATIVIDADES AUXILIARES DOS TRANSPORTES AQUAVIARIOS,2,549080.0,0,False
H5231101,ADMINISTRACAO DA INFRA-ESTRUTURA PORTUARIA,1,1861400.0,1,False
H5231101,ADMINISTRACAO DA INFRA-ESTRUTURA PORTUARIA                       ,11,493243717.28999996,0,False
H5231102,ATIVIDADES DO OPERADOR PORTUARIO,29,26296096.0,0,False
H5231102,ATIVIDADES DO OPERADOR PORTUARIO                                 ,7,98902194.77000001,0,False
H5239799,ATIVID AUXILIARES TRANSP AQUAVIARIOS NAO ESPECIF ANTERIORMENTE,1,2520000.0,0,False
H5250800,ATIVIDADES RELACIONADAS A ORGANIZACAO DO TRANSPORTE DE CARGA,6,834529.0,0,False
H5250802,ATIVIDADES DE DESPACHANTES ADUANEIROS,4,239600.0,0,False
H5250803,"AGENCIAMENTO DE CARGAS, EXCETO PARA O TRANSPORTE MARITIMO",29,2977414.0,0,False
H5250804,ORGANIZACAO LOGISTICA DO TRANSPORTE DE CARGA,49,16749805.0,0,False
H5250805,OPERADOR DE TRANSPORTE MULTIMODAL - OTM,8,13632479.0,0,False
H5310502,ATIVIDADES DEáFRANQUEADAS E PERMISSIONARIAS DO CORREIO NACIONAL,1,52870.0,0,False
H5320201,SERVICOS DE MALOTE NAO REALIZADOS PELO CORREIO NACIONAL,1,300000.0,0,False
H5320202,SERVICOS DE ENTREGA RAPIDA,23,6421883.0,0,False
I5510800,HOTEIS E SIMILARES,26,20435406.0,0,False
I5510800,HOTEIS E SIMILARES                                               ,1,6090128.8,0,False
I5510801,HOTEIS,79,16483782.0,0,False
I5510801,HOTEIS                                                           ,5,23475502.1,0,False
I5510802,APART-HOTEIS,1,70000.0,0,False
I5590603,PENSOES (ALOJAMENTO),2,690240.0,0,False
I5590699,OUTROS ALOJAMENTOS NAO ESPECIFICADOS ANTERIORMENTE,2,630000.0,0,False
I5600000,ALIMENTACAO,1,45257.0,0,False
I5611200,RESTAURANTE OUTRO ESTABELECIMENTO SERVICO ALIMENTACAO E BEBIDAS,7,464095.0,0,False
I5611201,RESTAURANTES E SIMILARES,208,33869131.0,0,False
I5611203,"LANCHONETES, CASAS DE CHA, DE SUCOS E SIMILARES",81,9994186.0,0,False
I5611204,"BARES E OUTROS ESTABELEC ESPEC SERVIR BEBIDAS, SEM ENTRETENIMENTO",10,1920000.0,0,False
I5611205,"BARES E OUTROS ESTABELEC ESPEC SERVIR BEBIDAS, COM ENTRETENIMENTO",3,700000.0,0,False
I5612100,SERVICOS AMBULANTES DE ALIMENTACAO,5,263370.0,0,False
I5620101,FORNECIMENTO ALIMENTO PREPARADO PREPONDERANTEMENTE PARA EMPRESAS,29,6652578.0,0,False
I5620102,SERVICOS DE ALIMENTACAO PARA EVENTOS E RECEPCOES - BUFE,14,1012647.0,0,False
I5620104,FORNECIMENTO ALIMENTO PREPARADO PREPONDERANTE P/CONS DOMICILIAR,6,1833500.0,0,False
J5811500,EDICAO DE LIVROS,1,125000.0,0,False
J5819100,"EDICAO DE CADASTROS, LISTAS E OUTROS PRODUTOS GRAFICOS",1,247500.0,0,False
J5822101,EDICAO INTEGRADA A IMPRESSAO DE JORNAIS DIARIOS,2,295200.0,0,False
J5829800,EDICAO INTEGRADA IMPRESSAO CADASTRO LISTA OUTRO PRODUTO GRAFICO,4,664958.0,0,False
J5910000,"ATIV CINEMATOGRAFICAS, PRODUCAO DE VIDEOS E DE PROGRAMAS DE TELEV",1,4900.0,0,False
J5911100,ATIV PROD CINEMATOGRAFICA DE VIDEOS E DE PROGRAMAS DE TELEVISAO,2,77405.0,0,False
J5911102,PRODUCAO DE FILMES PARA PUBLICIDADE,2,178000.0,0,False
J5911199,ATIV PD CINEMATOGRAFICA VIDEO PROG TELEVISAO NAO ESPECI ANTERIOR,4,877966.0,0,False
J5911199,ATIV PD CINEMATOGRAFICA VIDEO PROG TELEVISAO NAO ESPECI ANTERIOR ,1,355200.0,0,False
J5920100,ATIVIDADES DE GRAVACAO DE SOM E DE EDICAO DE MUSICA,1,37000.0,0,False
J6000000,ATIVIDADES DE RADIO E DE TELEVISAO,3,21280.0,0,False
J6010100,ATIVIDADES DE RADIO,5,903932.0,0,False
J6020000,ATIVIDADES DE TELEVISAO,48,908921.0,0,False
J6021700,ATIVIDADES DE TELEVISAO ABERTA,174,4150343.0,0,False
J6100000,TELECOMUNICACOES,4,5082419.0,0,True
J6110803,SERVICOS DE COMUNICACAO MULTIMIDIA - SCM,37,16684654.0,0,True
J6110803,SERVICOS DE COMUNICACAO MULTIMIDIA - SCM                         ,2,30000000.0,0,True
J6110899,SERVICO TELECOMUNICACOES POR FIO NAO ESPECIFICADOS ANTERIORMENTE,2,300000.0,0,True
J6120501,TELEFONIA MOVEL CELULAR,12,3219594.0,0,True
J6190601,PROVEDORES DE ACESSO AS REDES DE COMUNICACOES,28,7018953.0,0,True
J6190601,PROVEDORES DE ACESSO AS REDES DE COMUNICACOES                    ,6,15000000.0,6,True
J6190699,OUTRAS ATIV DE TELECOMUNICACOES NAO ESPECIFICADAS ANTERIORMENTE,10,1859588.0,0,True
J6200000,ATIVIDADES DOS SERVICOS DE TECNOLOGIA DA INFORMACAO,1,125424.0,0,True
J6201501,DESENVOLVIMENTO DE PROGRAMAS DE COMPUTADOR SOB ENCOMENDA,8,1777800.0,0,True
J6202300,DESENVOLVIMENTO LICENCIAMENTO PROG DE COMPUTADOR CUSTOMIZAVEIS,13,8304000.0,1,True
J6202300,DESENVOLVIMENTO LICENCIAMENTO PROG DE COMPUTADOR CUSTOMIZAVEIS   ,2,2194797.38,2,True
J6203100,DESENVOLVIMENTO LICENCIAMENTO PROG COMPUTADOR NAO-CUSTOMIZAVEIS,5,1009000.0,0,True
J6203100,DESENVOLVIMENTO LICENCIAMENTO PROG COMPUTADOR NAO-CUSTOMIZAVEIS  ,1,0.0,1,True
J6204000,CONSULTORIA EM TECNOLOGIA DA INFORMACAO,8,7030000.0,0,True
J6209100,SUPORTE TECNICO MANUTENCAO E OUTRO SERVICO TECNOLOGIA DA INFORMA,15,4760368.0,0,True
J6311900,TRATAMENTO DADOS PROVEDORE SERVICO APLICACAO SERV HOSP INTERNET,8,1388754.0,0,True
J6319400,PORTAL PROVEDORE CONTEUDO OUTROS SERVICOS INFORMACAO NA INTERNET,3,235000.0,0,True
J6391700,AGENCIAS DE NOTICIAS,1,150000.0,0,True
J6399200,OUTRAS ATIVIDADES PRESTACAO SERV INFORMACAO NAO ESPECI ANTERIOR,5,624901.0,0,True
K6424703,COOPERATIVAS DE CREDITO MUTUO,4,32600.0,0,False
K6424704,COOPERATIVAS DE CREDITO RURAL,1,10000.0,0,False
K6434400,AGENCIAS DE FOMENTO                                              ,3,46548451.46,0,False
K6462000,HOLDINGS DE INSTITUICOES NAO-FINANCEIRAS,2,1160200.0,0,False
K6550200,PLANOS DE SAUDE,2,3075000.0,0,False
K6622300,CORRETORE AGENTE SEGURO PLANO PREVIDENCIA COMPLEMENTAR E SAUDE,23,3350799.0,0,False
L6810201,COMPRA E VENDA DE IMOVEIS PROPRIOS,7,1800000.0,0,False
L6810202,ALUGUEL DE IMOVEIS PROPRIOS,4,1015000.0,0,False
L6810203,LOTEAMENTO DE IMOVEIS PROPRIOS,6,2015000.0,0,False
L6821800,"INTERMEDIACAO NA COMPRA, VENDA E ALUGUEL DE IMOVEIS",3,574080.0,0,False
L6821801,CORRETAGEM NA COMPRA E VENDA E AVALIACAO DE IMOVEIS,16,3057373.0,0,False
L6821802,CORRETAGEM NO ALUGUEL DE IMOVEIS,4,345200.0,0,False
L6822600,GESTAO E ADMINISTRACAO DA PROPRIEDADE IMOBILIARIA,9,17208222.0,0,False
L6822600,GESTAO E ADMINISTRACAO DA PROPRIEDADE IMOBILIARIA                ,5,141241973.53,0,False
M6911701,SERVICOS ADVOCATICIOS,11,1407000.0,0,False
M6920601,ATIVIDADES DE CONTABILIDADE,58,7213697.0,0,False
M7020400,ATIVI CONSULTORIA GESTAO EMPRESARIAL EXC CONSULT TECNICA ESPECIF,17,2434600.0,0,False
M7110000,SERVICOS DE ARQUITETURA E ENGENHARIA E ATIVIDADES TECNICAS RELACI,26,14851235.790000001,0,False
M7111100,SERVICOS DE ARQUITETURA,7,1032750.0,0,False
M7112000,SERVICOS DE ENGENHARIA,274,82477876.0,1,False
M7119701,"SERVICOS DE CARTOGRAFIA, TOPOGRAFIA E GEODESIA",6,1114181.0,0,False
M7119702,ATIVIDADES DE ESTUDOS GEOLOGICOS,3,959300.0,0,False
M7119703,SERVICOS DE DESENHO TECNICO RELACIONADO A ARQUITETURA ENGENHARIA,3,243400.0,0,False
M7119704,SERVICOS DE PERICIA TECNICA RELACIONADOS A SEGURANCA DO TRABALHO,4,134500.0,0,False
M7119799,ATV TEC RELACIONADA ENGENHARIA ARQUITETURA NAO ESPECI ANTERIOR,25,8829523.0,0,False
M7120100,TESTES E ANALISES TECNICAS,3,647800.0,0,False
M7210000,PESQUISA E DESENVOLVIMENTO EXPERIMENTAL CIENCIA FISICA E NATURAL,1,116000.0,0,True
M7220700,PESQUISA E DESENVOLVIMENTO EXPERIMENTAL CIENCIA SOCIAL E HUMANA,1,350000.0,0,True
M7220700,PESQUISA E DESENVOLVIMENTO EXPERIMENTAL CIENCIA SOCIAL E HUMANA  ,1,17250.0,0,True
M7310000,PUBLICIDADE,1,40242.0,0,False
M7311400,AGENCIAS DE PUBLICIDADE,10,2363400.0,0,False
M7312200,AGENCIAMENTO ESPACO P/PUBLICIDADE EXC EM VEICULOS DE COMUNICACAO,9,3216729.0,0,False
M7319002,PROMOCAO DE VENDAS,11,1930000.0,0,False
M7319003,MARKETING DIRETO,1,50000.0,0,False
M7319004,CONSULTORIA EM PUBLICIDADE,2,151000.0,0,False
M7319099,OUTRAS ATIVIDADES DE PUBLICIDADE NAO ESPECIFICADAS ANTERIORMENTE,1,112700.0,0,False
M7410202,DESIGN DE INTERIORES,4,392750.0,0,False
M7420001,"ATIVIDADES DE PRODUCAO DE FOTOGRAFIAS, EXCETO AEREA E SUBMARINA",3,610000.0,0,False
M7420003,LABORATORIOS FOTOGRAFICOS,2,175000.0,0,False
M7420004,FILMAGEM DE FESTAS E EVENTOS,3,363300.0,0,False
M7490102,ESCAFANDRIA E MERGULHO,3,622748.0,0,False
M7490103,SERV AGRONOMIA E CONSULTORIA ATIVIDADES AGRICOLAS E PECUARIAS,9,2352571.0,0,False
M7490103,SERV AGRONOMIA E CONSULTORIA ATIVIDADES AGRICOLAS E PECUARIAS    ,7,29632607.92,0,False
M7490104,ATIV INTERMEDIACAO AGENCIAMENTO SERV NEGOCIO EM GERAL EXC IMOBIL,4,607703.0,0,False
M7490105,AGENCIAMENTO PROFISSIONAIS P/ATIVIDADE ESPORTIVA CULT ARTISTICA,3,777512.0,0,False
M7490199,OUTRA ATIV PROFISSIONAL CIENTIFICA TECNICA NAO ESPECI ANTERIOR,6,1737700.0,0,False
M7500100,ATIVIDADES VETERINARIAS,11,8425000.0,0,False
N7700000,ALUGUEIS NAO-IMOBILIARIOS E GESTAO DE ATIVOS INTANGIVEIS NAO-FINA,3,287267.0,0,False
N7711000,LOCACAO DE AUTOMOVEIS SEM CONDUTOR,235,54420865.0,0,False
N7719599,LOCACAO OUTROS MEIOS TRANS NAO ESPECI ANTERIORMENTE SEM CONDUTOR,129,57279953.0,0,False
N7721700,ALUGUEL DE EQUIPAMENTOS RECREATIVOS E ESPORTIVOS,1,110000.0,0,False
N7723300,"ALUGUEL DE OBJETOS DO VESTUARIO, JOIAS E ACESSORIOS",7,618512.0,0,False
N7729200,ALUGUEL OBJETO PESSOAL E DOMESTICO NAO ESPECI ANTERIORMENTE,3,176891.0,0,False
N7729201,ALUGUEL DE APARELHOS DE JOGOS ELETRONICOS,1,81600.0,0,False
N7729202,ALUGUEL MOVEL UTENSI APAR USO DOMESTICO PESSOAL INSTRUM MUSCAL,16,1371611.0,0,False
N7730000,ALUGUEL DE MAQUINAS E EQUIPAMENTOS SEM OPERADOR,7,1712987.0,0,False
N7731400,ALUGUEL DE MAQUINAS E EQUIPAMENTOS AGRICOLAS SEM OPERADOR,118,33143064.0,2,False
N7732200,ALUGUEL DE MAQUINAS E EQUIPAMENTOS PARA CONSTRUCAO SEM OPERADOR,41,8969108.0,0,False
N7732201,"ALUGUEL DE MAQ EQUIP P/CONSTRUCAO SEM OPERADOR, EXCETO ANDAIMES",999,284537584.0,36,False
N7732202,ALUGUEL DE ANDAIMES,20,2215380.0,0,False
N7733100,ALUGUEL DE MAQUINAS E EQUIPAMENTOS PARA ESCRITORIO,15,2895200.0,0,False
N7739000,ALUGUEL DE MAQUINA  EQUIPAMENTO NAO ESPECIFICADOS ANTERIORMENTE,84,24039137.0,0,False
N7739001,"ALUGUEL MAQ EQUIP P/EXTRACAO DE MINERIO E PETROLEO, SEM OPERADOR",6,1301000.0,0,False
N7739003,ALUGUEL PALCO COBERTURA OUTR ESTRUTURA USO TEMPORARIO EX ANDAIME,24,4040622.0,0,False
N7739099,ALUGUEL OUTRA MAQ EQUIP COMAL INDAL NAO ESPECI ANTERIOR S/OPERAD,318,137760809.0,3,False
N7740300,GESTAO DE ATIVOS INTANGIVEIS NAO-FINANCEIROS,1,50000.0,0,False
N7800000,"SELECAO, AGENCIAMENTO E LOCACAO DE MAO-DE-OBRA",2,790100.0,0,False
N7810800,SELECAO E AGENCIAMENTO DE MAO-DE-OBRA,4,3044000.0,0,False
N7820500,LOCACAO DE MAO-DE-OBRA TEMPORARIA,6,1199700.0,0,False
N7830200,FORNECIMENTO E GESTAO DE RECURSOS HUMANOS PARA TERCEIROS,3,2019153.0,1,False
N7910000,AGENCIAS DE VIAGENS E OPERADORES TURISTICOS,41,4529805.0,0,False
N7911200,AGENCIAS DE VIAGENS,147,39930532.0,0,False
N7912100,OPERADORES TURISTICOS,37,13972045.0,0,False
N7990200,SERVICO RESERVA E OUTRO SERVICO DE TURISMO NAO ESPECI ANTERIOR,4,644300.0,0,False
N8000000,"ATIVIDADES DE VIGILANCIA, SEGURANCA E INVESTIGACAO",2,142321.0,0,False
N8011101,ATIVIDADES DE VIGILANCIA E SEGURANCA PRIVADA,9,3823300.0,0,False
N8012900,ATIVIDADES DE TRANSPORTE DE VALORES,52,16490032.0,0,False
N8020001,ATIVIDADES DE MONITORAMENTO DE SISTEMAS DE SEGURANCA ELETRONICO,2,331096.0,0,False
N8111700,SERV COMBINADOS PARA APOIO A EDIFICIO EXC CONDOMINIOS PREDIAIS,3,430000.0,0,False
N8112500,CONDOMINIOS PREDIAIS,1,82896.0,0,False
N8120000,ATIVIDADES DE LIMPEZA,1,590721.0,0,False
N8121400,LIMPEZA EM PREDIOS E EM DOMICILIOS,30,4552184.0,0,False
N8122200,IMUNIZACAO E CONTROLE DE PRAGAS URBANAS,9,1004900.0,0,False
N8129000,ATIVIDADES DE LIMPEZA NAO ESPECIFICADAS ANTERIORMENTE,52,8923340.0,0,False
N8130300,ATIVIDADES PAISAGISTICAS,10,903784.0,0,False
N8200000,SERV ESCRITORIO DE APOIO ADM E OUTROS SERVICOS PRESTADOS AS EMPRE,98,26355727.0,0,False
N8211300,SERVICOS COMBINADOS DE ESCRITORIO E APOIO ADMINISTRATIVO,41,11630346.0,0,False
N8219901,FOTOCOPIAS,6,372960.0,0,False
N8219999,PREPARACAO DOC SERVICO ESPECIALIZ APOIO ADM NAO ESPECI ANTERIOR,19,11288885.0,1,False
N8220200,ATIVIDADES DE TELEATENDIMENTO,7,7618943.0,0,False
N8230001,"SERVICOS DE ORGANIZACAO DE FEIRAS, CONGRESSOS, EXPOSICAO E FESTA",64,7830062.0,0,False
N8230002,CASAS DE FESTAS E EVENTOS,4,1216046.0,0,False
N8291100,ATIVIDADES DE COBRANCA E INFORMACOES CADASTRAIS,9,2537578.0,1,False
N8292000,ENVASAMENTO E EMPACOTAMENTO SOB CONTRATO,8,1502000.0,0,False
N8299701,"MEDICAO DE CONSUMO DE ENERGIA ELETRICA, GAS E AGUA",32,13485780.0,0,False
N8299707,SALAS DE ACESSO A INTERNET,2,226000.0,0,False
N8299799,OUTRA ATIVIDADE SERV PREST PRINCI A EMPRESA NAO ESPECI ANTERIOR,45,10468216.0,0,False
N8299799,OUTRA ATIVIDADE SERV PREST PRINCI A EMPRESA NAO ESPECI ANTERIOR  ,1,574026.49,1,False
O8411600,ADMINISTRACAO PUBLICA EM GERAL,7,27895132.0,0,False
O8411600,ADMINISTRACAO PUBLICA EM GERAL                                   ,19,2735709023.2,0,False
P8500000,EDUCACAO,1,442773.0,0,False
P8511200,EDUCACAO INFANTIL - CRECHE,2,106000.0,0,False
P8512100,EDUCACAO INFANTIL - PRE-ESCOLA,17,3091655.0,0,False
P8513900,ENSINO FUNDAMENTAL,53,34432221.0,0,False
P8513900,ENSINO FUNDAMENTAL                                               ,1,5118000.0,0,False
P8520100,ENSINO MEDIO,15,5667694.0,0,False
P8531700,EDUCACAO SUPERIOR - GRADUACAO,15,17214585.0,0,True
P8532500,EDUCACAO SUPERIOR - GRADUACAO E POS-GRADUACAO,6,8892000.0,0,True
P8541400,EDUCACAO PROFISSIONAL DE NIVEL TECNICO,6,650019.0,0,False
P8541400,EDUCACAO PROFISSIONAL DE NIVEL TECNICO                           ,7,127333939.97999999,2,False
P8542200,EDUCACAO PROFISSIONAL DE NIVEL TECNOLOGICO,1,110000.0,0,False
P8550302,"ATIVIDADES DE APOIO A EDUCACAO, EXCETO CAIXAS ESCOLARES",2,393900.0,0,False
P8550302,"ATIVIDADES DE APOIO A EDUCACAO, EXCETO CAIXAS ESCOLARES          ",1,106206.79,0,False
P8590000,OUTRAS ATIVIDADES DE ENSINO,1,26974.0,0,False
P8591100,ENSINO DE ESPORTES,2,251945.0,0,False
P8593700,ENSINO DE IDIOMAS,10,1127557.0,0,False
P8599600,ATIVIDADES DE ENSINO NAO ESPECIFICADAS ANTERIORMENTE             ,2,531546.1799999999,0,False
P8599601,FORMACAO DE CONDUTORES,55,7369480.0,0,False
P8599604,TREINAMENTO EM DESENVOLVIMENTO PROFISSIONAL E GERENCIAL,8,718993.0,0,False
P8599605,CURSOS PREPARATORIOS PARA CONCURSOS,2,135000.0,0,False
P8599699,OUTRAS ATIVIDADES DE ENSINO NAO ESPECIFICADAS ANTERIORMENTE,7,750111.0,0,False
P8599699,OUTRAS ATIVIDADES DE ENSINO NAO ESPECIFICADAS ANTERIORMENTE      ,3,32059000.0,2,False
Q8610100,ATIVIDADES DE ATENDIMENTO HOSPITALAR,2,10116.0,0,False
Q8610100,ATIVIDADES DE ATENDIMENTO HOSPITALAR                             ,1,2242701.39,0,False
Q8610101,ATIV ATEND HOSPITALAR EX PRONTO-SOCORRO E UNID P/ATEND URGENCIA,168,171333677.0,0,False
Q8610101,ATIV ATEND HOSPITALAR EX PRONTO-SOCORRO E UNID P/ATEND URGENCIA  ,12,207835484.87,0,False
Q8610102,ATIV ATEND PRONTO-SOCORRO UNIDADE HOSPIT P/ATEND A URGENCIAS,21,25015983.0,0,False
Q8621601,UTI MOVEL,3,568700.0,0,False
Q8622400,SERVI REMOCAO PACIENTE EXC SERVICO MOVEL ATENDIMENTO A URGENCIAS,2,102000.0,0,False
Q8630500,ATIV ATENCAO AMBULATORIAL EXECUTADAS POR MEDICOS E ODONTOLOGOS,5,632898.0,0,False
Q8630501,ATIVIDADE MEDICA AMBULATORIAL COM RECURSOS PARA REALIZACAO DE PRO,25,9032118.0,0,False
Q8630502,ATIVIDADE MEDICA AMBULATORIAL COM RECURSOS PARA REALIZACAO DE EXA,37,12619884.0,0,False
Q8630503,ATIVIDADE MEDICA AMBULATORIAL RESTRITA A CONSULTAS,64,23685597.0,0,False
Q8630504,ATIVIDADE ODONTOLOGICA,36,4674545.0,0,False
Q8630599,ATIVIDADE DE ATENCAO AMBULATORIAL NAO ESPECIFICADA ANTERIORMENTE,4,601000.0,0,False
Q8640200,ATIVIDADE DE SERVICO DE COMPLEMENTACAO DIAGNOSTICA E TERAPEUTICA,7,1382593.0,0,False
Q8640201,LABORATORIOS DE ANATOMIA PATOLOGICA E CITOLOGICA,1,328000.0,0,False
Q8640202,LABORATORIOS CLINICOS,50,18719603.0,0,False
Q8640203,SERVICOS DE DIALISE E NEFROLOGIA,2,5346739.0,0,False
Q8640204,SERVICOS DE TOMOGRAFIA,8,2976005.0,0,False
Q8640205,SERV DIAGNOSTICO P/IMAGEM C/USO RADIACAO IONIZANTE EX TOMOGRAFIA,21,20156076.0,0,False
Q8640206,SERVICOS DE RESSONANCIA MAGNETICA,9,11287366.0,0,False
Q8640207,SERVI DIAG P/IMAGEM S/USO RADIACAO IONIZANTE EX RESSONAN MAGNT,4,3011478.0,0,False
Q8640299,ATIVI SERV COMPLEM DIAGNOSTICA TERAPEUTICA NAO ESPECI ANTERIOR,11,7852457.0,0,False
Q8650000,"ATIVI PROFISSIONAIS DA AREA DE SAUDE, EX MEDICOS E ODONTOLOGOS",6,1021864.0,0,False
Q8650002,ATIVIDADES DE PROFISSIONAIS DA NUTRICAO,1,220000.0,0,False
Q8650003,ATIVIDADES DE PSICOLOGIA E PSICANALISE,5,1470000.0,0,False
Q8650004,ATIVIDADES DE FISIOTERAPIA,20,8585841.0,0,False
Q8650005,ATIVIDADES DE TERAPIA OCUPACIONAL,1,150000.0,0,False
Q8650006,ATIVIDADES DE FONOAUDIOLOGIA,1,500000.0,0,False
Q8650099,ATIVI PROFISSIONAIS AREA DE SAUDE NAO ESPECIFICADA ANTERIORMENTE,9,1583355.0,0,False
Q8660700,ATIVIDADES DE APOIO A GESTAO DE SAUDE,51,29689261.0,0,False
Q8660700,ATIVIDADES DE APOIO A GESTAO DE SAUDE                            ,1,1930000.0,1,False
Q8690900,ATIVI ATENCAO A SAUDE HUMANA NAO ESPECIFICADAS ANTERIORMENTE,3,165310.0,0,False
Q8690901,ATIVI DE PRATICAS INTEGRATIVAS E COMPLEMENTARES EM SAUDE HUMANA,1,300000.0,0,False
Q8690999,OUTRA ATIV ATENCAO A SAUDE HUMANA NAO ESPECIFICADA ANTERIORMENTE,7,7274753.0,0,False
Q8700000,ATIV ATENCAO A SAUDE HUMANA INTEGR C/ASSIST SOC PREST RESID COL E,5,2837105.54,0,False
Q8711500,ATV ASSIST IDOSO DEF FIS IMUNODEPRI CONVAL PREST RESID COL PART,1,289305.0,0,False
Q8712300,ATIVI FORNECI INFRA-ESTRUTURA APOIO ASSIST PACIENTE NO DOMICILIO,5,2245000.0,0,False
Q8720400,ATV ASSIS PSCOSSOCAL SAUD PORT DSTBIOS PSIQUI DEF MNTAL DEP QUIM,1,173663.0,0,False
Q8720401,ATIVIDADES DE CENTROS DE ASSISTENCIA PSICOSSOCIAL,3,336065.0,0,False
Q8720499,ATV ASSTC SUDE PORT DSTBIO PSIQUI DEF MNTAL DEP QUIM NAO ESP ANT,3,6482719.0,0,False
Q8730199,ATIVI ASSISTENCIA SOCIAL PREST RES COL PART NAO ESPECI ANTERIOR,1,10000000.0,0,False
R9001900,"ARTES CENICAS, ESPETACULOS E ATIVIDADES COMPLEMENTARES",2,637873.0,0,False
R9001902,PRODUCAO MUSICAL,15,2984853.0,0,False
R9001903,PRODUCAO DE ESPETACULOS DE DANCA,1,240000.0,0,False
R9001905,"PRODUCAO DE ESPETACULOS DE RODEIOS, VAQUEJADAS E SIMILARES",1,67500.0,0,False
R9001906,ATIVIDADES DE SONORIZACAO E DE ILUMINACAO,24,3618692.0,0,False
R9001999,ARTE CENICA ESPETAC ATIVI COMPLEMENTARES NAO ESPECI ANTERIOR,5,1498000.0,0,False
R9101500,ATIVIDADES DE BIBLIOTECAS E ARQUIVOS,2,3095000.0,0,False
R9101500,ATIVIDADES DE BIBLIOTECAS E ARQUIVOS                             ,8,1281953.58,0,False
R9102300,ATV MUSEUS EXPLOR REST ART CONSERV LUGAR PRED HIST ATRCAO SIMIL  ,10,4721165.62,0,False
R9102301,ATIVI MUSEUS E EXPLORACAO LUGAR PRED HISTORICO ATRACAO SIMILAR   ,2,1285141.0,0,False
R9102302,RESTAURACAO E CONSERVACAO DE LUGARES E PREDIOS HISTORICOS        ,10,43103219.82,0,False
R9311500,GESTAO DE INSTALACOES DE ESPORTES                                ,1,323628999.97,0,False
R9313100,ATIVIDADES DE CONDICIONAMENTO FISICO,35,12100256.0,0,False
R9319100,ATIVIDADES ESPORTIVAS NAO ESPECIFICADAS ANTERIORMENTE,1,422314.0,0,False
R9319101,PRODUCAO E PROMOCAO DE EVENTOS ESPORTIVOS,2,175000.0,0,False
R9321200,PARQUES DE DIVERSAO E PARQUES TEMATICOS,3,1032800.0,0,False
R9329800,ATIVIDADES DE RECREACAO E LAZER NAO ESPECIFICADAS ANTERIORMENTE,2,307266.0,0,False
R9329899,OUTRA ATIV DE RECREACAO E LAZER NAO ESPECIFICADAS ANTERIORMENTE,2,230000.0,0,False
S9412099,OUTRAS ATIVIDADES ASSOCIATIVAS PROFISSIONAIS,1,100000.0,0,False
S9430800,ATIVIDADES DE ASSOCIACOES DE DEFESA DE DIREITOS SOCIAIS,6,2604192.0,1,False
S9491000,ATIVIDADES DE ORGANIZACOES RELIGIOSAS OU FILOSOFICAS,2,10000000.0,0,False
S9499500,ATIVIDADES ASSOCIATIVAS NAO ESPECIFICADAS ANTERIORMENTE,6,1500000.0,0,False
S9511800,REPARACAO MANUTENCAO DE COMPUTADORE E DE EQUIPAMENTO PERIFERICO,20,3160727.0,0,False
S9512600,REPARACAO E MANUTENCAO DE EQUIPAMENTOS DE COMUNICACAO,2,240000.0,0,False
S9521500,REPARACAO E MANUTENCAO DE EQUIPAMENTOS ELETROELETRONICOS DE USO P,29,2075011.0,0,False
S9529102,CHAVEIROS,1,50000.0,0,False
S9529104,"REPARACAO DE BICICLETAS, TRICICLOS E OUTROS VEICULOS NAO-MOTORIZA",2,200000.0,0,False
S9529105,REPARACAO DE ARTIGOS DO MOBILIARIO,1,230000.0,0,False
S9529199,REPRACAO MANUT OUTROS OBJ EQUIP PESS DOMEST NAO ESPECI ANTERIOR,1,100000.0,0,False
S9601701,LAVANDERIAS,12,1433879.0,0,False
S9601703,TOALHEIROS,1,470360.0,0,False
S9602500,CABELEIREIROS E OUTRAS ATIVIDADES DE TRATAMENTO DE BELEZA,2,27533.0,0,False
S9602501,"CABELEIREIROS, MANICURE E PEDICURE",20,1706339.0,0,False
S9602502,ATIVIDADES DE ESTETICA E OUTROS SERVICOS DE CUIDADOS COM A BELEZA,11,1195000.0,0,False
S9603304,SERVICOS DE FUNERARIAS,9,1604646.0,0,False
S9603399,ATIV FUNERARIA SERV RELACIONADO NAO ESPECIFICADOS ANTERIORMENTE,1,343200.0,0,False
S9609200,ATIVIDADES DE SERVICOS PESSOAIS NAO ESPECIFICADAS ANTERIORMENTE,1,9237.0,0,False
S9609208,HIGIENE E EMBELEZAMENTO DE ANIMAIS DOMESTICOS,2,310000.0,0,False
S9609299,OUTRAS ATIVIDADES DE SERVICOS PESSOAIS NAO ESPECIFICADAS ANTERIOR,8,1120400.0,0,False
