base,produto,instrumento_financeiro,inovacao,n,desembolsado
nao_automaticas,BNDES FINEM,PSI - Proengenharia,SIM,1,151533000.0
nao_automaticas,BNDES FINEM,BNDES PROENGENHARIA,SIM,1,138009164.31
indiretas_automaticas,BNDES FINAME,PROGRAMA BNDES MAIS INOVAÇÃO,SIM,244,130950999.0
nao_automaticas,BNDES FINEM,ENGENHARIA AUTOMOTIVA,SIM,1,78169141.21
nao_automaticas,BNDES LIMITE DE CRÉDITO,BNDES PROENGENHARIA,SIM,1,77072667.69
nao_automaticas,BNDES FINEM,OUTROS,SIM,7,42137990.95
nao_automaticas,BNDES FINEM,BNDES QUALIFICAÇÃO,SIM,2,40455658.83
nao_automaticas,BNDES LIMITE DE CRÉDITO,INDÚSTRIA E SERVIÇOS DIFUSORES DE TECNOLOGIA,NÃO,1,40157000.0
nao_automaticas,BNDES FINEM,PROGRAMA BNDES FUST,NÃO,2,30000000.0
nao_automaticas,BNDES LIMITE DE CRÉDITO,BNDES PRODESIGN,SIM,2,20003861.3
nao_automaticas,BNDES FINEM,PSI - Inovação,SIM,2,18989676.0
nao_automaticas,BNDES LIMITE DE CRÉDITO,PSI - Inovação,SIM,1,18303000.0
nao_automaticas,BNDES FINEM,BNDES FUNTTEL,SIM,6,15000000.0
nao_automaticas,BNDES FINEM,BNDES INOVAÇÃO,SIM,1,13559000.0
indiretas_automaticas,BNDES AUTOMÁTICO,PROGRAMA BNDES FUST AUTOMÁTICO,NÃO,7,10680990.0
nao_automaticas,BNDES FINEM,INOVAÇÃO,SIM,1,8981000.0
indiretas_automaticas,BNDES FINAME,BK AQUISIÇÃO E COMERCIALIZAÇÃO – MÁQUINAS 4.0,SIM,22,6572073.0
nao_automaticas,BNDES FINEM,BNDES PROSOFT,SIM,3,2768823.87
indiretas_automaticas,BNDES AUTOMÁTICO,BNDES PROSOFT,NÃO,1,2468950.0
nao_automaticas,BNDES NÃO REEMBOLSÁVEL,FUNTEC,SIM,1,1930000.0
indiretas_automaticas,BNDES FINAME,PROGRAMA BNDES FUST AUTOMÁTICO,NÃO,2,1175341.0
indiretas_automaticas,BNDES AUTOMÁTICO,PSI - Inovação,SIM,1,1000000.0
indiretas_automaticas,BNDES FINAME,PSI - BK - Tecnologia Nacional,SIM,1,919578.0
indiretas_automaticas,BNDES FINAME,INOVAGRO,SIM,1,339000.0
indiretas_automaticas,BNDES FINAME,BNDES FINAME FUNTTEL,NÃO,1,0.0
nao_automaticas,BNDES FINEM,PROGRAMA BNDES MAIS INOVAÇÃO,SIM,1,0.0
