conta,municipios,liquidado_BA,funcao,subfuncao,relacao_cti,justificativa
Despesas Exceto Intraorçamentárias,414,78163221958.36,,,Não,
Despesas Intraorçamentárias,20,844450109.1,,,Não,
01 - Legislativa,413,2105864720.78,01,,Não,
FU01 - Demais Subfunções,13,20090037.98,01,,Não,
01.031 - Ação Legislativa,398,2049239191.54,01,031,Não,
01.032 - Controle Externo,5,15443476.030000001,01,032,Não,
01.122 - Administração Geral,11,21092015.23,01,122,Não,
02 - Judiciária,118,146625099.59,02,,Não,
FU02 - Demais Subfunções,20,25658540.209999997,02,,Não,
02.061 - Ação Judiciária,44,21522715.62,02,061,Não,
02.062 - Defesa do Interesse Público no Processo Judiciário,30,20276411.380000003,02,062,Não,
02.122 - Administração Geral,27,79167432.38,02,122,Não,
03 - Essencial à Justiça,29,19574299.98,03,,Não,
FU03 - Demais Subfunções,6,5009884.59,03,,Não,
03.091 - Defesa da Ordem Jurídica,8,8983754.46,03,091,Não,
03.092 - Representação Judicial e Extrajudicial,12,2780983.26,03,092,Não,
03.122 - Administração Geral,4,2799677.67,03,122,Não,
04 - Administração,414,7242359937.65,04,,Não,
FU04 - Demais Subfunções,153,289249469.08,04,,Não,
04.121 - Planejamento e Orçamento,49,60372549.08,04,121,Não,
04.122 - Administração Geral,409,6135214122.0,04,122,Não,
04.123 - Administração Financeira,257,510397978.69,04,123,Não,
04.124 - Controle Interno,221,66475550.05,04,124,Não,
04.125 - Normatização e Fiscalização,27,5086212.39,04,125,Não,
04.126 - Tecnologia da Informação,39,99096550.81,04,126,Auxiliar,Tecnologia da Informação (TI do próprio ente — não é fomento)
04.127 - Ordenamento Territorial,5,7043306.45,04,127,Não,
04.128 - Formação de Recursos Humanos,31,2263805.92,04,128,Não,
04.129 - Administração de Receitas,28,21443146.72,04,129,Não,
04.130 - Administração de Concessões,4,484192.0,04,130,Não,
04.131 - Comunicação Social,102,45233054.46,04,131,Não,
06 - Segurança Pública,158,343603141.71,06,,Não,
FU06 - Demais Subfunções,9,2795445.52,06,,Não,
06.122 - Administração Geral,24,193878092.75,06,122,Não,
06.181 - Policiamento,113,120082672.7,06,181,Não,
06.182 - Defesa Civil,38,25348424.46,06,182,Não,
06.183 - Informação e Inteligência,2,1498506.28,06,183,Não,
08 - Assistência Social,414,2068609540.41,08,,Não,
FU08 - Demais Subfunções,101,106959123.32,08,,Não,
08.122 - Administração Geral,319,703340968.88,08,122,Não,
08.241 - Assistência ao Idoso,28,14333785.02,08,241,Não,
08.242 - Assistência à Pessoa com Deficiência,14,8581715.620000001,08,242,Não,
08.243 - Assistência à Criança e ao Adolescente,326,160096739.76,08,243,Não,
08.244 - Assistência Comunitária,407,1075297207.81,08,244,Não,
09 - Previdência Social,64,1571313048.99,09,,Não,
FU09 - Demais Subfunções,6,9522035.530000001,09,,Não,
09.122 - Administração Geral,17,65565482.85,09,122,Não,
09.271 - Previdência Básica,35,188645438.82999998,09,271,Não,
09.272 - Previdência do Regime Estatutário,25,1235436657.47,09,272,Não,
09.274 - Previdência Especial,4,72143434.31,09,274,Não,
10 - Saúde,414,17486597573.89,10,,Não,
FU10 - Demais Subfunções,76,258347980.18,10,,Não,
10.122 - Administração Geral,343,3376919821.21,10,122,Não,
10.301 - Atenção Básica,409,6038969683.5,10,301,Não,
10.302 - Assistência Hospitalar e Ambulatorial,390,6791449376.83,10,302,Não,
10.303 - Suporte Profilático e Terapêutico,291,297676072.07,10,303,Não,
10.304 - Vigilância Sanitária,249,180914936.44,10,304,Não,
10.305 - Vigilância Epidemiológica,296,539462787.33,10,305,Não,
10.306 - Alimentação e Nutrição,6,2856916.33,10,306,Não,
11 - Trabalho,31,58140095.53,11,,Não,
FU11 - Demais Subfunções,1,439071.59,11,,Não,
11.122 - Administração Geral,6,20641741.29,11,122,Não,
11.331 - Proteção e Benefícios ao Trabalhador,6,4162495.84,11,331,Não,
11.333 - Empregabilidade,4,2838223.61,11,333,Não,
11.334 - Fomento ao Trabalho,18,30058563.2,11,334,Não,
12 - Educação,413,26955054508.72,12,,Não,
FU12 - Demais Subfunções,288,1281670354.9,12,,Não,
12.122 - Administração Geral,292,1716822879.07,12,122,Não,
12.361 - Ensino Fundamental,404,18147321249.34,12,361,Não,
12.362 - Ensino Médio,49,13405307.309999999,12,362,Não,
12.363 - Ensino Profissional,8,1348459.25,12,363,Auxiliar,Ensino Profissional
12.364 - Ensino Superior,75,47338725.58,12,364,Auxiliar,Ensino Superior
12.365 - Educação Infantil,396,4467934233.12,12,365,Não,
12.366 - Educação de Jovens e Adultos,193,225528253.95000002,12,366,Não,
12.367 - Educação Especial,108,103277302.33,12,367,Não,
12.368 - Educação Básica,146,950407743.87,12,368,Não,
13 - Cultura,410,1599013823.07,13,,Não,
FU13 - Demais Subfunções,32,97389203.39,13,,Não,
13.122 - Administração Geral,140,117426925.68,13,122,Não,
"13.391 - Patrimônio Histórico, Artístico e Arqueológico",22,28728946.55,13,391,Não,
13.392 - Difusão Cultural,395,1355468747.45,13,392,Não,
14 - Direitos da Cidadania,41,66319529.26,14,,Não,
FU14 - Demais Subfunções,14,15072616.08,14,,Não,
14.122 - Administração Geral,18,43143056.44,14,122,Não,
"14.422 - Direitos Individuais, Coletivos e Difusos",18,7681563.180000001,14,422,Não,
14.423 - Assistência aos Povos Indígenas,1,422293.56,14,423,Não,
15 - Urbanismo,412,10664161962.460001,15,,Não,
FU15 - Demais Subfunções,81,178364078.84,15,,Não,
15.122 - Administração Geral,203,1956285887.97,15,122,Não,
15.451 - Infraestrutura Urbana,388,5109413470.63,15,451,Não,
15.452 - Serviços Urbanos,339,3282320258.57,15,452,Não,
15.453 - Transportes Coletivos Urbanos,7,137778266.45000002,15,453,Não,
16 - Habitação,53,176734598.82,16,,Não,
FU16 - Demais Subfunções,11,14190233.8,16,,Não,
16.122 - Administração Geral,10,28944893.99,16,122,Não,
16.481 - Habitação Rural,2,127545.98999999999,16,481,Não,
16.482 - Habitação Urbana,39,133471925.03999999,16,482,Não,
17 - Saneamento,231,1211405663.28,17,,Não,
FU17 - Demais Subfunções,47,85829731.94,17,,Não,
17.122 - Administração Geral,20,92576136.94,17,122,Não,
17.511 - Saneamento Básico Rural,23,8545088.77,17,511,Não,
17.512 - Saneamento Básico Urbano,199,1024454705.63,17,512,Não,
18 - Gestão Ambiental,236,264370477.42,18,,Não,
FU18 - Demais Subfunções,19,14820660.809999999,18,,Não,
18.122 - Administração Geral,91,92601780.02,18,122,Não,
18.541 - Preservação e Conservação Ambiental,118,95360073.41,18,541,Não,
18.542 - Controle Ambiental,55,53026429.86,18,542,Não,
18.543 - Recuperação de Áreas Degradadas,8,1872235.07,18,543,Não,
18.544 - Recursos Hídricos,10,6689298.25,18,544,Não,
19 - Ciência e Tecnologia,8,126489515.94000001,19,,Principal,Função 19 — Ciência e Tecnologia
FU19 - Demais Subfunções,3,21302191.88,19,,Principal,Função 19 — Ciência e Tecnologia
19.122 - Administração Geral,3,55043866.16,19,122,Principal,Função 19 — Ciência e Tecnologia
19.572 - Desenvolvimento Tecnológico e Engenharia,1,49797583.83,19,572,Principal,Função 19 — Ciência e Tecnologia
19.573 - Difusão do Conhecimento Científico e Tecnológico,3,345874.07,19,573,Principal,Função 19 — Ciência e Tecnologia
20 - Agricultura,362,430403997.92,20,,Não,
FU20 - Demais Subfunções,66,35391821.79,20,,Não,
20.122 - Administração Geral,208,192778104.85,20,122,Não,
20.605 - Abastecimento,87,63547233.33,20,605,Não,
20.606 - Extensão Rural,69,69920221.34,20,606,Não,
20.607 - Irrigação,11,3456288.87,20,607,Não,
20.608 - Promoção da Produção Agropecuária,117,59781600.02,20,608,Não,
20.609 - Defesa Agropecuária,17,5528727.72,20,609,Não,
21 - Organização Agrária,2,784834.65,21,,Não,
FU21 - Demais Subfunções,2,784834.65,21,,Não,
22 - Indústria,15,41569051.6,22,,Não,
FU22 - Demais Subfunções,2,8827966.15,22,,Não,
22.122 - Administração Geral,4,30732068.34,22,122,Não,
22.661 - Promoção Industrial,5,1496913.33,22,661,Não,
22.662 - Produção Industrial,2,61533.130000000005,22,662,Não,
22.663 - Mineração,2,169796.0,22,663,Não,
22.664 - Propriedade Industrial,1,280774.65,22,664,Não,
23 - Comércio e Serviços,98,512044947.10999995,23,,Não,
FU23 - Demais Subfunções,17,27652590.66,23,,Não,
23.122 - Administração Geral,35,100491829.03999999,23,122,Não,
23.691 - Promoção Comercial,24,39853258.019999996,23,691,Não,
23.692 - Comercialização,13,4525433.36,23,692,Não,
23.695 - Turismo,42,339521836.03,23,695,Não,
24 - Comunicações,17,124610283.14,24,,Auxiliar,Função 24 — Comunicações
FU24 - Demais Subfunções,9,80658503.41,24,,Auxiliar,Função 24 — Comunicações
24.122 - Administração Geral,5,43478743.129999995,24,122,Auxiliar,Função 24 — Comunicações
24.722 - Telecomunicações,5,473036.60000000003,24,722,Auxiliar,Função 24 — Comunicações
25 - Energia,131,148948617.24,25,,Não,
FU25 - Demais Subfunções,8,13227376.46,25,,Não,
25.122 - Administração Geral,2,2052951.72,25,122,Não,
25.751 - Conservação de Energia,10,23847363.89,25,751,Não,
25.752 - Energia Elétrica,114,109820925.17,25,752,Não,
26 - Transporte,246,958501932.9300001,26,,Não,
FU26 - Demais Subfunções,43,362789871.58,26,,Não,
26.122 - Administração Geral,66,144458365.53,26,122,Não,
26.781 - Transporte Aéreo,1,633680.85,26,781,Não,
26.782 - Transporte Rodoviário,188,448282233.09,26,782,Não,
26.783 - Transporte Ferroviário,2,1933061.56,26,783,Não,
26.785 - Transportes Especiais,1,404720.32,26,785,Não,
27 - Desporto e Lazer,352,448580224.36,27,,Não,
FU27 - Demais Subfunções,27,17476438.19,27,,Não,
27.122 - Administração Geral,90,53675319.58,27,122,Não,
27.811 - Desporto de Rendimento,13,5695638.8100000005,27,811,Não,
27.812 - Desporto Comunitário,292,308420662.40000004,27,812,Não,
27.813 - Lazer,72,63312165.38,27,813,Não,
28 - Encargos Especiais,378,3391540531.91,28,,Não,
FU28 - Demais Subfunções,35,100847979.98,28,,Não,
28.841 - Refinanciamento da Dívida Interna,15,101604265.8,28,841,Não,
28.843 - Serviço da Dívida Interna,236,1944052535.99,28,843,Não,
28.844 - Serviço da Dívida Externa,2,61061384.21,28,844,Não,
28.845 - Outras Transferências,27,6549682.76,28,845,Não,
28.846 - Outros Encargos Especiais,277,1177424683.17,28,846,Não,
